recommendation,reason,lqa_sheet,main_sheet,column,key,lqa_row,main_row,Japanese_Steam,main_value,lqa_value
APPLY,More literal/natural term: re-education -> brainwashing.,Akiho,Akiho,English_Steam,Akiho.Fallen1-11,23,23,「お前を教育して戦わせたところで大した戦力にはならねえからな」,"""Even if we re-educated you to fight, you wouldn't be much of a fighting force.""","""Even if we brainwashed you to fight, you wouldn't be much of a fighting force."""
APPLY,More literal/natural term: re-education -> brainwashing.,Rikka,Rikka,English_Steam,Rikka.Fallen2-51,297,297,「私達を欺くために嘘をついているだけかもしれませんから。今から教育調整を行います」,"""You might just be lying to deceive us. You'll have to be re-educated now.""","""You might just be lying to deceive us. You'll have to be brainwashed now."""
APPLY,More literal/natural term: re-education -> brainwashing.,Rikka,Rikka,English_Steam,Rikka.Fallen2-59,313,313,そして六花の頭がヘルメットのような教育装置で覆われる,Rikka's head was covered with a helmet-like re-educating device.,Rikka's head was covered with a helmet-like brainwashing device.
APPLY,More literal/natural term: re-education -> brainwashing.,Rikka,Rikka,English_Steam,Rikka.Fallen2-61,317,317,「これより教育手術および強化手術を開始します。聖核戦姫としての水無瀬六花はこれで終わりです」,"""We'll now begin the re-educating and enhancement surgery. This is the end of Rikka Minase as a Holy Core Battlemaiden.""","""We'll now begin the brainwashing and enhancement surgery. This is the end of Rikka Minase as a Holy Core Battlemaiden."""
APPLY,More literal/natural term: re-education -> brainwashing.,Rikka,Rikka,English_Steam,Rikka.Fallen2-62,319,319,(っ、諦めたらだめっ！、教育に耐えられればまだ道はあるはずっ！),"(I can't give up! If I can endure the re-educating, there will be another way!)","(I can't give up! If I can endure the brainwashing, there will be another way!)"
APPLY,More literal/natural term: re-education -> brainwashing.,Rikka,Rikka,English_Steam,Rikka.Fallen2-63,321,321,教育装置が赤い光を放ち、マスクの中で六花の脳にレーザーが照射される,"The re-educating device a emitted red light, and lasers were fired at Rikka's brain inside the mask.","The brainwashing device a emitted red light, and lasers were fired at Rikka's brain inside the mask."
APPLY,More literal/natural term: re-education -> brainwashing.,Rikka,Rikka,English_Steam,Rikka.Fallen3-19,377,377,(――――っ諦めるなっ、まだ負けてないっ！聖核戦姫じゃなくなってもっ、教育に12時間耐えればっ！),"(Don't give up, I haven't lost yet! Even if I'm no longer a Holy Core Battlemaiden, if I can endure the re-education for twelve hours!)","(Don't give up, I haven't lost yet! Even if I'm no longer a Holy Core Battlemaiden, if I can endure the brainwashing for twelve hours!)"
APPLY,More literal/natural term: re-education -> brainwashing.,Rikka,Rikka,English_Steam,Rikka.Fallen3-60,459,459,「……教育進行度99.9％……聖核変換割合99.99％……改造は終了です。お疲れさまでした」,"""...Re-educating at 99.9%. Holy Core conversion at 99.99%. Modification complete. You've done well.""","""...Brainwashing at 99.9%. Holy Core conversion at 99.99%. Modification complete. You've done well."""
APPLY,More literal/natural term: re-education -> brainwashing.,Rikka,Rikka,English_Steam,Rikka.Fallen3-69,478,478,「すでに教育は完了し、聖核もクローンの疑似聖核に変換されています」,"""The re-education is complete, and her Holy Core has been replaced with a pseudo-Holy Core.""","""The brainwashing is complete, and her Holy Core has been replaced with a pseudo-Holy Core."""
APPLY_IF_ELENA_STANDARD,Consistent English romanization: Erena/Seid? -> Elena/Seidou.,Erena,Erena,English_Steam,Erena.Fallen1-11,23,23,そしてエレナの口からズルリと触手が抜かれる,The Tentacle Man removed a tentacle from Erena's mouth.,The Tentacle Man removed a tentacle from Elena's mouth.
APPLY_IF_ELENA_STANDARD,Consistent English romanization: Erena/Seid? -> Elena/Seidou.,Erena,Erena,English_Steam,Erena.Fallen1-19,39,39,「まったく…だがそんな勇ましいだけで浅慮なところもエレナ君らしい」,"""Valiant but reckless. Very much like you, Erena.""","""Valiant but reckless. Very much like you, Elena."""
APPLY_IF_ELENA_STANDARD,Consistent English romanization: Erena/Seid? -> Elena/Seidou.,Erena,Erena,English_Steam,Erena.Fallen1-25,51,51,触手怪人の口から触手が伸び、エレナの上半身を覆いつくすように飲み込む,A tentacle extended from the Tentacle Man's mouth and wrapped itself around Erena's upper body.,A tentacle extended from the Tentacle Man's mouth and wrapped itself around Elena's upper body.
APPLY_IF_ELENA_STANDARD,Consistent English romanization: Erena/Seid? -> Elena/Seidou.,Erena,Erena,English_Steam,Erena.Fallen1-31,63,63,そして触手怪人は口の中でエレナをしゃぶり始める,The Tentacle Man started sucking on Erena.,The Tentacle Man started sucking on Elena.
APPLY_IF_ELENA_STANDARD,Consistent English romanization: Erena/Seid? -> Elena/Seidou.,Erena,Erena,English_Steam,Erena.Fallen1-47,93,93,エレナは身体を激しく動かして抵抗し、触手の内側に噛みつく,Erena wiggled violently to resist and bit on a tentacle.,Elena wiggled violently to resist and bit on a tentacle.
APPLY_IF_ELENA_STANDARD,Consistent English romanization: Erena/Seid? -> Elena/Seidou.,Erena,Erena,English_Steam,Erena.Fallen1-65,127,127,エレナは意識が朦朧とする中、全身をくまなく触手と粘液で蹂躙される,"While Erena's consciousness grew hazy, her entire body was thoroughly violated by tentacles and slime.","While Elena's consciousness grew hazy, her entire body was thoroughly violated by tentacles and slime."
APPLY_IF_ELENA_STANDARD,Consistent English romanization: Erena/Seid? -> Elena/Seidou.,Erena,Erena,English_Steam,Erena.Fallen1-73,141,141,遂にエレナが触手怪人の口から解放され、数時間ぶりに外の空気と光にさらされる,Erena was finally released from the tentacle monster's mouth and exposed to outside air and light for the first time in hours.,Elena was finally released from the tentacle monster's mouth and exposed to outside air and light for the first time in hours.
APPLY_IF_ELENA_STANDARD,Consistent English romanization: Erena/Seid? -> Elena/Seidou.,Erena,Erena,English_Steam,Erena.Fallen1-79,153,153,「おやおや、あのエレナ君がすっかり馬鹿になってしまったな」,"""Oh my, Erena has become completely stupid.""","""Oh my, Elena has become completely stupid."""
APPLY_IF_ELENA_STANDARD,Consistent English romanization: Erena/Seid? -> Elena/Seidou.,Erena,Erena,English_Steam,Erena.Fallen2-8,172,172,「おはようエレナ君。私の中で過ごすのも慣れてきたかな？」,"""Good morning, Erena. Have you gotten used to spending time inside me?""","""Good morning, Elena. Have you gotten used to spending time inside me?"""
APPLY_IF_ELENA_STANDARD,Consistent English romanization: Erena/Seid? -> Elena/Seidou.,Erena,Erena,English_Steam,Erena.Fallen2-16,188,188,「グフフッ、そうだった、今日はエレナ君に見せたいものがあるんだ」,"""By the way, hehehe, I have something I want to show you today, Erena.""","""By the way, hehehe, I have something I want to show you today, Elena."""
APPLY_IF_ELENA_STANDARD,Consistent English romanization: Erena/Seid? -> Elena/Seidou.,Erena,Erena,English_Steam,Erena.Fallen2-28,212,212,「グフフッ、我々がエレナ君を捕獲したと伝えたらすぐに了承してくれたよ」,"""Heh, when we told them we had captured you, Erena, they agreed immediately.""","""Heh, when we told them we had captured you, Elena, they agreed immediately."""
APPLY_IF_ELENA_STANDARD,Consistent English romanization: Erena/Seid? -> Elena/Seidou.,Erena,Erena,English_Steam,Erena.Fallen2-29,214,214,「エレナ君には可哀そうだが…今の我々の力を考えれば非常に賢い選択だ」,"""I feel sorry for you, Erena...but considering our current power, it was a very wise choice.""","""I feel sorry for you, Elena...but considering our current power, it was a very wise choice."""
APPLY_IF_ELENA_STANDARD,Consistent English romanization: Erena/Seid? -> Elena/Seidou.,Erena,Erena,English_Steam,Erena.Fallen2-33,222,222,「グフフッ、エレナ君、君まだレギオンへ戻れると思っているのかね？」,"""Erena, do you still think you can return to the Legion?""","""Elena, do you still think you can return to the Legion?"""
APPLY_IF_ELENA_STANDARD,Consistent English romanization: Erena/Seid? -> Elena/Seidou.,Erena,Erena,English_Steam,Erena.Fallen2-46,248,248,そしてモニターにはエレナの戸籍情報が映し出された,Erena's family registration information was displayed on the monitor.,Elena's family registration information was displayed on the monitor.
APPLY_IF_ELENA_STANDARD,Consistent English romanization: Erena/Seid? -> Elena/Seidou.,Erena,Erena,English_Steam,Erena.Fallen2-57,270,270,「おーおー、可哀そうなエレナ君。信頼していた人達に裏切られるのはつらいなぁ」,"""Oh my, poor Erena. It's painful to be betrayed by people you trusted.""","""Oh my, poor Elena. It's painful to be betrayed by people you trusted."""
APPLY_IF_ELENA_STANDARD,Consistent English romanization: Erena/Seid? -> Elena/Seidou.,Erena,Erena,English_Steam,Erena.Fallen2-60,276,276,「おやおや、あの気の強いエレナちゃんが泣いてしまった！」,"""Oh my, that strong-willed Erena is crying!""","""Oh my, that strong-willed Elena is crying!"""
APPLY_IF_ELENA_STANDARD,Consistent English romanization: Erena/Seid? -> Elena/Seidou.,Erena,Erena,English_Steam,Erena.Fallen2-79,314,314,「グフフッ、私のペットになれエレナ君。そうすれば君は何も考えなくていい！」,"""Become my pet, Erena. Then you won't have to think about anything!""","""Become my pet, Elena. Then you won't have to think about anything!"""
APPLY_IF_ELENA_STANDARD,Consistent English romanization: Erena/Seid? -> Elena/Seidou.,Erena,Erena,English_Steam,Erena.Fallen2-89,334,334,「グフフッ、エレナ君、どうだね、私の触手は？」,"""Hehe, Erena, how are my tentacles?""","""Hehe, Elena, how are my tentacles?"""
APPLY_IF_ELENA_STANDARD,Consistent English romanization: Erena/Seid? -> Elena/Seidou.,Erena,Erena,English_Steam,Erena.Fallen2-96,348,348,「どうするエレナ君？私のペットになるか…それともそれとも無意味な抵抗を続けるか…」,"""What will you do, Erena? Will you become my pet... or continue your meaningless resistance?""","""What will you do, Elena? Will you become my pet... or continue your meaningless resistance?"""
APPLY_IF_ELENA_STANDARD,Consistent English romanization: Erena/Seid? -> Elena/Seidou.,Erena,Erena,English_Steam,Erena.Fallen2-100,356,356,「グフフッ、そうか！これでエレナ君の全ては私の物だ！」,"""Is that so! Now everything about you belongs to me, Erena!""","""Is that so! Now everything about you belongs to me, Elena!"""
APPLY_IF_ELENA_STANDARD,Consistent English romanization: Erena/Seid? -> Elena/Seidou.,Erena,Erena,English_Steam,Erena.Fallen2-101,358,358,「はいっ♥、エレナはっ、ご主人様に負けてご主人様の愛玩ペットになりましたっ♥」,"""Yes♥ Erena lost to Master and became Master's beloved pet♥""","""Yes♥ Elena lost to Master and became Master's beloved pet♥"""
APPLY_IF_ELENA_STANDARD,Consistent English romanization: Erena/Seid? -> Elena/Seidou.,Erena,Erena,English_Steam,Erena.Fallen2-104,364,364,エレナは向けられたモニターに向かって壊れた笑顔を向ける,Erena turned a broken smile toward the monitor aimed at her.,Elena turned a broken smile toward the monitor aimed at her.
APPLY_IF_ELENA_STANDARD,Consistent English romanization: Erena/Seid? -> Elena/Seidou.,Erena,Erena,English_Steam,Erena.Fallen2-111,378,378,そしてエレナは一切の抵抗をせず、触手怪人の中に取り込まれる,Erena was taken in by the tentacle man without resisting.,Elena was taken in by the tentacle man without resisting.
APPLY_IF_ELENA_STANDARD,Consistent English romanization: Erena/Seid? -> Elena/Seidou.,Erena,Erena,English_Steam,Erena.Fallen2-116,388,388,「グフフッ、もちろんだとも。エレナ君、君は何も考えなくていい。私の中でひたすら快楽を貪り続けるだけでいいんだ」,"""Of course, Erena. You don't have to think about anything. You just need to enjoy the endless pleasure inside me!""","""Of course, Elena. You don't have to think about anything. You just need to enjoy the endless pleasure inside me!"""
APPLY_IF_ELENA_STANDARD,Consistent English romanization: Erena/Seid? -> Elena/Seidou.,Erena,Erena,English_Steam,Erena.Fallen2-124,404,404,暗闇の中、エレナの思考はどろどろとした邪悪な快楽に溶けていくのだった,"In the dark, Erena's mind melted under the sinister pleasure that she was drowning in.","In the dark, Elena's mind melted under the sinister pleasure that she was drowning in."
APPLY_IF_ELENA_STANDARD,Consistent English romanization: Erena/Seid? -> Elena/Seidou.,Erena,Erena,English_Steam,Erena.Fallen3-5,417,417,エレナの胎は触手怪人に粘液を注がれた続けた結果、妊婦のように膨らんでいた,Erena's abdomen expanded like a pregnant woman after the Tentacle Man kept pumping slime into her for a long time.,Elena's abdomen expanded like a pregnant woman after the Tentacle Man kept pumping slime into her for a long time.
APPLY_IF_ELENA_STANDARD,Consistent English romanization: Erena/Seid? -> Elena/Seidou.,Erena,Erena,English_Steam,Erena.Fallen3-11,429,429,そしてエレナの口に突っ込まれた触手の先端から栄養の入ったドロッした粘液が喉奥に流し込まれる,"A nutritious slime came out from the tip of the tentacle that was in Erena's mouth, and flowed down her throat.","A nutritious slime came out from the tip of the tentacle that was in Elena's mouth, and flowed down her throat."
APPLY_IF_ELENA_STANDARD,Consistent English romanization: Erena/Seid? -> Elena/Seidou.,Erena,Erena,English_Steam,Erena.Fallen3-20,447,447,触手怪人はエレナの頭を触手で優しくなでる,The Tentacle Man petted Erena's head.,The Tentacle Man petted Elena's head.
APPLY_IF_ELENA_STANDARD,Consistent English romanization: Erena/Seid? -> Elena/Seidou.,Erena,Erena,English_Steam,Erena.Fallen3-21,449,449,「グフフッ、偉いぞエレナ君。しっかりごちそうさまが言えたな」,"""Good job, Erena. You have good manners.""","""Good job, Elena. You have good manners."""
APPLY_IF_ELENA_STANDARD,Consistent English romanization: Erena/Seid? -> Elena/Seidou.,Erena,Erena,English_Steam,Erena.Fallen3-30,467,467,「頑張れエレナ君！君は苗床として沢山の聖核エネルギーを引き継いだ怪人を産むのだっ！」,"""You can do it, Erena! You will give birth to a fiend that has inherited a lot of Holy Core energy!""","""You can do it, Elena! You will give birth to a fiend that has inherited a lot of Holy Core energy!"""
APPLY_IF_ELENA_STANDARD,Consistent English romanization: Erena/Seid? -> Elena/Seidou.,Erena,Erena,English_Steam,Erena.Fallen3-36,479,479,「頑張れエレナ君！もう少しで全部出るぞ！」,"""Erena, you're almost there! Just a little more and it'll be out fully!""","""Elena, you're almost there! Just a little more and it'll be out fully!"""
APPLY_IF_ELENA_STANDARD,Consistent English romanization: Erena/Seid? -> Elena/Seidou.,Erena,Erena,English_Steam,Erena.Fallen3-43,493,493,「素晴らしいぞエレナ君！よく頑張った！」,"""Erena, this is amazing! Well done!""","""Elena, this is amazing! Well done!"""
APPLY_IF_ELENA_STANDARD,Consistent English romanization: Erena/Seid? -> Elena/Seidou.,Erena,Erena,English_Steam,Erena.Fallen3-46,499,499,「グフフッ、よく頑張ったエレナ君。しかし休んでいる暇はないぞ」,"""You did great, Erena. But this is no time to rest.""","""You did great, Elena. But this is no time to rest."""
APPLY_IF_ELENA_STANDARD,Consistent English romanization: Erena/Seid? -> Elena/Seidou.,Erena,Erena,English_Steam,Erena.Fallen3-50,507,507,そしてエレナは触手怪人の暗くドロドロした口の中に入れられる,And then Erena was taken into the dark and slimy mouth of the fiend.,And then Elena was taken into the dark and slimy mouth of the fiend.
APPLY_IF_ELENA_STANDARD,Consistent English romanization: Erena/Seid? -> Elena/Seidou.,Erena,Erena,English_Steam,Erena.Debauchery1-1,526,526,エレナが敗北し、財団に調教され始めてからしばらく経ったころ,A while after Erena was defeated and trained by the Foundation,A while after Elena was defeated and trained by the Foundation
APPLY_IF_ELENA_STANDARD,Consistent English romanization: Erena/Seid? -> Elena/Seidou.,Erena,Erena,English_Steam,Erena.Debauchery1-16,554,554,「じゃあエレナちゃん…早速撮影を始めようか」,"""Let's get started for the shoot, Erena.""","""Let's get started for the shoot, Elena."""
APPLY_IF_ELENA_STANDARD,Consistent English romanization: Erena/Seid? -> Elena/Seidou.,Erena,Erena,English_Steam,Erena.Debauchery1-18,558,558,エレナは一人の男によって床に敷かれた空気マットに押し倒される,One of the men pushed Erena down onto the inflatable mat on the floor.,One of the men pushed Elena down onto the inflatable mat on the floor.
APPLY_IF_ELENA_STANDARD,Consistent English romanization: Erena/Seid? -> Elena/Seidou.,Erena,Erena,English_Steam,Erena.Debauchery1-23,568,568,エレナはその意味を理解し、顔が真っ赤に紅潮する,"Erena finally understood, and blushed.","Elena finally understood, and blushed."
APPLY_IF_ELENA_STANDARD,Consistent English romanization: Erena/Seid? -> Elena/Seidou.,Erena,Erena,English_Steam,Erena.Debauchery1-42,606,606,監督の男はエレナの膣内に中指と薬指を挿入する,The director put his index and middle finger inside Erena's vagina.,The director put his index and middle finger inside Elena's vagina.
APPLY_IF_ELENA_STANDARD,Consistent English romanization: Erena/Seid? -> Elena/Seidou.,Erena,Erena,English_Steam,Erena.Debauchery1-48,618,618,監督の男は何かを探すようにエレナの膣内を指で刺激する,The director stimulated Erena's vagina as if he was looking for something.,The director stimulated Elena's vagina as if he was looking for something.
APPLY_IF_ELENA_STANDARD,Consistent English romanization: Erena/Seid? -> Elena/Seidou.,Erena,Erena,English_Steam,Erena.Debauchery1-70,662,662,エレナの膣内から指が引き抜かれる,The director pulled his fingers out from Erena.,The director pulled his fingers out from Elena.
APPLY_IF_ELENA_STANDARD,Consistent English romanization: Erena/Seid? -> Elena/Seidou.,Erena,Erena,English_Steam,Erena.Debauchery1-80,682,682,監督の男はチンポでエレナの股間をペシペシとはたく,The director slapped Erena's crotch with his cock.,The director slapped Elena's crotch with his cock.
APPLY_IF_ELENA_STANDARD,Consistent English romanization: Erena/Seid? -> Elena/Seidou.,Erena,Erena,English_Steam,Erena.Debauchery1-102,726,726,エレナは腰を動かして快楽を逃がそうとするが、チンポは執拗に弱点を正確に攻め続ける,"Whenever Erena moved to get away from the pleasure, the man's cock found the spot again and relentlessly attacked it.","Whenever Elena moved to get away from the pleasure, the man's cock found the spot again and relentlessly attacked it."
APPLY_IF_ELENA_STANDARD,Consistent English romanization: Erena/Seid? -> Elena/Seidou.,Erena,Erena,English_Steam,Erena.Debauchery1-108,738,738,チンポがエレナの膣内を深く出入りし、エレナの弱点をこすり上げる,His cock went in deep and rubbed hard against Erena's most sensitive spot.,His cock went in deep and rubbed hard against Elena's most sensitive spot.
APPLY_IF_ELENA_STANDARD,Consistent English romanization: Erena/Seid? -> Elena/Seidou.,Erena,Erena,English_Steam,Erena.Debauchery1-118,758,758,「エレナちゃん、やはり君は天才だ！この娘をしばらく借りていいですかな？私ならNo1女優に育ててみせます！」,"""You are a genius, Erena! Can I borrow her for a while please? I will make sure she becomes the number one porn star!""","""You are a genius, Elena! Can I borrow her for a while please? I will make sure she becomes the number one porn star!"""
APPLY_IF_ELENA_STANDARD,Consistent English romanization: Erena/Seid? -> Elena/Seidou.,Erena,Erena,English_Steam,Erena.Debauchery2-7,779,779,「撮影するタイトルは“デカ乳メス牛お嬢様エレナちゃんVS種付けおじさん～地獄のセックス100人組手～”だ！」,"""It'll be called 'Big-breasted Milk Cow Princess Erena vs Seed-Sowing Geezers: One Hundred Fucks From Hell'!""","""It'll be called 'Big-breasted Milk Cow Princess Elena vs Seed-Sowing Geezers: One Hundred Fucks From Hell'!"""
APPLY_IF_ELENA_STANDARD,Consistent English romanization: Erena/Seid? -> Elena/Seidou.,Erena,Erena,English_Steam,Erena.Debauchery2-10,785,785,そしてエレナは勃起した何人もの男に周りを囲まれる,Erena was surrounded by many men with raging hard-ons.,Elena was surrounded by many men with raging hard-ons.
APPLY_IF_ELENA_STANDARD,Consistent English romanization: Erena/Seid? -> Elena/Seidou.,Erena,Erena,English_Steam,Erena.Debauchery2-15,795,795,「じゃあエレナちゃん、撮影の意気込みを。100人相手にするの怖くない？」,"""Erena, what's on your mind? Are you scared of facing a hundred men?""","""Elena, what's on your mind? Are you scared of facing a hundred men?"""
APPLY_IF_ELENA_STANDARD,Consistent English romanization: Erena/Seid? -> Elena/Seidou.,Erena,Erena,English_Steam,Erena.Debauchery2-37,839,839,「ふう、まずは一人目ってとこかな？エレナちゃん良いイキっぷりだったよ」,"""So that was the first person! Not bad, Erena.""","""So that was the first person! Not bad, Elena."""
APPLY_IF_ELENA_STANDARD,Consistent English romanization: Erena/Seid? -> Elena/Seidou.,Erena,Erena,English_Steam,Erena.Debauchery2-42,849,849,ズルリとエレナの白濁液にまみれた膣内からチンポが引き抜かれる,A cock came out from Erena's jizz-filled vagina with a slurping sound.,A cock came out from Elena's jizz-filled vagina with a slurping sound.
APPLY_IF_ELENA_STANDARD,Consistent English romanization: Erena/Seid? -> Elena/Seidou.,Erena,Erena,English_Steam,Erena.Debauchery2-45,855,855,「お疲れ様です監督、どうですかなエレナ君の具合は？」,"""Thank you, director. How was Erena?""","""Thank you, director. How was Elena?"""
APPLY_IF_ELENA_STANDARD,Consistent English romanization: Erena/Seid? -> Elena/Seidou.,Erena,Erena,English_Steam,Erena.Debauchery2-61,887,887,その後、エレナは触手怪人と残ったエキストラ達に一晩中ハメ続けられるのだった,"After that, Erena, the Tentacle Man, and the extras that left behind had sex all night...","After that, Elena, the Tentacle Man, and the extras that left behind had sex all night..."
APPLY_IF_ELENA_STANDARD,Consistent English romanization: Erena/Seid? -> Elena/Seidou.,Erena,Erena,English_Steam,Erena.Core1-18,924,924,エレナは無数の触手にからめとられ、頭から丸呑みされつつあった,Erena was caught by countless tentacles and swallowed whole.,Elena was caught by countless tentacles and swallowed whole.
APPLY_IF_ELENA_STANDARD,Consistent English romanization: Erena/Seid? -> Elena/Seidou.,Erena,Erena,English_Steam,Erena.Core1-25,938,938,エレナは引きはがそうと全力で暴れまわるが―――――,Just when Erena was about to go all out to get out of the fiend...,Just when Elena was about to go all out to get out of the fiend...
APPLY_IF_ELENA_STANDARD,Consistent English romanization: Erena/Seid? -> Elena/Seidou.,Erena,Erena,English_Steam,Erena.Core1-33,954,954,エレナを包む肉は収縮し、エレナをさらに奥へ飲み込もうとする,The flesh wrapping around Erena contracted and pushed her in further.,The flesh wrapping around Elena contracted and pushed her in further.
APPLY_IF_ELENA_STANDARD,Consistent English romanization: Erena/Seid? -> Elena/Seidou.,Erena,Erena,English_Steam,Erena.Core1-38,964,964,エレナは蠕動運動により怪人の消化管の奥深くへ飲み込まれていた,The intestinal movements allowed the fiend to swallow Erena further down its digestive system.,The intestinal movements allowed the fiend to swallow Elena further down its digestive system.
APPLY_IF_ELENA_STANDARD,Consistent English romanization: Erena/Seid? -> Elena/Seidou.,Erena,Erena,English_Steam,Erena.Core1-41,970,970,エレナは脱出方法を考え何度も思考をめぐらすが、圧倒的な力の前に突破口を見出すことすらかなわない,"Erena thought about how to get out several times, but she had no solutions when faced with the tremendous power of the fiend.","Elena thought about how to get out several times, but she had no solutions when faced with the tremendous power of the fiend."
APPLY_IF_ELENA_STANDARD,Consistent English romanization: Erena/Seid? -> Elena/Seidou.,Erena,Erena,English_Steam,Erena.Core1-48,984,984,エレナの体から黄色い光が溢れ、変身が解除される,Erena glowed yellow as her transformation was undone.,Elena glowed yellow as her transformation was undone.
APPLY_IF_ELENA_STANDARD,Consistent English romanization: Erena/Seid? -> Elena/Seidou.,Erena,Erena,English_Steam,Erena.Core1-50,988,988,聖核戦姫の力を失ったエレナの体に直に怪人の肉の圧力が襲い掛かる,"The flesh of the fiend came down on Erena, who lost her strength.","The flesh of the fiend came down on Elena, who lost her strength."
APPLY_IF_ELENA_STANDARD,Consistent English romanization: Erena/Seid? -> Elena/Seidou.,Erena,Erena,English_Steam,Erena.Core1-59,1006,1006,肉壁の蠕動運動と消化液により、エレナは消化されながら更に奥へと運ばれる,"With the movements and the digestive acid, Erena was sent further down the fiend's digestive system as she was being digested.","With the movements and the digestive acid, Elena was sent further down the fiend's digestive system as she was being digested."
APPLY_IF_ELENA_STANDARD,Consistent English romanization: Erena/Seid? -> Elena/Seidou.,Erena,Erena,English_Steam,Erena.Core1-61,1010,1010,エレナは自分の感覚がなくなっていくのを感じ―――――,Erena felt like she was losing herself.,Elena felt like she was losing herself.
APPLY_IF_ELENA_STANDARD,Consistent English romanization: Erena/Seid? -> Elena/Seidou.,Erena,Erena,English_Steam,Erena.Core1-63,1014,1014,エレナの意識はそこで途絶えるのだった,Erena lost consciousness.,Elena lost consciousness.
APPLY_IF_ELENA_STANDARD,Consistent English romanization: Erena/Seid? -> Elena/Seidou.,Erena,Erena,English_Steam,Erena.Core2-1,1018,1018,エレナが怪人に捕食されてからしばらくして,A while after Erena was eaten by the fiend...,A while after Elena was eaten by the fiend...
APPLY_IF_ELENA_STANDARD,Consistent English romanization: Erena/Seid? -> Elena/Seidou.,Erena,Erena,English_Steam,Erena.Core2-8,1032,1032,その時、エレナは前方に明るい感覚を感じる,Erena felt something bright.,Elena felt something bright.
APPLY_IF_ELENA_STANDARD,Consistent English romanization: Erena/Seid? -> Elena/Seidou.,Erena,Erena,English_Steam,Erena.Core2-27,1070,1070,そしてトングのようなアームが現れ、エレナを掴んで回収していく,A pair of tong-like arms appeared and picked up Erena.,A pair of tong-like arms appeared and picked up Elena.
APPLY_IF_ELENA_STANDARD,Consistent English romanization: Erena/Seid? -> Elena/Seidou.,Erena,Erena,English_Steam,Erena.Core2-36,1088,1088,エレナはゲル状の体に力を入れ、容器から脱出しようとする,Erena tried to flex her muscles and exit the container.,Elena tried to flex her muscles and exit the container.
APPLY_IF_ELENA_STANDARD,Consistent English romanization: Erena/Seid? -> Elena/Seidou.,Erena,Erena,English_Steam,Erena.Core2-38,1092,1092,ふたが閉じ、エレナは容器内に完全に収容される,The lid was closed and Erena was shut inside the container.,The lid was closed and Elena was shut inside the container.
APPLY_IF_ELENA_STANDARD,Consistent English romanization: Erena/Seid? -> Elena/Seidou.,Erena,Erena,English_Steam,Erena.Core2-46,1108,1108,―――――その後、エレナはオナホに加工され、戦闘員達の娯楽として利用されるのだった,Erena's Holy Core was made into a sex sleeve for the soldiers...,Elena's Holy Core was made into a sex sleeve for the soldiers...
APPLY,More literal/natural term: re-education -> brainwashing.,Kei,Kei,English_Steam,Kei.Fallen1-5,11,11,「他の捕らえられた聖核戦姫みたいに私も調教されるのだろう？」,"""Aren't you going to re-educate me like you did with the other captured Holy Core Battlemaidens?""","""Aren't you going to brainwash me like you did with the other captured Holy Core Battlemaidens?"""
APPLY,More literal/natural term: re-education -> brainwashing.,Kei,Kei,English_Steam,Kei.Fallen1-8,17,17,「もちろん理解しているよ。私は凌辱の限りを尽くされ、調教されるのだろう？」,"""I do, you're going to humiliate me as much as possible and then re-educate me, right?""","""I do, you're going to humiliate me as much as possible and then brainwash me, right?"""
APPLY,Typo fix: comoing -> cumming.,Kei,Kei,English_Steam,Kei.Fallen2-45,375,375,「うおっ、耐えられねえっ、出るっ！」,"""Whoa, I can't hold it, I'm comoing!""","""Whoa, I can't hold it, I'm cumming!"""
APPLY_IF_ELENA_STANDARD,Consistent English romanization: Erena/Seid? -> Elena/Seidou.,Record,Record,English_Steam,Record.Erenayuta-1,554,554,エレナと那由多が財団の手に堕ちてからしばらくの時が流れ―――,Some time passed after Erena and Nayuta fell into the Foundation's hands...,Some time passed after Elena and Nayuta fell into the Foundation's hands...
APPLY_IF_ELENA_STANDARD,Consistent English romanization: Erena/Seid? -> Elena/Seidou.,Record,Record,English_Steam,Record.Erenayuta-2,556,556,エレナと那由多は公衆トイレの壁に括りつけられていた,Erena and Nayuta were tied to the wall of a public restroom.,Elena and Nayuta were tied to the wall of a public restroom.
APPLY_IF_ELENA_STANDARD,Consistent English romanization: Erena/Seid? -> Elena/Seidou.,Record,Record,English_Steam,Record.Erenayuta-29,610,610,那由多とエレナは競うように膣を締め付け、射精を促す,"Nayuta and Erena competed by tightening, encouraging ejaculations.","Nayuta and Elena competed by tightening, encouraging ejaculations."
APPLY_IF_ELENA_STANDARD,Consistent English romanization: Erena/Seid? -> Elena/Seidou.,Record,Record,English_Steam,Record.Erenayuta-32,616,616,「うおっ、すげえっ…これが雌牛AV女優エレナちゃんのマンコっ」,"""Whoa, amazing... So this is Erena the porn star's pussy...""","""Whoa, amazing... So this is Elena the porn star's pussy..."""
APPLY_IF_ELENA_STANDARD,Consistent English romanization: Erena/Seid? -> Elena/Seidou.,Record,Record,English_Steam,Record.Erenayuta-38,628,628,「エレナには負けませんっ♥、当然私が勝ちますっ♥」,"""I won't lose to Erena♥ Of course I'll win♥""","""I won't lose to Elena♥ Of course I'll win♥"""
APPLY_IF_ELENA_STANDARD,Consistent English romanization: Erena/Seid? -> Elena/Seidou.,Record,Record,English_Steam,Record.Erenayuta-41,634,634,ほぼ同時にエレナと那由多のマンコに勢いよく精液が放たれる,"Almost simultaneously, both Erena and Nayuta were filled with hot jizz.","Almost simultaneously, both Elena and Nayuta were filled with hot jizz."
APPLY_IF_ELENA_STANDARD,Consistent English romanization: Erena/Seid? -> Elena/Seidou.,Record,Record,English_Steam,Record.Erenayuta-48,648,648,そして次の男たちが那由多とエレナに覆いかぶさる,Then the next men approached Nayuta and Erena.,Then the next men approached Nayuta and Elena.
APPLY_IF_ELENA_STANDARD,Consistent English romanization: Erena/Seid? -> Elena/Seidou.,Record,Record,English_Steam,Record.Erenayuta-55,662,662,そしてエレナと那由多は一晩中搾精肉便器勝負へと臨むのであった,And so Erena and Nayuta engaged in the public service competition all night long.,And so Elena and Nayuta engaged in the public service competition all night long.
APPLY_IF_ELENA_STANDARD,Consistent English romanization: Erena/Seid? -> Elena/Seidou.,Record,Record,English_Steam,Record.Erenayuta-73,698,698,エレナと那由多は既に何人ものチンポを受け入れており、もはや肉便器であることに全く抵抗はなかった,"Erena and Nayuta had already accepted countless men and their cocks, and no longer had any resistance to being cum dumpsters.","Elena and Nayuta had already accepted countless men and their cocks, and no longer had any resistance to being cum dumpsters."
APPLY_IF_ELENA_STANDARD,Consistent English romanization: Erena/Seid? -> Elena/Seidou.,Record,Record,English_Steam,Record.Erenayuta-83,718,718,そう言うと男はエレナの膣内で放尿を始める,"Saying that, the man began urinating inside Erena.","Saying that, the man began urinating inside Elena."
APPLY_IF_ELENA_STANDARD,Consistent English romanization: Erena/Seid? -> Elena/Seidou.,Record,Record,English_Steam,Record.Erenayuta-91,734,734,「なっ、わ、私にもっ♥、私にもおしっこしてくださいっ♥、エレナに負けるわけにはっ♥」,"""W-wait, m-me too♥ Please urinate on me too♥ I can't let Erena win♥""","""W-wait, m-me too♥ Please urinate on me too♥ I can't let Elena win♥"""
APPLY_IF_ELENA_STANDARD,Consistent English romanization: Erena/Seid? -> Elena/Seidou.,Record,Record,English_Steam,Record.SeikakuEquip-15,838,838,エレナは身体を溶かされた後加工され、人形となった京にオナホとして使用されていた,"After Erena's body was dissolved and processed, she was being used as a pussy in Kei, who had become a sex doll.","After Elena's body was dissolved and processed, she was being used as a pussy in Kei, who had become a sex doll."
APPLY,More literal/natural term: re-education -> brainwashing.,DLCメインストーリー,DLCメインストーリー,English_Steam,Dialog.DLC-P-5,14,14,「本日の経過。教育深度36％…あまり進行していませんね。」,"""Today's progress. Re-education depth at 36%... not much advancement.""","""Today's progress. Brainwashing depth at 36%... not much advancement."""
APPLY,More literal/natural term: re-education -> brainwashing.,DLCメインストーリー,DLCメインストーリー,English_Steam,Dialog.DLC-P-9,22,22,「教育に対する耐性があるのかも…？また技術幹部のケイさんに報告する必要がありそうですね。」,"""Perhaps she has resistance to re-educating...? We'll need to report this to Technical Executive Kei.""","""Perhaps she has resistance to brainwashing...? We'll need to report this to Technical Executive Kei."""
APPLY_AFTER_NAME_STANDARD_CHECK,Restores a more complete/natural command line.,DLCメインストーリー,DLCメインストーリー,English_Steam,Dialog.DLC-P-18,43,43,「……では生産幹部アキホ、財務幹部エレナ、軍事幹部ナユタ、技術幹部ケイ、それぞれ報告を。」,"""Production Exec Akiho, Finance Exec Erena, Military Exec Nayuta, Tech Exec Kei. Reports.""","""...Now then, Production Executive Akiho, Finance Executive Elena, Military Executive Nayuta, Technical Executive Kei, please give your reports."""
APPLY,More literal/natural term: re-education -> brainwashing.,DLCメインストーリー,DLCメインストーリー,English_Steam,Dialog.DLC-P-31,71,71,「その辺の一般人を捕まえて、簡単な疑似聖核埋め込み手術と教育で作った戦闘員だ。」,"""These are soldiers created by capturing ordinary people and performing simple pseudo-Holy Core implant surgery and re-education.""","""These are soldiers created by capturing ordinary people and performing simple pseudo-Holy Core implant surgery and brainwashing."""
APPLY_IF_ELENA_STANDARD,Consistent English romanization: Erena/Seid? -> Elena/Seidou.,DLCメインストーリー,DLCメインストーリー,English_Steam,Dialog.DLC-P-89,192,192,「それに…あそこにはエレナ先輩がいて…絶対取り戻したいんです！」,"""And... Erena is there... I absolutely want to get her back!""","""And... Elena is there... I absolutely want to get her back!"""
APPLY_IF_ELENA_STANDARD,Consistent English romanization: Erena/Seid? -> Elena/Seidou.,DLCメインストーリー,DLCメインストーリー,English_Steam,Dialog.DLC1-1-12,241,241,「保管庫は財団の支配下で厳重に警備されていて…今ではエレナ先輩の許可が無ければ入るのは厳しいです」,"""The storage facility is under Foundation control and heavily guarded... Now it's difficult to enter without Erena's permission.""","""The storage facility is under Foundation control and heavily guarded... Now it's difficult to enter without Elena's permission."""
APPLY_IF_ELENA_STANDARD,Consistent English romanization: Erena/Seid? -> Elena/Seidou.,DLCメインストーリー,DLCメインストーリー,English_Steam,Dialog.DLC1-1-16,249,249,「出来れば説得して…無理ならエレナ先輩の指示であることを証明できるものがあれば…身分証明書とか…？」,"""If possible, we could persuade her... If not, if we had something to prove it's Erena's directive... like an ID card...?""","""If possible, we could persuade her... If not, if we had something to prove it's Elena's directive... like an ID card...?"""
APPLY_IF_ELENA_STANDARD,Consistent English romanization: Erena/Seid? -> Elena/Seidou.,DLCメインストーリー,DLCメインストーリー,English_Steam,Dialog.DLC1-1-30,277,277,「私は……平和のため！……エレナ先輩や聖核戦姫の皆さんとの平和な日常を取り戻すために戦います………！」,"""I... for peace! ...I fight to restore the peaceful daily life with Erena and all the Holy Core Battlemaidens...!""","""I... for peace! ...I fight to restore the peaceful daily life with Elena and all the Holy Core Battlemaidens...!"""
APPLY,More literal/natural term: re-education -> brainwashing.,DLCメインストーリー,DLCメインストーリー,English_Steam,Dialog.DLC1-1-105,428,428,そしてヒスイへの教育プログラムはしばらく続き―――,And so Hisui's re-education program continued for a while...,And so Hisui's brainwashing program continued for a while...
APPLY,More literal/natural term: re-education -> brainwashing.,DLCメインストーリー,DLCメインストーリー,English_Steam,Dialog.DLC1-1-126,470,470,(ん゛あっ♥だ、だめぇ…っ♥！、私は聖核戦姫っ…♥この程度の教育なんてっ…！),(Nah♥ N-no...♥! I'm a Holy Core Battlemaiden...♥ This level of re-education...!),(Nah♥ N-no...♥! I'm a Holy Core Battlemaiden...♥ This level of brainwashing...!)
APPLY,More literal/natural term: re-education -> brainwashing.,DLCメインストーリー,DLCメインストーリー,English_Steam,Dialog.DLC1-1-159,540,540,(……はあ、はあ、これで教育は耐えきりました……よね…？),"(...Haa, haa, I managed to withstand the re-education... right...?)","(...Haa, haa, I managed to withstand the brainwashing... right...?)"
APPLY_IF_ELENA_STANDARD,Consistent English romanization: Erena/Seid? -> Elena/Seidou.,DLCメインストーリー,DLCメインストーリー,English_Steam,Dialog.DLC1-1-171,564,564,(………それなら！もしかしたらエレナ先輩の所へ近づけるかも…！),(...In that case! Maybe I can get closer to Erena...!),(...In that case! Maybe I can get closer to Elena...!)
APPLY_IF_ELENA_STANDARD,Consistent English romanization: Erena/Seid? -> Elena/Seidou.,DLCメインストーリー,DLCメインストーリー,English_Steam,Dialog.DLC1-2-21,624,624,(上級幹部部隊…！そこならエレナ先輩に近づけるかも…！),(Senior executive unit...! There I might be able to get close to Erena...!),(Senior executive unit...! There I might be able to get close to Elena...!)
APPLY_IF_ELENA_STANDARD,Consistent English romanization: Erena/Seid? -> Elena/Seidou.,DLCメインストーリー,DLCメインストーリー,English_Steam,Dialog.DLC1-2-25,632,632,(やった！これでもっと財団にっ……じゃなくてエレナ先輩に……！),"(Yes! Now I can get closer to the Foundation... no, to Erena...!)","(Yes! Now I can get closer to the Foundation... no, to Elena...!)"
APPLY_IF_ELENA_STANDARD,Consistent English romanization: Erena/Seid? -> Elena/Seidou.,DLCメインストーリー,DLCメインストーリー,English_Steam,Dialog.DLC1-2-28,638,638,(とはいえ私は今は下級戦闘員…エレナ先輩に近づくためにも目の前のことに集中しないとですね……！),"(Still, I'm a junior soldier now... I need to focus on what's in front of me to get closer to Erena...!)","(Still, I'm a junior soldier now... I need to focus on what's in front of me to get closer to Elena...!)"
APPLY,More literal/natural term: re-education -> brainwashing.,DLCメインストーリー,DLCメインストーリー,English_Steam,Dialog.DLC1-2-61,709,709,「何下級戦闘員が恥ずかしがってんだ？また教育装置に送り込まれたいか？」,"""Why is a junior soldier acting embarrassed? Want to be sent back to the re-educating device?""","""Why is a junior soldier acting embarrassed? Want to be sent back to the brainwashing device?"""
APPLY_IF_ELENA_STANDARD,Consistent English romanization: Erena/Seid? -> Elena/Seidou.,DLCメインストーリー,DLCメインストーリー,English_Steam,Dialog.DLC1-2-118,823,823,(やった！これで更に………そう！エレナ先輩の所へ…！),(Yes! Now I'm even closer... Yes! To Erena...!),(Yes! Now I'm even closer... Yes! To Elena...!)
APPLY_IF_ELENA_STANDARD,Consistent English romanization: Erena/Seid? -> Elena/Seidou.,DLCメインストーリー,DLCメインストーリー,English_Steam,Dialog.DLC1-3-6,848,848,(ですが……まだエレナ先輩の居場所は掴めていません…やはり下級戦闘員だと限界が…),"(But... I still haven't been able to locate Erena... As expected, being a junior soldier has its limits...)","(But... I still haven't been able to locate Elena... As expected, being a junior soldier has its limits...)"
APPLY_IF_ELENA_STANDARD,Consistent English romanization: Erena/Seid? -> Elena/Seidou.,DLCメインストーリー,DLCメインストーリー,English_Steam,Dialog.DLC1-3-19,876,876,「あぁよかったよ…あ、そうだ！俺幹部怪人のエレナさんの所で働いてるんだけど…」,"""Yeah, it was good... Oh, that's right! I work under executive fiend Erena...""","""Yeah, it was good... Oh, that's right! I work under executive fiend Elena..."""
APPLY_IF_ELENA_STANDARD,Consistent English romanization: Erena/Seid? -> Elena/Seidou.,DLCメインストーリー,DLCメインストーリー,English_Steam,Dialog.DLC1-3-20,878,878,(エレナ…エレナ先輩…！？),(Erena... Erena...?!),(Elena... Elena...?!)
APPLY_IF_ELENA_STANDARD,Consistent English romanization: Erena/Seid? -> Elena/Seidou.,DLCメインストーリー,DLCメインストーリー,English_Steam,Dialog.DLC1-3-24,886,886,「あとエレナさんも撮影に来るから…下級戦闘員が上級幹部に近くで会えることなんてなかなかないよ。」,"""Plus, Erena will be at the shoot... It's not often that a junior soldier gets to meet a high-ranking executive up close.""","""Plus, Elena will be at the shoot... It's not often that a junior soldier gets to meet a high-ranking executive up close."""
APPLY_IF_ELENA_STANDARD,Consistent English romanization: Erena/Seid? -> Elena/Seidou.,DLCメインストーリー,DLCメインストーリー,English_Steam,Dialog.DLC1-3-25,888,888,(！…一般市民を逆レイプ…というのは気がかりですが……これはエレナ先輩に近づくチャンスです！),(Violating civilians is concerning... but this is my chance to get close to Erena!),(Violating civilians is concerning... but this is my chance to get close to Elena!)
APPLY_IF_ELENA_STANDARD,Consistent English romanization: Erena/Seid? -> Elena/Seidou.,DLCメインストーリー,DLCメインストーリー,English_Steam,Dialog.DLC1-3-28,896,896,(……とうとう撮影日ですね…予定通りなら今日ここにエレナ先輩が……！),"(...The filming day has finally arrived... If everything goes as planned, Erena will be here today...!)","(...The filming day has finally arrived... If everything goes as planned, Elena will be here today...!)"
APPLY_IF_ELENA_STANDARD,Consistent English romanization: Erena/Seid? -> Elena/Seidou.,DLCメインストーリー,DLCメインストーリー,English_Steam,Dialog.DLC1-3-30,900,900,(……今日が正念場ですっ…絶対にエレナ先輩に会わないと！),(...Today is the big day... I absolutely must meet Erena!),(...Today is the big day... I absolutely must meet Elena!)
APPLY_IF_ELENA_STANDARD,Consistent English romanization: Erena/Seid? -> Elena/Seidou.,DLCメインストーリー,DLCメインストーリー,English_Steam,Dialog.DLC1-3-36,912,912,(………やっぱり！エレナ先輩っ！),(...I knew it! Erena!),(...I knew it! Elena!)
APPLY_IF_ELENA_STANDARD,Consistent English romanization: Erena/Seid? -> Elena/Seidou.,DLCメインストーリー,DLCメインストーリー,English_Steam,Dialog.DLC1-3-38,916,916,(っ……事情は分かりませんが………エレナ先輩はまだっ……),"(...I don't understand the circumstances, but... Erena is still...)","(...I don't understand the circumstances, but... Elena is still...)"
APPLY_IF_ELENA_STANDARD,Consistent English romanization: Erena/Seid? -> Elena/Seidou.,DLCメインストーリー,DLCメインストーリー,English_Steam,Dialog.DLC1-3-52,946,946,(っ、あと少しでエレナ先輩の所へ行けるんですっ…最期の踏ん張りどころっ…),(...Just a little more and I can reach Erena-senpai... This is the final push...),(...Just a little more and I can reach Elena-senpai... This is the final push...)
APPLY,More literal/natural term: re-education -> brainwashing.,DLCメインストーリー,DLCメインストーリー,English_Steam,Dialog.DLC1-3-76,994,994,(おマンコがじんじんしてっ♥、気持ちいいっ…うっ♥、これも全部……変な教育されたせいっ……♥),(My pussy is tingling♥ it feels good... ugh♥ this is all... because of that weird education...♥),(My pussy is tingling♥ it feels good... ugh♥ this is all... because of that weird brainwashing...♥)
APPLY_IF_ELENA_STANDARD,Consistent English romanization: Erena/Seid? -> Elena/Seidou.,DLCメインストーリー,DLCメインストーリー,English_Steam,Dialog.DLC1-3-78,998,998,(はあっ♥、っ、こんな姿をエレナ先輩に見られたら……っ♥),(Haah♥ if Erena saw me like this...♥),(Haah♥ if Elena saw me like this...♥)
APPLY_IF_ELENA_STANDARD,Consistent English romanization: Erena/Seid? -> Elena/Seidou.,DLCメインストーリー,DLCメインストーリー,English_Steam,Dialog.DLC1-3-122,1088,1088,(！、エレナ先輩があそこに…今なら…！),(Erena is over there... now's my chance...!),(Elena is over there... now's my chance...!)
APPLY_IF_ELENA_STANDARD,Consistent English romanization: Erena/Seid? -> Elena/Seidou.,DLCメインストーリー,DLCメインストーリー,English_Steam,Dialog.DLC1-3-124,1094,1094,ヒスイはエレナが一人でいる隙を見つけ、彼女の元へ駆けつける,Hisui found an opening when Erena was alone and rushed to her.,Hisui found an opening when Elena was alone and rushed to her.
APPLY_IF_ELENA_STANDARD,Consistent English romanization: Erena/Seid? -> Elena/Seidou.,DLCメインストーリー,DLCメインストーリー,English_Steam,Dialog.DLC1-3-127,1100,1100,(……え、エレナ先輩…だよね？),"(...Eh, Erena... right?)","(...Eh, Elena... right?)"
APPLY_IF_ELENA_STANDARD,Consistent English romanization: Erena/Seid? -> Elena/Seidou.,DLCメインストーリー,DLCメインストーリー,English_Steam,Dialog.DLC1-3-130,1106,1106,「私ですっ！エレナ先輩……っ！」,"""It's me! Erena...!""","""It's me! Elena...!"""
APPLY_IF_ELENA_STANDARD,Consistent English romanization: Erena/Seid? -> Elena/Seidou.,DLCメインストーリー,DLCメインストーリー,English_Steam,Dialog.DLC1-3-137,1120,1120,「……エレナ先輩、貴女が財団の幹部なんて…本当は嘘ですよ…ね？」,"""...Erena, about you being a Foundation executive... that's not real, is it...?""","""...Elena, about you being a Foundation executive... that's not real, is it...?"""
APPLY_IF_ELENA_STANDARD,Consistent English romanization: Erena/Seid? -> Elena/Seidou.,DLCメインストーリー,DLCメインストーリー,English_Steam,Dialog.DLC1-3-145,1136,1136,その瞬間エレナから紫色の光が立ち昇り、彼女のからだを覆っていく,"At that moment, purple light rose from Erena and enveloped her body.","At that moment, purple light rose from Elena and enveloped her body."
APPLY_IF_ELENA_STANDARD,Consistent English romanization: Erena/Seid? -> Elena/Seidou.,DLCメインストーリー,DLCメインストーリー,English_Steam,Dialog.DLC1-3-152,1150,1150,エレナがヒスイに切りかかろうとした瞬間、天井を突き破り、何かが部屋に侵入してくる,"Just when Erena was about to strike Hisui down, something broke through the ceiling and came into the room.","Just when Elena was about to strike Hisui down, something broke through the ceiling and came into the room."
APPLY_IF_ELENA_STANDARD,Consistent English romanization: Erena/Seid? -> Elena/Seidou.,DLCメインストーリー,DLCメインストーリー,English_Steam,Dialog.DLC1-3-157,1160,1160,ダイヤが剣を翻すとエレナの手首が矛と共に切り落とされ宙に舞う,"As Daiya swung her sword, Erena's wrist was severed along with her spear and flew through the air.","As Daiya swung her sword, Elena's wrist was severed along with her spear and flew through the air."
APPLY_IF_ELENA_STANDARD,Consistent English romanization: Erena/Seid? -> Elena/Seidou.,DLCメインストーリー,DLCメインストーリー,English_Steam,Dialog.DLC2-0-16,1201,1201,その瞬間、エレナの全身が脈動し、切られた腕の断面から肉が盛り上がる,"Erena's entire body pulsated, and flesh bulged from the severed arm's stump.","Elena's entire body pulsated, and flesh bulged from the severed arm's stump."
APPLY_IF_ELENA_STANDARD,Consistent English romanization: Erena/Seid? -> Elena/Seidou.,DLCメインストーリー,DLCメインストーリー,English_Steam,Dialog.DLC2-0-18,1205,1205,「え、エレナ先輩……？！」,"""E-Erena...?!""","""E-Elena...?!"""
APPLY_IF_ELENA_STANDARD,Consistent English romanization: Erena/Seid? -> Elena/Seidou.,DLCメインストーリー,DLCメインストーリー,English_Steam,Dialog.DLC2-0-20,1209,1209,そしてエレナの前身は赤く染まり、無数の触手がエレナの体から現れる,"Erena's entire body turned red, and countless tentacles emerged from her body.","Elena's entire body turned red, and countless tentacles emerged from her body."
APPLY_IF_ELENA_STANDARD,Consistent English romanization: Erena/Seid? -> Elena/Seidou.,DLCメインストーリー,DLCメインストーリー,English_Steam,Dialog.DLC2-0-31,1231,1231,「はっ…でも……え、エレナ…先輩？」,"""Ah... but... E-Erena...?""","""Ah... but... E-Elena...?"""
APPLY_IF_ELENA_STANDARD,Consistent English romanization: Erena/Seid? -> Elena/Seidou.,DLCメインストーリー,DLCメインストーリー,English_Steam,Dialog.DLC2-0-36,1243,1243,――――ダイヤとエレナの戦いが始まって数分後,Several minutes after the battle between Daiya and Erena began,Several minutes after the battle between Daiya and Elena began
APPLY_IF_ELENA_STANDARD,Consistent English romanization: Erena/Seid? -> Elena/Seidou.,DLCメインストーリー,DLCメインストーリー,English_Steam,Dialog.DLC2-0-42,1255,1255,エレナの体に矢が刺さり、触手の動きが一瞬止まる,"An arrow pierced Erena's body, and the tentacles stopped moving for a moment.","An arrow pierced Elena's body, and the tentacles stopped moving for a moment."
APPLY_IF_ELENA_STANDARD,Consistent English romanization: Erena/Seid? -> Elena/Seidou.,DLCメインストーリー,DLCメインストーリー,English_Steam,Dialog.DLC2-0-44,1259,1259,その瞬間を逃さず、ダイヤはエレナの触手を数本切り落とす,"Seizing the opportunity, Daiya cut off several of Erena's tentacles.","Seizing the opportunity, Daiya cut off several of Elena's tentacles."
APPLY_IF_ELENA_STANDARD,Consistent English romanization: Erena/Seid? -> Elena/Seidou.,DLCメインストーリー,DLCメインストーリー,English_Steam,Dialog.DLC2-0-49,1269,1269,「エレナ先輩と言えど…今はもうただの怪人……覚悟は決めました！」,"""Even if it's Erena... she's just a fiend now... I've made my resolve!""","""Even if it's Elena... she's just a fiend now... I've made my resolve!"""
APPLY_IF_ELENA_STANDARD,Consistent English romanization: Erena/Seid? -> Elena/Seidou.,DLCメインストーリー,DLCメインストーリー,English_Steam,Dialog.DLC2-0-53,1277,1277,しかしダイヤとヒスイは着実にエレナの触手を切り落としていく,"However, Daiya and Hisui steadily cut off Erena's tentacles.","However, Daiya and Hisui steadily cut off Elena's tentacles."
APPLY_IF_ELENA_STANDARD,Consistent English romanization: Erena/Seid? -> Elena/Seidou.,DLCメインストーリー,DLCメインストーリー,English_Steam,Dialog.DLC2-0-58,1287,1287,ダイヤはエレナに向けていた剣を止め、後退する,Daiya stopped her sword aimed at Erena and retreated.,Daiya stopped her sword aimed at Elena and retreated.
APPLY_IF_ELENA_STANDARD,Consistent English romanization: Erena/Seid? -> Elena/Seidou.,DLCメインストーリー,DLCメインストーリー,English_Steam,Dialog.DLC2-0-75,1325,1325,ダイヤは那由多とエレナに完膚なきまでに敗れ、既に半分意識を失っていた。,"Daiya had been utterly defeated by Nayuta and Erena, and was already half unconscious.","Daiya had been utterly defeated by Nayuta and Elena, and was already half unconscious."
APPLY_IF_ELENA_STANDARD,Consistent English romanization: Erena/Seid? -> Elena/Seidou.,DLCメインストーリー,DLCメインストーリー,English_Steam,Dialog.DLC2-0-80,1335,1335,「エレナ、捕獲対象を殺すのは命令違反です。」,"""Erena, killing capture targets violates orders.""","""Elena, killing capture targets violates orders."""
APPLY_IF_ELENA_STANDARD,Consistent English romanization: Erena/Seid? -> Elena/Seidou.,DLCメインストーリー,DLCメインストーリー,English_Steam,Dialog.DLC2-1-26,1422,1422,「キィーーーーーーッ！というわけで上級幹部、エレナ様の命令のもと、パワードスーツを秘密裏に点検することとなりました！」,"""KIIIIII! And so, under senior executive Erena's orders, I'm here to secretly inspect the powered suits!""","""KIIIIII! And so, under senior executive Elena's orders, I'm here to secretly inspect the powered suits!"""
APPLY_IF_ELENA_STANDARD,Consistent English romanization: Erena/Seid? -> Elena/Seidou.,DLCメインストーリー,DLCメインストーリー,English_Steam,Dialog.DLC2-1-31,1432,1432,(っ、そうでしたっ！…戦闘員の服を手に入れたから良いものの…あの時バタバタしてて結局エレナ先輩の指令という事を証明するものは持っていません…！),(That's right! ...While I got the soldier uniform... I was in such a rush that I don't have anything to prove this is Erena's order...!),(That's right! ...While I got the soldier uniform... I was in such a rush that I don't have anything to prove this is Elena's order...!)
APPLY,LQA reads more natural and preserves meaning.,DLCメインストーリー,DLCメインストーリー,English_Steam,Dialog.DLC2-3-16(1),1767,1767,「貴様が戦闘員管理システムに何もしてないハズがないからな。当然バックアップは取ってある。」,"""You clearly tampered with the soldier management system. Naturally, I have backups.""","""There's no way you haven't tampered with the soldier management system. Of course I have backups."""
APPLY,LQA is more natural English.,DLCメインストーリー,DLCメインストーリー,English_Steam,Dialog.DLC2-3-21(1),1787,1787,「貴様の行動は組織転覆を試みた重大な背信行為とみなす。」,"""You tried to overthrow the organization. That's considered a grave betrayal.""","""You attempted to overthrow the organization, and that is considered a serious act of betrayal."""
APPLY,More literal/natural term: re-education -> brainwashing.,DLCメインストーリー,DLCメインストーリー,English_Steam,Dialog.DLC2-3-33,1817,1817,「ぐっ…！なるほどね……。私を戦闘員化装置で教育して組織に従せようと。」,"""Guh...! I see... You're trying to re-educate me with the soldier conversion device to make me obey the organization.""","""Guh...! I see... You're trying to brainwash me with the soldier conversion device to make me obey the organization."""
APPLY,More literal/natural term: re-education -> brainwashing.,DLCメインストーリー,DLCメインストーリー,English_Steam,Dialog.DLC2-3-51,1853,1853,そして京は精神を集中させ教育装置への接続を試みるが――――,"Kei then focused and attempted to connect to the re-educating device, but...","Kei then focused and attempted to connect to the brainwashing device, but..."
APPLY,Tense/naturalness improvement.,DLCメインストーリー,DLCメインストーリー,English_Steam,Dialog.DLC2-3-90,1933,1933,京は必死に抵抗するが、知能の低下した今では思考することすらままならない。,"Kei desperately resists, but with her intelligence diminished, she can barely even think anymore.","Kei desperately resisted, but with her reduced intelligence, she could barely think."
APPLY,LQA expands the condition more naturally.,DLCメインストーリー,DLCメインストーリー,English_Steam,Dialog.DLC2-3-131(1),2020,2020,「下級戦闘員として戦果を挙げ、組織への忠誠心を示せばまた幹部に戻るチャンスを与えよう。」,"""If she proves loyal as a junior soldier, I'll let her return as an executive.""","""If she accomplishes things as a junior soldier and shows loyalty to the organization, I'll give her a chance to return as an executive."""
APPLY,LQA gives a more natural order/objective.,DLCメインストーリー,DLCメインストーリー,English_Steam,Dialog.DLC2-3-144(1),2050,2050,「……下級戦闘員K22号。財団への忠誠心を示せるように072号の下で任務遂行に全力を尽くせ。」,"""...Junior Soldier K22. Serve under 072 and prove your loyalty to the Foundation.""","""...Junior soldier K22. Give your all in mission execution under 072 to demonstrate loyalty to the Foundation."""
APPLY,More literal/natural term: re-education -> brainwashing.,Hisui,Hisui,English_Steam,Hisui.Fallen1-49,104,104,(教育…前にやられた時よりっ……強力になってる……？),(The re-educating... it's more powerful than last time...?!),(The brainwashing... it's more powerful than last time...?!)
APPLY,More literal/natural term: re-education -> brainwashing.,Hisui,Hisui,English_Steam,Hisui.Fallen1-53,112,112,(ま、まずいです…このままだと本当に教育されて――――――――),(T-this is bad... at this rate I'll really be re-educated...),(T-this is bad... at this rate I'll really be brainwashed...)
APPLY,More literal/natural term: re-education -> brainwashing.,Hisui,Hisui,English_Steam,Hisui.Fallen1-74,156,156,(だっ、だめ…っ！聖核戦姫の力を失ったまま教育されたら…本当に戦闘員に……！？),(N-no...! If I'm re-educated without my Holy Core Battlemaiden powers... I'll really become a soldier...?!),(N-no...! If I'm brainwashed without my Holy Core Battlemaiden powers... I'll really become a soldier...?!)
APPLY_IF_ELENA_STANDARD,Consistent English romanization: Erena/Seid? -> Elena/Seidou.,Hisui,Hisui,English_Steam,Hisui.Fallen1-98,204,204,(それに……エレナ先輩もっ………！いつか取り戻して……っ！),(And... Erena too...! Someday I'll get her back...!),(And... Elena too...! Someday I'll get her back...!)
APPLY,More literal/natural term: re-education -> brainwashing.,Hisui,Hisui,English_Steam,Hisui.Fallen1-152,320,320,【教育を終了します。K46号、報告をしなさい。】,"[Re-educating complete. K46, report.]","[Brainwashing complete. K46, report.]"
APPLY,More literal/natural term: re-education -> brainwashing.,Hisui,Hisui,English_Steam,Hisui.Fallen1-153,322,322,「キィーーーーーーッ！K46号、教育完了いたしました！」,"""KIIIIII! K46, re-educating complete!""","""KIIIIII! K46, brainwashing complete!"""
APPLY,More literal/natural term: re-education -> brainwashing.,Hisui,Hisui,English_Steam,Hisui.Fallen2-12,374,374,「いや～全くいい仕事だぜ…毎日のように新しい教育された女共がチンポしゃぶってくれるんだからな！」,"""Man, this is a great job... Every day newly re-educated women suck on us!""","""Man, this is a great job... Every day newly brainwashed women suck on us!"""
APPLY,More literal/natural term: re-education -> brainwashing.,Hisui,Hisui,English_Steam,Hisui.Fallen2-28,406,406,「教育前はクソビッチだったのか…！？」,"""Was she some kind of slut before the re-educating...?!""","""Was she some kind of slut before the brainwashing...?!"""
APPLY,More literal/natural term: re-education -> brainwashing.,Hisui,Hisui,English_Steam,Hisui.Fallen3-60,708,708,(……また……この教育装置……),(...Again... this re-educating device...),(...Again... this brainwashing device...)
APPLY,More literal/natural term: re-education -> brainwashing.,Hisui,Hisui,English_Steam,Hisui.Fallen3-68,724,724,そしてK46号に芽生えた違和感は教育と共に全て消え去る,And so the sense of unease that had sprouted in K46 was completely erased along with the re-educating.,And so the sense of unease that had sprouted in K46 was completely erased along with the brainwashing.
APPLY,More literal/natural term: re-education -> brainwashing.,Hisui DLC2,Hisui,English_Steam,Hisui.Core1-18,376,1124,「ええ、残念ですが…。貴方は戦闘員として教育される以前は聖核戦姫でした。」,"""Yes, unfortunately... Before you were re-educated as a soldier, you were a Holy Core Battlemaiden.""","""Yes, unfortunately... Before you were brainwashed as a soldier, you were a Holy Core Battlemaiden."""
