lqa_sheet,main_sheet,column,key,lqa_row,main_row,Japanese_Steam,main_value,lqa_value
Akiho,Akiho,Korean_Steam,Akiho.Fallen1-7,15,15,「ああ、お前は改造されて財団の役に立ってもらうんだよ。聖核戦姫を研究して俺達の手駒にするってわけだ」,"「아아, 너는 개조되어 재단의 도움이 될 거야. 성핵전희를 연구해서 우리의 수족으로 삼는 거지」","「아아, 너는 개조되어 재단의 도움이 될 거야. 성핵전희를 연구해서 우리들의 수족으로 삼는 거지」"
Akiho,Akiho,English_Steam,Akiho.Fallen1-9,19,19,「安心しろ、何もお前をバケモノに改造したリ戦闘員にするわけじゃない」,"""Don't worry, we're not going to turn you into a monster or make you a soldier.""","""Don't worry, we're not going to turn you into a monster or make you a soldier.""...? What's your purpose...!?"""
Akiho,Akiho,English_Steam,Akiho.Fallen1-11,23,23,「お前を教育して戦わせたところで大した戦力にはならねえからな」,"""Even if we re-educated you to fight, you wouldn't be much of a fighting force.""","""Even if we brainwashed you to fight, you wouldn't be much of a fighting force."""
Akiho,Akiho,Korean_Steam,Akiho.Fallen1-24,49,49,「じゃあいよいよ改造だな。ええとスイッチを入れて聖核エネルギー反転レーザーを照射…と。」,「그럼 드디어 개조다. 음 스위치를 켜서 성핵 에너지 반전 레이저를 조사….」,"「그럼 드디어 개조다. 어디 보자, 스위치를 켜서 성핵 에너지 반전 레이저를 조사….」"
Akiho,Akiho,Korean_Steam,Akiho.Fallen1-43,87,87,そして実験室の扉は閉められ、明穂は暗闇の中一人で乳首を改造され続けるのだった,"그리고 실험실 문이 닫히고, 아키호는 어둠 속에서 혼자 유두 개조를 계속 당했다","그리고 실험실 문은 닫히고, 아키호는 어둠 속에서 혼자 유두 개조를 계속 당하는 것이었다"
Akiho,Akiho,Korean_Steam,Akiho.Fallen1-82,165,165,「大丈夫だ、お前ならもっと沢山ミルクを出せる。俺達のために頑張ってくれ」,"「괜찮아, 너라면 더 많이 밀크를 낼 수 있어. 우리를 위해 힘내줘」","「괜찮아, 너라면 더 많이 밀크를 낼 수 있어. 우리들을 위해 힘내줘」"
Akiho,Akiho,Korean_Steam,Akiho.Fallen1-84,169,169,そして再び装置につながれた明穂に、誰にも知られることなく終わらない乳首改造が始まるのだった,"그리고 다시 장치에 연결된 아키호에게, 누구에게도 알려지지 않은 채 끝나지 않는 유두 개조가 시작되었다","그리고 다시 장치에 연결된 아키호에게, 누구에게도 알려지지 않은 채 끝나지 않는 유두 개조가 시작되는 것이었다"
Akiho,Akiho,English_Steam,Akiho.Fallen2-9,189,189,「ひぁっ♥、むぐっ♥、もう、やらぁ♥♥」,"""ah♥ Mmgh♥ No more♥♥""","""Ah♥ Mmgh♥ No more♥♥"""
Akiho,Akiho,Korean_Steam,Akiho.Fallen2-23,217,217,「……何か誤解してねえか？今の明穂ちゃんはあくまで捕虜で合って俺達の敵なんだよ。なんで俺達がお前の言う事聞かなきゃいけねえんだ？」,「……뭔가 오해하고 있는 거 아냐? 지금 아키호쨩은 어디까지나 포로이고 우리의 적이야. 왜 우리가 네 말을 들어야 하는 거지?」,「……뭔가 오해하고 있는 거 아냐? 지금 아키호쨩은 어디까지나 포로이고 우리들의 적이야. 왜 우리가 네 말을 들어야 하는 거지?」
Akiho,Akiho,Korean_Steam,Akiho.Fallen2-48,267,267,ドプッ、ドビュルルルルルッッ,"돞, 도뷰르르르르릇","뷰릇, 도뷰르르르르릇"
Akiho,Akiho,Korean_Steam,Akiho.Fallen2-54,279,279,「お前は俺達戦闘員のミルクサーバー兼性処理玩具として精液のフェロモンで発情するようになってんだよ」,「너는 우리 전투원들의 밀크 서버 겸 성처리 장난감으로서 정액의 페로몬으로 발정하게 되어 있어」,「너는 우리 전투원들의 밀크 서버랑 성처리 장난감으로서 정액의 페로몬으로 발정하게 되어 있어」
Akiho,Akiho,Korean_Steam,Akiho.Fallen2-56,283,283,「ついでにお前が飲んだ精液は効率的にお前の体に吸収されて母乳に変換されるんだ。これがエコってやつだな」,「덤으로 네가 마신 정액은 효율적으로 네 몸에 흡수되어 모유로 변환된다. 이게 바로 에코라는 거지」,「덤으로 네가 마신 정액은 효율적으로 네 몸에 흡수되어 모유로 변환된다. 이게 바로 친환경이라는 거지」
Akiho,Akiho,Korean_Steam,Akiho.Fallen2-67,305,305,「ひぎっ♥♥、お゛お゛お゛おおおおおっ♥♥、っ♥♥、お⁉⁉、お゛？！」,"「히긱♥♥, 오옷 오옷 오옷 오오오오옷♥♥, 윽♥♥, 오⁉⁉, 오옷 ?!」","「히긱♥♥, 오옷 오옷 오옷 오오오오옷♥♥, 윽♥♥, 오!?!?, 오옷?!」"
Akiho,Akiho,Korean_Steam,Akiho.Fallen2-85,341,341,「よし、全部出たな！じゃあこれからは俺達のミルクサーバーとしてよろしく頼むぜ」,"「좋아, 전부 나왔군! 그럼 이제부터 우리의 밀크 서버로서 잘 부탁한다」","「좋아, 전부 나왔군! 그럼 이제부터 우리들의 밀크 서버로서 잘 부탁한다」"
Akiho,Akiho,Korean_Steam,Akiho.Fallen3-14,373,373,「おらどうだ？俺達も明穂ちゃんの乳搾るの上手になって来ただろ？」,「자 어때? 우리도 아키호쨩 젖 짜는 거 능숙해졌지?」,「자 어때? 우리들도 아키호쨩 젖 짜는 거 능숙해졌지?」
Akiho,Akiho,Korean_Steam,Akiho.Fallen3-18,381,381,ブシュッ♥♥、ドプッ♥、ブシュウウウウウッ♥♥,"부슛♥♥, 돕♥, 부슈우우우우웃♥♥","부슛♥♥, 뷰릇♥, 부슈우우우우웃♥♥"
Akiho,Akiho,Korean_Steam,Akiho.Fallen3-31,407,407,「はむっ♥♥、ジュルッ♥♥、ちゅぷっ♥、ちゅぷっ♥、じゅるるっ♥♥♥」,"「하뭇♥♥, 쥬릇♥♥, 츄풋♥, 츄풋♥, 쥬르르릇♥♥♥」","「하앙♥♥, 쥬릇♥♥, 츄풋♥, 츄풋♥, 쥬르르릇♥♥♥」"
Akiho,Akiho,Korean_Steam,Akiho.Fallen3-32,409,409,明穂はチューブから食べ物をねだる動物のように戦闘員たちのちんぽをしゃぶる,아키호는 튜브에서 음식을 조르는 동물처럼 전투원들의 자지를 빤다,아키호는 튜브에서 음식을 조르는 동물처럼 전투원들의 자지를 빨고 있다
Akiho,Akiho,Korean_Steam,Akiho.Fallen3-34,413,413,「俺達がコイツの乳を搾るのが上手くなったみたいに、コイツもフェラが上達したってわけだな」,"「우리가 이 녀석 젖 짜는 데 능숙해진 것처럼, 이 녀석도 펠라가 능숙해졌다는 거지」","「우리들이 이 녀석 젖 짜는 게 능숙해진 것처럼, 이 녀석도 펠라가 능숙해졌다는 거지」"
Akiho,Akiho,Korean_Steam,Akiho.Fallen3-36,417,417,「ははっ、ちょっと前までコイツが俺達を散々ボコボコにしやがった聖核戦姫だとはとても思えねえな！」,"「하하, 조금 전까지 이 녀석이 우리를 실컷 두들겨 팼던 성핵전희라고는 도저히 생각할 수 없네!」","「하하, 조금 전까지 이 녀석이 우리를 실컷 두들겨 혼낸 성핵전희라고는 도저히 생각할 수 없네!」"
Akiho,Akiho,Korean_Steam,Akiho.Fallen3-48,441,441,「じゅるるっ♥、はへてっ♥、顔でも胸でも全部っ♥、皆さんのおチンポミルク私にくらさいっ♥♥」,"「쥬르르릇♥, 하헤텟♥, 얼굴이든 가슴이든 전부♥, 여러분의 자지 밀크 저에게 주세요♥♥」","「쥬르르릇♥, 네에엥♥, 얼굴이든 가슴이든 전부♥, 여러분의 자지 밀크 저에게 주세요♥♥」"
Akiho,Akiho,Korean_Steam,Akiho.Fallen3-49,443,443,どぶっ、どびゅるるるるうっっ！,"돕, 도뷰르르르르웃!","뷰릇, 도뷰르르르르웃!"
Akiho,Akiho,Korean_Steam,Akiho.Fallen3-51,447,447,「ごぶぶっ♥、ひぁっ♥♥、ちゅぶううううっ♥♥、ん゛んっ♥、ずるるッ♥♥、じゅるっ♥♥♥」,"「곱붑♥, 히얏♥♥, 츄부우우우웃♥♥, 으음옷 ♥, 즈르릇♥♥, 쥬릇♥♥♥」","「고릇♥, 히얏♥♥, 츄부우우우웃♥♥, 으음옷 ♥, 즈르릇♥♥, 쥬릇♥♥♥」"
Akiho,Akiho,Korean_Steam,Akiho.Fallen3-53,451,451,「ごきゅっ♥、ごきゅっっ♥、ごきゅっ♥♥……ぷはぁっ♥♥ごめんなさいっ、射精に釣られてでちゃいましたっ♥」,"「고큣♥, 고큣♥♥, 고큣♥♥……푸핫♥♥ 미안해요, 사정에 낚여서 나와버렸어요♥」","「고큣♥, 고큣♥♥, 고큣♥♥……푸핫♥♥ 미안해요, 사정에 덕분에 나와버렸어요♥」"
Akiho,Akiho,Korean_Steam,Akiho.Fallen3-61,467,467,―――その日明穂はその後何回も戦闘員たちに乳首を絞られ、財団の生体ミルクサーバーとして数十リットルもの母乳を出すのであった,"―――그날 아키호는 그 후 몇 번이나 전투원들에게 유두를 짜이며, 재단의 생체 밀크 서버로서 수십 리터의 모유를 냈다","―――그날 아키호는 그 후 몇 번이나 전투원들에게 유두를 짜이고, 재단의 생체 밀크 서버로서 수십 리터의 모유를 내는 것이었다"
Akiho,Akiho,Korean_Steam,Akiho.Debauchery1-7,490,490,「余りにも性欲が強くて夜の街で遊び歩くもんだから困ってるそうだ」,「너무 성욕이 강해서 밤거리를 쏘다니는 바람에 곤란하다고 하더군」,「너무 성욕이 강해서 밤마다 곤란하다고 하더군」
Akiho,Akiho,Korean_Steam,Akiho.Debauchery1-10,496,496,話をしているうちにホテルの最上階の一室に辿り着くと、筋骨隆々とした金髪の男が近寄ってくる,"이야기를 하는 동안 호텔 최상층의 한 방에 도착하자, 근골륭륭한 금발 남자가 다가온다","이야기를 하는 동안 호텔 최상층의 한 방에 도착하자, 근골이 건장한 금발 남자가 다가온다"
Akiho,Akiho,Korean_Steam,Akiho.Debauchery1-16,508,508,「ひゃぅ！？、や、やめてくださいっ！」,"「히야웃!?, 여, 그만두세요!」","「히야웃!?, 그, 그만두세요!」"
Akiho,Akiho,Korean_Steam,Akiho.Debauchery1-38,552,552,「お゛お゛っ♥！？、や、やらっ♥、痛いっ♥、ぬいてえっ♥！」,"「오오옷♥!?, 야, 야랏♥, 아파♥, 빼줘엇♥!」","「오오옷♥!?, 시, 싫어♥, 아파♥, 빼줘엇♥!」"
Akiho,Akiho,Korean_Steam,Akiho.Debauchery1-56,588,588,「カヒュッ、ゴホッ、い゛、いづ…までっ♥」,"「카흇, 콜록, 이, 언제…까지♥」","「카흇, 콜록, 어, 언제…까지♥」"
Akiho,Akiho,Korean_Steam,Akiho.Debauchery1-65,606,606,ドプッ、ドビュルルルッ！,"돕, 도뷰르르르릇!","뷰릇, 도뷰르르르릇!"
Akiho,Akiho,Korean_Steam,Akiho.Debauchery1-67,610,610,大量の精液を明穂の膣内に放った後、男はようやく明穂の首から手を放す,"대량의 정액을 아키호의 질 내에 싼 후, 남자는 드디어 아키호의 목에서 손을 뗀다","대량의 정액을 아키호의 질 내에 싼 후, 남자는 드디어 아키호의 목에서 손을 푼다"
Akiho,Akiho,Korean_Steam,Akiho.Debauchery1-70,616,616,「ひぐっ♥、あ゛ありがどうございますっ…」,"「히끅♥, 아옷  감사합니다앗…」","「히읏♥, 아옷  감사합니다앗…」"
Akiho,Akiho,Korean_Steam,Akiho.Debauchery1-74,624,624,「や…やだっ！、帰してっ！お願いっ！」,"「야… 싫엇!, 돌려보내줘! 부탁이야!」","「시… 싫엇!, 돌려보내줘! 부탁이야!」"
Akiho,Akiho,Korean_Steam,Akiho.Debauchery1-76,628,628,「やっ♥、あっ♥、あああああっ♥♥」,"「얏♥, 앗♥, 아아아아앗♥♥」","「싫어♥, 앗♥, 아아아아앗♥♥」"
Akiho,Akiho,Korean_Steam,Akiho.Debauchery1-77,630,630,そして、この日から明穂の男との堕落した生活が始まるのだった,그리고 이날부터 아키호와 남자의 타락한 생활이 시작되었다,"그리고, 이날부터 아키호의 남자와의 타락한 생활이 시작되는 것이었다"
Akiho,Akiho,English_Steam,Akiho.Debauchery2-4,640,640,「フ―――――ッ……」,"""Fuuuuuuuuuuu""","""Haaaaaah..."""
Akiho,Akiho,Korean_Steam,Akiho.Debauchery2-17,666,666,「……あー?、それとも首絞めてほしくてワザと力抜いてたのか？このクソビッチが」,"「……아-?,  아니면 목 졸리고 싶어서 일부러 힘 뺀 건가? 이 망할 년이」","「……아-?,  아니면 목 졸리고 싶어서 일부러 그런 건가? 이 망할 년이」"
Akiho,Akiho,Korean_Steam,Akiho.Debauchery2-18,668,668,「ゴホッ♥、ゲホッ♥、ち、ちがいまひゅっ♥」,"「콜록♥, 게홋♥, 다, 다릅니닷♥」","「콜록♥, 게홋♥, 아, 아니에요♥」"
Akiho,Akiho,Korean_Steam,Akiho.Core1-8,765,765,「っ、だ、誰っ…？なんでこんなことをするのっ！？」,"「윽, 다, 누구…? 왜 이런 짓을 하는 거야!?」","「윽, 누, 누구…? 왜 이런 짓을 하는 거야!?」"
Akiho,Akiho,Korean_Steam,Akiho.Core1-13,775,775,研究員の男がそう言うと、容器の下からガコンッ！と何かが開く音が聞こえる,"연구원 남자가 그렇게 말하자, 용기 아래에서 덜컹! 하고 무언가가 열리는 소리가 들린다","연구원 남자가 그렇게 말하자, 용기 아래에서 무언가가 열리는 소리가 들린다"
Akiho,Akiho,Korean_Steam,Akiho.Core1-21,791,791,「ひあっ♥、や、やめてっ♥！」,"「히앗♥, 여, 그만해♥!」","「히앗♥, 그, 그만해♥!」"
Akiho,Akiho,English_Steam,Akiho.Core1-34,817,817,「はあっ、何とかしないとっ！…でもっ♥！ん゛っ♥」,"""Haaaa... I need to do something about this... But♥ Nnnnn♥""","""Haaaa... I need to do something about this... But♥ Nnnnn♥"
Akiho,Akiho,Korean_Steam,Akiho.Core1-55,859,859,ゴプッ…ゴポッ…,곱… 곱…,고붓… 고부웃…
Akiho,Akiho,Korean_Steam,Akiho.Core1-58,865,865,明穂の体から力が抜け、意識はスライムに溶けていくのだった,"아키호의 몸에서 힘이 빠지고, 의식은 슬라임 속으로 녹아들었다","아키호의 몸에서 힘이 빠져, 의식은 슬라임에 녹아드는 것이었다"
Akiho,Akiho,Korean_Steam,Akiho.Core2-24,916,916,(～っ！？、な、何っ！、そこに誰かいるのっ！？),"(~윽!?, 뭐, 뭐야!, 거기에 누구 있는 거야!?)","(~윽!?, 뭐, 뭐야!, 거기에 누구 있는 거야!?」"
Akiho,Akiho,Korean_Steam,Akiho.Core2-27,922,922,(～～～っ！？、え、何っ、どういう事っ！？),"(~~~윽!?, 에, 뭐야, 무슨 소리야!?)","(~~~윽!?, 에, 뭐야, 무슨 소리야!?」"
Akiho,Akiho,Korean_Steam,Akiho.Core2-36,940,940,(ひぐっ♥、んあああっ♥！),"(히끅♥, 응아아앗♥!)","(히읏♥, 응아아앗♥!)"
Akiho,Akiho,Korean_Steam,Akiho.Core2-51,970,970,その後、スライムは明穂の姿をした怪人として活躍し、明穂はオナホとして戦闘員達に使用される日々が続くのだった,"그 후 슬라임은 아키호의 모습을 한 괴인으로 활약하고, 아키호는 오나홀로서 전투원들에게 사용되는 나날을 보내게 되었다","그 후, 슬라임은 아키호의 모습을 한 괴인으로서 활약하고, 아키호는 오나홀로서 전투원들에게 사용되는 나날이 계속되는 것이었다"
Daiya,Daiya,Korean_Steam,Daiya.Fallen1-57,116,116,そしてダイヤは全く抵抗できないまま、その体は順調に改造されていくのだった。,"그리고 다이아는 전혀 저항하지 못한 채, 몸이 순조롭게 개조되어 갔다.","그리고 다이아는 전혀 저항할 수 없는 채, 그 몸은 순조롭게 개조되어 가는 것이었다."
Daiya,Daiya,Korean_Steam,Daiya.Fallen2-72,274,274,「や、ひあっ、や、やめろぉ！！」,"「야, 히앗, 야, 그만둬!!」","「싫어, 히앗, 그, 그만둬!!」"
Daiya,Daiya,Korean_Steam,Daiya.Fallen2-113,356,356,「はあっ♥、はあっ♥、お゛おっ♥だ、だれが……オナホなんかにぃ…♥！」,"「하앗♥, 하앗♥, 오옷 오옷♥ 다, 누가…… 오나홀 따위에…♥!」","「하앗♥, 하앗♥, 오옷 오옷♥ 누, 누가…… 오나홀 따위에…♥!」"
Daiya,Daiya,Korean_Steam,Daiya.Fallen2-121,372,372,「や、やだ…っ！……ヒスイっ…た、助けにきてえっ！！早くっ！」,"「여, 싫어…윽!…… 히스이… 도, 도와주러 와줘!! 빨리!」","「시, 싫어…윽!…… 히스이… 도, 도와주러 와줘!! 빨리!」"
Daiya,Daiya,Korean_Steam,Daiya.Fallen2-125,380,380,そしてその日、ダイヤは10回以上怪人に使われ、ダイヤの心は確実に砕かれていくのだった,"그리고 그날, 다이아는 10번 이상 괴인에게 사용되며 마음이 확실히 부서져 갔다","그리고 그날, 다이아는 10번 이상 괴인에게 사용되고, 다이아의 마음은 확실히 부서져 가는 것이었다"
Daiya,Daiya,Korean_Steam,Daiya.Fallen3-39,468,468,「はひいっ♥、あ、ありがとうございますっ♥、雑魚まんこですか存分にお使いくださいぃいいっ♥！」,"「하히잇♥, 아, 감사합니다♥, 잡어 보지이지만 마음껏 사용해주세요이이잇♥!」","「하히잇♥, 아, 감사합니다♥, 허접 보지이지만 마음껏 사용해주세요이이잇♥!」"
Daiya,Daiya,Korean_Steam,Daiya Seikaku Scene,560,904,聖核シーン,,성핵 이벤트
Daiya DLC2,Daiya,English_Steam,Daiya.Debauchery1-2,6,528,「へっ♥、へっ♥、お呼びでしょうかっ♥、那由多さまっ♥！」,Heh♥ heh♥ did you call for me♥ Lady Nayuta♥!,"""Heh♥ heh♥ did you call for me♥ Lady Nayuta♥!"""
Daiya DLC2,Daiya,English_Steam,Daiya.Debauchery1-3,8,530,「ふふっ♥、いい子ですね！無様で哀れなダイヤさん♥」,Fufu♥ what a good girl! You pathetic and pitiful Daiya♥,"""Fufu♥ what a good girl! You pathetic and pitiful Daiya♥"""
Daiya DLC2,Daiya,English_Steam,Daiya.Debauchery1-4,10,532,「貴女を呼び出した理由はほかでもありません、今日は私と一緒にご主人様にご奉仕をします。」,There's no other reason I called you here. Today you'll serve Master together with me.,"""There's no other reason I called you here. Today you'll serve Master together with me."""
Daiya DLC2,Daiya,English_Steam,Daiya.Debauchery1-5,12,534,「へっ♥、わふっ♥、うれしいですっ♥！」,Heh♥ Woof♥ I'm so happy♥!,"""Heh♥ Woof♥ I'm so happy♥!"""
Daiya DLC2,Daiya,English_Steam,Daiya.Debauchery1-6,14,536,「そういう訳で、手足は返してあげます。さあ、一緒にご主人様の所へ行きましょう♥」,"That being the case, I'll return your limbs to you. Now, let's go to Master together♥","""That being the case, I'll return your limbs to you. Now, let's go to Master together♥"""
Daiya DLC2,Daiya,English_Steam,Daiya.Debauchery1-7,16,538,「わうっ♥、ご主人様っ♥、ご奉仕しますうっ♥！！」,Woof♥ Master♥ I'll serve you♥!!,"""Woof♥ Master♥ I'll serve you♥!!"""
Daiya DLC2,Daiya,English_Steam,Daiya.Debauchery1-10,24,546,「んちゅっ♥、れろおっ♥、んっ♥……」,"Mmchu♥, slurp♥, mmm♥...","""Mmchu♥, slurp♥, mmm♥..."""
Daiya DLC2,Daiya,English_Steam,Daiya.Debauchery1-11,26,548,「はあっ♥、はあっ♥、ジュルッ♥、れろっ♥…」,"Haa♥, haa♥, slurp♥, lick♥...","""Haa♥, haa♥, slurp♥, lick♥..."""
Daiya DLC2,Daiya,Korean_Steam,Daiya.Debauchery1-12,28,550,「はあっ♥、いかがですかっ……ご主人様ぁっ♥」,"「하앗♥, 어떻습니까…… 주인님아♥」","「하앗♥, 어떻습니까…… 주인님♥」"
Daiya DLC2,Daiya,English_Steam,Daiya.Debauchery1-12,28,550,「はあっ♥、いかがですかっ……ご主人様ぁっ♥」,"Haa♥, how is it... Master♥","""Haa♥, how is it... Master♥"""
Daiya DLC2,Daiya,English_Steam,Daiya.Debauchery1-13,30,552,「私達のっ♥…メスブタご奉仕っ♥…どうぞご堪能ください…♥」,Our♥... pig service♥... please enjoy it to the fullest...♥,"""Our♥... pig service♥... please enjoy it to the fullest...♥"""
Daiya DLC2,Daiya,English_Steam,Daiya.Debauchery1-14,32,554,「グフフッ…！いいぞっメスブタ共！」,"Gufufu...! Good work, you pigs!","""Gufufu...! Good work, you pigs!"""
Daiya DLC2,Daiya,English_Steam,Daiya.Debauchery1-15,34,556,「ほらダイヤ…これから私達をハメてくださるおちんぽ様何ですからっ…♥もっと入念にきれいにしないと…♥」,"Come on, Daiya... This is the cock that's going to fuck us...♥ We need to clean it more thoroughly...♥","""Come on, Daiya... This is the cock that's going to fuck us...♥ We need to clean it more thoroughly...♥"""
Daiya DLC2,Daiya,English_Steam,Daiya.Debauchery1-16,36,558,「はいっ…♥那由多様っ……れろっ♥、れろっ♥、ちゅううっ♥」,"Yes...♥ Lady Nayuta... lick♥, lick♥, chuuu♥","""Yes...♥ Lady Nayuta... lick♥, lick♥, chuuu♥"""
Daiya DLC2,Daiya,English_Steam,Daiya.Debauchery1-17,38,560,「ふふふっ♥、おじょうずですよっ♥」,"Fufufu♥, you're doing so well♥","""Fufufu♥, you're doing so well♥"""
Daiya DLC2,Daiya,English_Steam,Daiya.Debauchery1-18,40,562,「それと……今は私も貴女もご主人様のメスブタです…♥様などつけなくていいですよ♥」,"Also... right now, both you and I are Master's pigs...♥ You don't need to use honorifics♥","""Also... right now, both you and I are Master's pigs...♥ You don't need to use honorifics♥"""
Daiya DLC2,Daiya,English_Steam,Daiya.Debauchery1-19,42,564,「そ、それは…」,B-but that's...,"""B-but that's..."""
Daiya DLC2,Daiya,English_Steam,Daiya.Debauchery1-20,44,566,「ふふっ♥、確かに私の方が貴女より圧倒的に階級が上ですが…ご主人様の前では等しくただの性処理奴隷ですから…♥」,"Fufu♥, it's true that I'm overwhelmingly higher in rank than you... but before Master, we're equally just sex slaves...♥","""Fufu♥, it's true that I'm overwhelmingly higher in rank than you... but before Master, we're equally just sex slaves...♥"""
Daiya DLC2,Daiya,English_Steam,Daiya.Debauchery1-21,46,568,「し、しかしっ…私のような犬が那由多様を呼び捨てにするなど…」,B-but... for a dog like me to address Lady Nayuta without honorifics...,"""B-but... for a dog like me to address Lady Nayuta without honorifics..."""
Daiya DLC2,Daiya,English_Steam,Daiya.Debauchery1-22,48,570,「そんな事全く気にしないのですが…しかしよく考えたらブタが人間のように名前を名乗るのも失礼ですね…」,"I don't mind that at all... but now that I think about it, it's rude for pigs to use human names...","""I don't mind that at all... but now that I think about it, it's rude for pigs to use human names..."""
Daiya DLC2,Daiya,English_Steam,Daiya.Debauchery1-23,50,572,「ではこうしましょう！私はメスブタ1号で、あなたはメスブタ2号です♥」,"Let's do this then! I'm pig 1, and you're pig 2♥","""Let's do this then! I'm pig 1, and you're pig 2♥"""
Daiya DLC2,Daiya,English_Steam,Daiya.Debauchery1-24,52,574,「これは命令という事でっ…♥さあメスブタ2号ちゃん？ご主人様にご奉仕しますよっ♥」,"This is an order...♥ Now, pig 2? Let's service Master♥","""This is an order...♥ Now, pig 2? Let's service Master♥"""
Daiya DLC2,Daiya,English_Steam,Daiya.Debauchery1-25,54,576,「ぶ、ブヒッ♥メスブタ1号様っ♥！私もご奉仕いたしますっ♥」,O-oink♥ Pig 1♥! I'll service him too♥,"""O-oink♥ Pig 1♥! I'll service him too♥"""
Daiya DLC2,Daiya,English_Steam,Daiya.Debauchery1-27,58,580,「はあっ♥、いかがですかっ…私のおっぱいっ…♥」,"Haa♥, how are they... my tits...♥","""Haa♥, how are they... my tits...♥"""
Daiya DLC2,Daiya,English_Steam,Daiya.Debauchery1-28,60,582,「ふふっ♥、可愛いですねッ♥、ずいぶんと大きくなったんじゃないですか♥？」,"Fufu♥, how cute♥, haven't they gotten quite big♥?","""Fufu♥, how cute♥, haven't they gotten quite big♥?"""
Daiya DLC2,Daiya,English_Steam,Daiya.Debauchery1-29,62,584,「はいっ…♥ご主人様にご奉仕する中でっ♥、こんなに大きくなっちゃいましたぁ♥」,"Yes...♥ While servicing Master♥, they've gotten this big♥","""Yes...♥ While servicing Master♥, they've gotten this big♥"""
Daiya DLC2,Daiya,English_Steam,Daiya.Debauchery1-30,64,586,「ふふっ♥、偉いですねっ♥、メスブタ2号ちゃん？まあ私もご主人様に可愛がられたおかげでこんなですが…♥」,"Fufu♥, you're such a good girl♥, pig 2? Well, mine are like this too thanks to Master's affection...♥","""Fufu♥, you're such a good girl♥, pig 2? Well, mine are like this too thanks to Master's affection...♥"""
Daiya DLC2,Daiya,English_Steam,Daiya.Debauchery1-31,66,588,「それなのにっ♥、私達のおっぱいから出てきちゃうご主人様の巨大おちんぽっ♥、かっこよすぎますっ♥」,"Even so♥, Master's huge cock poking out from between our tits♥, it's too amazing♥","""Even so♥, Master's huge cock poking out from between our tits♥, it's too amazing♥"""
Daiya DLC2,Daiya,English_Steam,Daiya.Debauchery1-32,68,590,「ブヒッ♥、そうですねっ…♥おちんぽ様の脈動が心臓に届いてっ♥、私もっ♥、勝手に発情してしまいますっ♥」,"Oink♥, you're right...♥ The cock's pulsing reaches my heart♥, and I♥ can't help getting horny♥","""Oink♥, you're right...♥ The cock's pulsing reaches my heart♥, and I♥ can't help getting horny♥"""
Daiya DLC2,Daiya,English_Steam,Daiya.Debauchery1-34,72,594,「はあっ♥、はあっ♥、ちゅるるるっ♥」,"Haa♥, haa♥, slurrrp♥","""Haa♥, haa♥, slurrrp♥"""
Daiya DLC2,Daiya,English_Steam,Daiya.Debauchery1-35,74,596,「ちゅるっ♥はあっ♥、もう十分に濡れて…大きくなってますっ…♥」,"Slurp♥ haa♥, it's already thoroughly wet... and so big...♥","""Slurp♥ haa♥, it's already thoroughly wet... and so big...♥"""
Daiya DLC2,Daiya,English_Steam,Daiya.Debauchery1-36,76,598,「はあっ♥、はあっ♥、ご主人様の…おちんぽっ♥！」,"Haa♥, haa♥, Master's... cock♥!","""Haa♥, haa♥, Master's... cock♥!"""
Daiya DLC2,Daiya,English_Steam,Daiya.Debauchery1-37,78,600,「グフフッ…もういいだろうメスブタ共…、順番にハメてやる！」,"Gufufu... That's enough, pigs... I'll take you in turns!","""Gufufu... That's enough, pigs... I'll take you in turns!"""
Daiya DLC2,Daiya,Korean_Steam,Daiya.Debauchery1-38,80,602,「っ♥ブヒッ！ご主人様ぁ♥！」,「윽♥ 부힛! 주인님아♥!」,「윽♥ 부힛! 주인님♥!」
Daiya DLC2,Daiya,English_Steam,Daiya.Debauchery1-38,80,602,「っ♥ブヒッ！ご主人様ぁ♥！」,♥ Oink! Master♥!,"""♥ Oink! Master♥!"""
Daiya DLC2,Daiya,English_Steam,Daiya.Debauchery1-39,82,604,「はあっ♥、はあっ♥、お願いいたしますうっ♥」,"Haa♥, haa♥, please do♥","""Haa♥, haa♥, please do♥"""
Daiya DLC2,Daiya,English_Steam,Daiya.Debauchery1-40,86,608,「はあっ♥、はあっ♥、はあっ♥……ゴクッ…♥」,"Haa♥, haa♥, haa♥... gulp...♥","""Haa♥, haa♥, haa♥... gulp...♥"""
Daiya DLC2,Daiya,English_Steam,Daiya.Debauchery1-41,88,610,「いつもはご主人様に使われるだけでしたがっ♥…今日は私がご奉仕しますうっ♥」,Usually I'm just used by Master♥... but today I'll be the one servicing♥,"""Usually I'm just used by Master♥... but today I'll be the one servicing♥"""
Daiya DLC2,Daiya,English_Steam,Daiya.Debauchery1-42,90,612,「ふふっ♥、メスブタ2号ちゃん、そんなにおちんぽ様に必死になって♥…かわいいですね♥」,"Fufu♥, pig 2, getting so desperate for cock♥... how cute♥","""Fufu♥, pig 2, getting so desperate for cock♥... how cute♥"""
Daiya DLC2,Daiya,English_Steam,Daiya.Debauchery1-43,92,614,「ブヒッ♥、ご主人様のおちんぽっ♥、はあっ♥はあっ♥」,"Oink♥, Master's cock♥, haa♥ haa♥","""Oink♥, Master's cock♥, haa♥ haa♥"""
Daiya DLC2,Daiya,English_Steam,Daiya.Debauchery1-44,94,616,「ふふっ♥、メスブタ2号ちゃんも我慢できないようですので…♥さ、ご主人様…♥」,"Fufu♥, it seems pig 2 can't hold back anymore...♥ Now, Master...♥","""Fufu♥, it seems pig 2 can't hold back anymore...♥ Now, Master...♥"""
Daiya DLC2,Daiya,English_Steam,Daiya.Debauchery1-45,96,618,「グフフッ…いいだろう。挿入を許可してやる」,Gufufu... Very well. I permit insertion,"""Gufufu... Very well. I permit insertion"""
Daiya DLC2,Daiya,English_Steam,Daiya.Debauchery1-46,98,620,「はあっ♥はあっ♥ブヒッ♥！、おちんぽっ♥、入れさせていただきますっ♥！」,"Haa♥ haa♥ oink♥! Cock♥, I'll be putting it in♥!","""Haa♥ haa♥ oink♥! Cock♥, I'll be putting it in♥!"""
Daiya DLC2,Daiya,English_Steam,Daiya.Debauchery1-47,100,622,「はあっ♥……私のお腹のこんな所までっ……♥」,Haa♥... All the way to this part of my belly...♥,"""Haa♥... All the way to this part of my belly...♥"""
Daiya DLC2,Daiya,English_Steam,Daiya.Debauchery1-49,104,626,「い、イキますっ♥、ぶひっ！」,"H-Here I come♥, oink!","""H-Here I come♥, oink!"""
Daiya DLC2,Daiya,English_Steam,Daiya.Debauchery1-51,108,630,「ブヒッ♥、お゛おおおおおっ♥♥！？」,"Oink♥, ohhhhhhh♥♥!?","""Oink♥, ohhhhhhh♥♥!?"""
Daiya DLC2,Daiya,English_Steam,Daiya.Debauchery1-52,110,632,「ほ゛おっ♥、ブヒッ、は、入りましたぁッ♥！！」,"Hooh♥, oink, i-it's inside♥!!","""Hooh♥, oink, i-it's inside♥!!"""
Daiya DLC2,Daiya,English_Steam,Daiya.Debauchery1-53,112,634,「お゛おっ♥！ほ゛おっ♥、おっ♥…！！」,"Ohh♥! Hooh♥, oh♥...!!","""Ohh♥! Hooh♥, oh♥...!!"""
Daiya DLC2,Daiya,English_Steam,Daiya.Debauchery1-54,114,636,「おやおやメスブタ2号ちゃん…♥まさか入れただけでイッてませんか？」,"Oh my, pig 2...♥ Don't tell me you came just from putting it in?","""Oh my, pig 2...♥ Don't tell me you came just from putting it in?"""
Daiya DLC2,Daiya,English_Steam,Daiya.Debauchery1-55,116,638,「ひうぅ♥、ブヒッ♥、は、はいっ♥、ご主人様のおちんぽ凄すぎてっ♥…！」,"Hiuu♥, oink♥, y-yes♥, Master's cock is too amazing♥...!","""Hiuu♥, oink♥, y-yes♥, Master's cock is too amazing♥...!"""
Daiya DLC2,Daiya,English_Steam,Daiya.Debauchery1-56,118,640,「申し訳ありませんっ♥、ご主人様あっ♥」,"I'm so sorry♥, Master♥","""I'm so sorry♥, Master♥"""
Daiya DLC2,Daiya,English_Steam,Daiya.Debauchery1-57,120,642,「全く…メスブタ2号ちゃんは私の次くらいには強いはずなんですがね…♥まあ、ご主人様のおちんぽの前ではしょうがないですね♥」,"Honestly... pig 2 should be almost as strong as me...♥ Well, I suppose it can't be helped before Master's cock♥","""Honestly... pig 2 should be almost as strong as me...♥ Well, I suppose it can't be helped before Master's cock♥"""
Daiya DLC2,Daiya,English_Steam,Daiya.Debauchery1-58,122,644,「まあいつもご主人様に抱っこされてオナホ扱いでしたからね♥でも貴女はそこそこ強いんですから頑張らないと！」,"Well, you were always held by Master and used like a toy♥ But you're reasonably strong, so you need to try harder!","""Well, you were always held by Master and used like a toy♥ But you're reasonably strong, so you need to try harder!"""
Daiya DLC2,Daiya,English_Steam,Daiya.Debauchery1-59,124,646,「はいっ♥、メスブタ2号っ♥、ご主人様のおちんぽを気持ち良くするためにっ♥、頑張ります！！」,"Yes♥, pig 2♥ will do her best to make Master's cock feel good♥!!","""Yes♥, pig 2♥ will do her best to make Master's cock feel good♥!!"""
Daiya DLC2,Daiya,English_Steam,Daiya.Debauchery1-60,126,648,「ううっ♥、お゛っ♥…お゛おっ♥！」,"Uuh♥, oh♥... ohh♥!","""Uuh♥, oh♥... ohh♥!"""
Daiya DLC2,Daiya,English_Steam,Daiya.Debauchery1-62,130,652,「お゛ほおっ♥！お゛おっ♥！い、いかがですかっ…♥！」,Ohooh♥! Ohh♥! H-how is it...♥!,"""Ohooh♥! Ohh♥! H-how is it...♥!"""
Daiya DLC2,Daiya,English_Steam,Daiya.Debauchery1-63,132,654,「ふふっ♥、ヘコヘコするたびにお腹がおちんちんの形に膨らんでますよっ♥♥」,"Fufu♥, every time you move, your belly bulges in the shape of his cock♥♥","""Fufu♥, every time you move, your belly bulges in the shape of his cock♥♥"""
Daiya DLC2,Daiya,English_Steam,Daiya.Debauchery1-64,134,656,「ブヒッ♥、お゛っ♥！お゛っ♥！」,"Oink♥, oh♥! Oh♥!","""Oink♥, oh♥! Oh♥!"""
Daiya DLC2,Daiya,English_Steam,Daiya.Debauchery1-65,136,658,「ふふっ♥、メスブタ2号ちゃんはおチンポに必死ですねっ♥…私もっ……」,"Fufu♥, pig 2 is so desperate for cock♥... Me too...","""Fufu♥, pig 2 is so desperate for cock♥... Me too..."""
Daiya DLC2,Daiya,English_Steam,Daiya.Debauchery1-67,140,662,「ブヒッ♥、えへへっ♥…メスブタ2号ちゃんが頑張ってるのでっ♥♥メスブタ1号もおうえんしますっ♥！」,"Oink♥, ehehe♥... Since pig 2 is working hard♥♥ pig 1 will cheer you on♥!","""Oink♥, ehehe♥... Since pig 2 is working hard♥♥ pig 1 will cheer you on♥!"""
Daiya DLC2,Daiya,English_Steam,Daiya.Debauchery1-69,144,666,「ああんっ♥ご主人様の厚い胸板っ♥♥、ごつごつしてかっこいいですうっ♥」,"Aahn♥ Master's thick chest♥♥, so rugged and cool♥","""Aahn♥ Master's thick chest♥♥, so rugged and cool♥"""
Daiya DLC2,Daiya,English_Steam,Daiya.Debauchery1-70,146,668,「あんっ♥、メスブタ1号もっ♥、早くおちんちん欲しくなってきましたっ…♥」,"Ahn♥, pig 1 too♥ is starting to want cock soon...♥","""Ahn♥, pig 1 too♥ is starting to want cock soon...♥"""
Daiya DLC2,Daiya,English_Steam,Daiya.Debauchery1-71,148,670,「ほらメスブタ2号ちゃん♥、私が待っているんですから早く交代してくださいっ…♥！」,"Come on, pig 2♥, I'm waiting so please hurry up and switch...♥!","""Come on, pig 2♥, I'm waiting so please hurry up and switch...♥!"""
Daiya DLC2,Daiya,English_Steam,Daiya.Debauchery1-72,150,672,「ブヒッ♥、ほ゛おっ♥、お゛おっ♥！ま、まってっ♥、せめてご主人様を射精させてからっ♥！」,"Oink♥, hooh♥, ohh♥! W-wait♥, at least let me make Master come first♥!","""Oink♥, hooh♥, ohh♥! W-wait♥, at least let me make Master come first♥!"""
Daiya DLC2,Daiya,English_Steam,Daiya.Debauchery1-73,152,674,「ふふっ♥、しょうがないですねっ♥、いいですよっ♥、しっかりおマンコでご奉仕してくださいっ♥」,"Fufu♥, I suppose it can't be helped♥, alright♥, make sure to service him well with your pussy♥","""Fufu♥, I suppose it can't be helped♥, alright♥, make sure to service him well with your pussy♥"""
Daiya DLC2,Daiya,English_Steam,Daiya.Debauchery1-74,154,676,「ほ゛おっ♥、ブヒッ♥、はいっ♥、お゛っ♥！」,"Hooh♥, oink♥, yes♥, oh♥!","""Hooh♥, oink♥, yes♥, oh♥!"""
Daiya DLC2,Daiya,English_Steam,Daiya.Debauchery1-76,158,680,「ブヒッ♥、ブヒッ♥、お゛おおっ♥！」,"Oink♥, oink♥, ohhh♥!","""Oink♥, oink♥, ohhh♥!"""
Daiya DLC2,Daiya,English_Steam,Daiya.Debauchery1-77,160,682,「ほらメスブタ2号ちゃん、頑張れ頑張れ♥もっとおチンポごしごししましょう♥」,"Come on, pig #2, you can do it♥ Let's rub that cock more♥","""Come on, pig #2, you can do it♥ Let's rub that cock more♥"""
Daiya DLC2,Daiya,English_Steam,Daiya.Debauchery1-78,162,684,「お゛おっ♥！はひっ♥おちんぽ様っ♥」,Ohh♥! Hahi♥ cock♥,"""Ohh♥! Hahi♥ cock♥"""
Daiya DLC2,Daiya,English_Steam,Daiya.Debauchery1-79,164,686,「お゛おっ♥！？おっ、ご主人様っ♥、ちょっと我慢汁出てますうっ♥！？」,"Ohh♥!? Oh, Master♥, you're leaking a bit♥!?","""Ohh♥!? Oh, Master♥, you're leaking a bit♥!?"""
Daiya DLC2,Daiya,English_Steam,Daiya.Debauchery1-80,166,688,「偉いですよっ♥♥さあ、最後まで頑張ってご奉仕しましょうっ♥♥」,"Good job♥♥ Now, let's work hard and service him to the end♥♥","""Good job♥♥ Now, let's work hard and service him to the end♥♥"""
Daiya DLC2,Daiya,English_Steam,Daiya.Debauchery1-81,168,690,「お゛おっ♥！ほ゛おっ♥、ほ゛おっ♥！」,"Ohh♥! Hooh♥, hooh♥!","""Ohh♥! Hooh♥, hooh♥!"""
Daiya DLC2,Daiya,English_Steam,Daiya.Debauchery1-83,172,694,「ブヒッ♥、私はメスブタの雑魚ですがぁっ♥♥ご主人様にはっ♥、全ての力を使ってご奉仕しますうっ♥！！」,"Oink♥, I'm just a weak pig♥♥ but for Master♥ I'll use all my strength to service you♥!!","""Oink♥, I'm just a weak pig♥♥ but for Master♥ I'll use all my strength to service you♥!!"""
Daiya DLC2,Daiya,English_Steam,Daiya.Debauchery1-84,174,696,「お゛おおっ♥！お゛おっ♥！お゛っ♥！」,Ohhh♥! Ohh♥! Oh♥!,"""Ohhh♥! Ohh♥! Oh♥!"""
Daiya DLC2,Daiya,English_Steam,Daiya.Debauchery1-86,178,700,「お゛っ♥！今っ♥ちょっと出ましたッ♥ご主人様のおっ♥♥精液」,Oh♥! Just now♥ a bit came out♥ Master's♥♥ semen,"""Oh♥! Just now♥ a bit came out♥ Master's♥♥ semen."""
Daiya DLC2,Daiya,English_Steam,Daiya.Debauchery1-87,180,702,「出してくらさいっ♥♥ご主人様の精液ッ♥ぶひいぃっ♥！」,Please come♥♥ Master's semen♥ oinkkkk♥!,"""Please come♥♥ Master's semen♥ oinkkkk♥!"""
Daiya DLC2,Daiya,English_Steam,Daiya.Debauchery1-89,184,706,「ほ゛おっ♥、お゛おおっ～～～！♥♥！」,"Hooh♥, ohhh~~~!♥♥!","""Hooh♥, ohhh~~~!♥♥!"""
Daiya DLC2,Daiya,English_Steam,Daiya.Debauchery1-90,186,708,「ぶひいぃっ～～っ♥♥精液っ♥、出てますっ♥♥！！」,Oinkkk!♥♥ Semen♥ it's coming out♥♥!!,"""Oinkkk!♥♥ Semen♥ it's coming out♥♥!!"""
Daiya DLC2,Daiya,English_Steam,Daiya.Debauchery1-91,188,710,「アハハッ♥、メスブタ2号ちゃんの鍛えたお腹が風船みたいですよっ♥♥」,"Ahaha♥, pig 2's trained belly looks like a balloon♥♥","""Ahaha♥, pig 2's trained belly looks like a balloon♥♥"""
Daiya DLC2,Daiya,English_Steam,Daiya.Debauchery1-92,190,712,「お゛おっ♥！お゛おっ♥！イグッ♥ぶひいぃっっ♥♥！！」,Ohh♥! Ohh♥! Coming♥ oinkkk♥♥!!,"""Ohh♥! Ohh♥! Coming♥ oinkkk♥♥!!"""
Daiya DLC2,Daiya,English_Steam,Daiya.Debauchery1-94,194,716,「ほ゛おっ♥！？精液っ♥出過ぎっ♥！！」,Hooh♥!? So much semen♥ too much♥!!,"""Hooh♥!? So much semen♥ too much♥!!"""
Daiya DLC2,Daiya,English_Steam,Daiya.Debauchery1-95,196,718,結合部から大量の精液が滝のように逆流する,A massive amount of semen came down like a waterfall from the point where they were joined.,A massive amount of semen came down like a waterfall from where they are joined
Daiya DLC2,Daiya,English_Steam,Daiya.Debauchery1-96,198,720,「ああっ♥、そんなにたくさんっ……♥うらやましいですっ♥」,"Aah♥, so much...♥ I'm jealous♥","""Aah♥, so much...♥ I'm jealous♥"""
Daiya DLC2,Daiya,English_Steam,Daiya.Debauchery1-97,200,722,「お゛おっ♥！お゛っ～～～♥！」,Ohh♥! Oh♥!,"""Ohh♥! Oh♥!"""
Daiya DLC2,Daiya,English_Steam,Daiya.Debauchery1-98,202,724,「イきましたっ♥！イクッ！♥、ごしゅじんさまあっ♥！」,I came♥! Coming!♥ Masterrr♥!,"""I came♥! Coming!♥ Masterrr♥!"""
Daiya DLC2,Daiya,English_Steam,Daiya.Debauchery1-99,204,726,「ほ゛おっ♥…！ぶひいぃっ！」,Hooh♥...! Oinkkk!,"""Hooh♥...! Oinkkk!"""
Daiya DLC2,Daiya,English_Steam,Daiya.Debauchery1-100,206,728,「ふふっ♥、偉いですっ……♥ブヒッ♥、私もっ…がまんできないですっ♥」,"Fufu♥, good job...♥ Oink♥, I... can't hold back either♥","""Fufu♥, good job...♥ Oink♥, I... can't hold back either♥"""
Daiya DLC2,Daiya,English_Steam,Daiya.Debauchery1-101,208,730,「ほ゛おっ～～♥お゛っ♥」,Hoohhhhh♥ oh♥,"""Hoohhhhh♥ oh♥"""
Daiya DLC2,Daiya,English_Steam,Daiya.Debauchery1-102,210,732,「ふふっ♥……さあ、メスブタ2号ちゃん♥ご奉仕はまだ始まったばかりですよ…♥」,"Fufu♥... Now, pig 2♥ the service has only just begun...♥","""Fufu♥... Now, pig 2♥ the service has only just begun...♥"""
Daiya DLC2,Daiya,English_Steam,Daiya.Debauchery1-103,212,734,「ご主人様が満足するまでにはまだ10回は射精させなきゃですから…♥」,We still need to make him come at least 10 more times before Master will be satisfied...♥,"""We still need to make him come at least 10 more times before Master will be satisfied...♥"""
Daiya DLC2,Daiya,English_Steam,Daiya.Debauchery1-104,214,736,「さあっ…♥そのために貴女には聖核戦姫の力が残っているのですから…♥二人で満足させるまで頑張りましょう♥」,Come on...♥ That's why you still have your Holy Core Battlemaiden powers...♥ Let's work together until he's satisfied♥,"""Come on...♥ That's why you still have your Holy Core Battlemaiden powers...♥ Let's work together until he's satisfied♥"""
Daiya DLC2,Daiya,English_Steam,Daiya.Debauchery1-105,216,738,「ブヒッ♥、ぶひいぃっ♥！」,"Oink♥, oinkkk♥!","""Oink♥, oinkkk♥!"""
Daiya DLC2,Daiya,English_Steam,Daiya.Debauchery1-106,218,740,「メスブタ2号っ♥♥…ご主人様のペットとしてがんばりますうっ♥！！」,Pig 2♥♥... will work hard as Master's pet♥!!,"""Pig 2♥♥... will work hard as Master's pet♥!!"""
Daiya DLC2,Daiya,English_Steam,Daiya.Debauchery1-107,220,742,――――――――,――――――――,...
Daiya DLC2,Daiya,English_Steam,Daiya.Debauchery1-108,222,744,――――,――――,...
Daiya DLC2,Daiya,English_Steam,Daiya.Debauchery1-109,224,746,ー,ー,...
Daiya DLC2,Daiya,English_Steam,Daiya.Debauchery2-3,233,755,「はあっ♥ご主人様のおちんぽっ♥ああっ♥」,Haa♥ Master's cock♥ aah♥,"""Haa♥ Master's cock♥ aah♥"""
Daiya DLC2,Daiya,English_Steam,Daiya.Debauchery2-4,235,757,「れろっ♥はあっ♥はあっ♥」,Lick♥ haa♥ haa♥,"""Lick♥ haa♥ haa♥"""
Daiya DLC2,Daiya,English_Steam,Daiya.Debauchery2-5,237,759,「はあっ♥、いかがですかっ…この下級戦闘員スーツっ♥♥」,"Haa♥, how is it... this junior soldier suit♥♥","""Haa♥, how is it... this junior soldier suit♥♥"""
Daiya DLC2,Daiya,English_Steam,Daiya.Debauchery2-6,239,761,「はあっ♥、はあっ♥、このスーツ…肌にぴったり張り付きますっ……♥」,"Haa♥, haa♥, this suit... clings so tightly to the skin...♥","""Haa♥, haa♥, this suit... clings so tightly to the skin...♥"""
Daiya DLC2,Daiya,English_Steam,Daiya.Debauchery2-7,241,763,「グフフッ…今日のコスプレは下級戦闘員か」,"Gufufu... Today's cosplay is junior soldier, huh?","""Gufufu... Today's cosplay is junior soldier, huh?"""
Daiya DLC2,Daiya,English_Steam,Daiya.Debauchery2-8,243,765,「ふふっ♥、はいっ♥ご主人様の前では私達など塵芥ですから…♥」,"Fufu♥, yes♥ before Master, we're nothing but dust...♥","""Fufu♥, yes♥ before Master, we're nothing but dust...♥"""
Daiya DLC2,Daiya,English_Steam,Daiya.Debauchery2-9,245,767,「最下級戦闘員の戦闘服こそ私達の正装です…っ♥」,The junior soldier uniforms are our proper attire...♥,"""The junior soldier uniforms are our proper attire...♥"""
Daiya DLC2,Daiya,English_Steam,Daiya.Debauchery2-10,247,769,「はいっ♥…私達にとってご主人様は最上位ですからっ♥…私達は最下級ですっ♥♥」,Yes♥... Master is the highest rank to us♥... we are the lowest rank♥♥,"""Yes♥... Master is the highest rank to us♥... we are the lowest rank♥♥"""
Daiya DLC2,Daiya,English_Steam,Daiya.Debauchery2-12,251,773,「はあっ♥、はあっ♥、何でしたっけ…あの下級戦闘員共の無様な鳴き声…♥」,"Haa♥, haa♥, what was it again... those pathetic cries of the junior soldiers...♥","""Haa♥, haa♥, what was it again... those pathetic cries of the junior soldiers...♥"""
Daiya DLC2,Daiya,English_Steam,Daiya.Debauchery2-13,253,775,「ああ、きぃ？みたいな感じでしたね…♥あのきぃきぃと滑稽で無様な声…♥」,"Ah, it was like 'kii', wasn't it...♥ That ridiculous and pathetic kii kii sound...♥","""Ah, it was like 'kii', wasn't it...♥ That ridiculous and pathetic kii kii sound...♥"""
Daiya DLC2,Daiya,English_Steam,Daiya.Debauchery2-14,255,777,「ですが…その無様さをご主人様に晒してこその下級戦闘員です♥」,But... exposing that patheticness to Master is what makes us true junior soldiers♥,"""But... exposing that patheticness to Master is what makes us true junior soldiers♥"""
Daiya DLC2,Daiya,English_Steam,Daiya.Debauchery2-15,257,779,「はあっ♥、キィーーーーーッ♥！！ああっ♥ほら、ダイヤもっ♥」,"Haa♥, KIIIIII♥!! Aah♥ come on, you too♥","""Haa♥, KIIIIII♥!! Aah♥ come on, you too♥"""
Daiya DLC2,Daiya,English_Steam,Daiya.Debauchery2-16,259,781,「き、キィーーーッ！！これでよろしいでしょうか…？」,K-KIIII!! Is this good...?,"""K-KIIII!! Is this good...?"""
Daiya DLC2,Daiya,English_Steam,Daiya.Debauchery2-17,261,783,「ふふっ♥いい感じです。…そして下級戦闘員に名前などという贅沢なものはいりませんねっ♥」,Fufu♥ that's perfect. And junior soldiers don't need luxuries like names♥,"""Fufu♥ that's perfect. And junior soldiers don't need luxuries like names♥"""
Daiya DLC2,Daiya,English_Steam,Daiya.Debauchery2-18,263,785,「まあ適当に私は下級戦闘員01号でいいでしょう。貴女は02号ですねっ♥」,"Well, I'll just be junior soldier 01. You're 02♥","""Well, I'll just be junior soldier 01. You're 02♥"""
Daiya DLC2,Daiya,English_Steam,Daiya.Debauchery2-19,265,787,「キィーーーーッ！！下級戦闘員02号っ♥♥ご主人様にパイズリご奉仕いたしますっ♥♥」,KIIIIII!! Junior soldier 02♥♥ will give Master with a titfuck♥♥,"""KIIIIII!! Junior soldier 02♥♥ will give Master with a titfuck♥♥"""
Daiya DLC2,Daiya,English_Steam,Daiya.Debauchery2-20,267,789,「キィーーーーッ！！下級戦闘員01号もっ♥♥ご奉仕させていただきますっ♥♥」,KIIIIII!! Junior soldier 01 will also♥♥ serve the Master♥♥,"""KIIIIII!! Junior soldier 01 will also♥♥ serve the Master♥♥"""
Daiya DLC2,Daiya,English_Steam,Daiya.Debauchery2-21,271,793,「はあっ♥、はあっ♥、はあっ♥キィーーーーーッ♥！！」,"Haa♥, haa♥, haa♥ KIIIIII♥!!","""Haa♥, haa♥, haa♥ KIIIIII♥!!"""
Daiya DLC2,Daiya,English_Steam,Daiya.Debauchery2-22,273,795,「アハハッ♥、下級戦闘員02号ちゃんは我慢できないようですねっ♥♥」,"Ahaha♥, Looks like 02 can't hold back anymore♥♥","""Ahaha♥, Looks like 02 can't hold back anymore♥♥"""
Daiya DLC2,Daiya,Korean_Steam,Daiya.Debauchery2-23,275,797,「キィーーーッ！！♥、はいっ♥ご主人様ぁっ♥♥02号にっ♥♥、挿入の許可をっ♥♥」,"「키이ーーー잇!!♥, 네엣♥ 주인님아♥♥ 02호에게♥♥, 삽입 허가를♥♥」","「키이ーーー잇!!♥, 네엣♥ 주인님♥♥ 02호에게♥♥, 삽입 허가를♥♥」"
Daiya DLC2,Daiya,English_Steam,Daiya.Debauchery2-23,275,797,「キィーーーッ！！♥、はいっ♥ご主人様ぁっ♥♥02号にっ♥♥、挿入の許可をっ♥♥」,"KIIII!!♥, yes♥ Master♥♥ please give 02♥♥ permission to insert♥♥","""KIIII!!♥, yes♥ Master♥♥ please give 02♥♥ permission to insert♥♥"""
Daiya DLC2,Daiya,English_Steam,Daiya.Debauchery2-24,277,799,「グフフッ、いいだろうっ、02号。奉仕を許可する！」,"Gufufu, very well, 02. I permit your service!","""Gufufu, very well, 02. I permit your service!"""
Daiya DLC2,Daiya,English_Steam,Daiya.Debauchery2-25,279,801,「キィーーーーッ！！ありがとうございますっ♥♥！」,KIIIIII!! Thank you so much♥♥!,"""KIIIIII!! Thank you so much♥♥!"""
Daiya DLC2,Daiya,English_Steam,Daiya.Debauchery2-26,281,803,「下級戦闘員02号。ご主人様のおチンポハメさせていただきますッ♥！！」,"I, junior soldier 02 will be taking Master's cock♥!!","""I, junior soldier 02 will be taking Master's cock♥!!"""
Daiya DLC2,Daiya,English_Steam,Daiya.Debauchery2-28,285,807,「お゛ほおっ♥！き、キィーーーッ！！挿入完了しましたっ♥！」,Ohooh♥! K-KIIII!! Insertion complete♥!,"""Ohooh♥! K-KIIII!! Insertion complete♥!"""
Daiya DLC2,Daiya,English_Steam,Daiya.Debauchery2-29,287,809,「これよりっ♥、下級戦闘員02号、チンポシコシコスクワットを開始いたしますっ♥♥！」,"Now♥, I, junior soldier 02, will begin cock-stroking squats♥♥!","""Now♥, I, junior soldier 02, will begin cock-stroking squats♥♥!"""
Daiya DLC2,Daiya,English_Steam,Daiya.Debauchery2-30,289,811,「アハハッ♥、02号ちゃん、役に入りすぎですっ♥♥！」,"Ahaha♥, 02, you're really getting into character♥♥!","""Ahaha♥, 02, you're really getting into character♥♥!"""
Daiya DLC2,Daiya,English_Steam,Daiya.Debauchery2-31,291,813,「はあっ♥、はあっ♥、キィーーーーーーッ！！」,"Haa♥, haa♥, KIIIIIIII!!","""Haa♥, haa♥, KIIIIIIII!!"""
Daiya DLC2,Daiya,English_Steam,Daiya.Debauchery2-33,295,817,「ほ゛おっ♥、ほ゛おっ♥、きっ、キィーーーーッ！！」,"Hooh♥, hooh♥, K-KIIIIII!!","""Hooh♥, hooh♥, K-KIIIIII!!"""
Daiya DLC2,Daiya,English_Steam,Daiya.Debauchery2-34,297,819,「あははっ♥、本当に無様で馬鹿みたいですっ♥♥まさに下級戦闘員って感じですね！」,"Ahaha♥, truly pathetic and ridiculous♥♥ Exactly like a junior soldier!","""Ahaha♥, truly pathetic and ridiculous♥♥ Exactly like a junior soldier!"""
Daiya DLC2,Daiya,English_Steam,Daiya.Debauchery2-35,299,821,「お゛おっ♥！下級戦闘員01号様っ♥♥、ありがとうございますっ♥♥！」,"Ohh♥! 01♥♥, thank you so much♥♥!","""Ohh♥! 01♥♥, thank you so much♥♥!"""
Daiya DLC2,Daiya,English_Steam,Daiya.Debauchery2-36,301,823,「キィーーーーッ！！頑張ってっ♥♥ご奉仕しますッ♥！！」,KIIIIII!! I'll work hard♥♥ to serve you♥!!,"""KIIIIII!! I'll work hard♥♥ to serve you♥!!"""
Daiya DLC2,Daiya,English_Steam,Daiya.Debauchery2-37,303,825,「ああそういえば……！これを忘れていましたねっ♥」,"Oh, that's right...! I forgot about this♥","""Oh, that's right...! I forgot about this♥"""
Daiya DLC2,Daiya,English_Steam,Daiya.Debauchery2-38,307,829,下級戦闘員01号によって02号に仮面が付けられる,Junior soldier 01 placed a mask on 02,Junior soldier 01 placed a mask on 02.
Daiya DLC2,Daiya,English_Steam,Daiya.Debauchery2-39,309,831,「キィーーーーーーッ！？これはっ♥！」,"KIIIIIIIII!? Wow, this is...♥!","""KIIIIIIIII!? Wow, this is...♥!"""
Daiya DLC2,Daiya,English_Steam,Daiya.Debauchery2-40,311,833,「ふふっ♥、これでお互い完全に下級戦闘員ですねっ♥」,"Fufu♥, now we've completed the junior soldier look♥","""Fufu♥, now we've completed the junior soldier look♥"""
Daiya DLC2,Daiya,English_Steam,Daiya.Debauchery2-41,313,835,「下級戦闘員には個性も不要ですからっ♥♥…ご主人様にご奉仕するだけの肉オナホであればいいのですっ♥♥」,Junior soldiers don't need individuality♥♥... We just need to be pocket pussies that serve Master♥♥,"""Junior soldiers don't need individuality♥♥... We just need to be pocket pussies that serve Master♥♥"""
Daiya DLC2,Daiya,English_Steam,Daiya.Debauchery2-42,315,837,「キィーーーーッ！下級戦闘員02号！ご奉仕いたしますっ♥♥！！」,"KIIIIII! I, junior soldier 02, Will serve the master♥♥!!","""KIIIIII! I, junior soldier 02, Will serve the master♥♥!!"""
Daiya DLC2,Daiya,English_Steam,Daiya.Debauchery2-43,317,839,「あはっ♥！キィーーーーッ！02号ちゃん…本当に無様で素敵ですっ♥」,Aha♥! KIIIIII! 02... you're so pathetic and wonderful♥,"""Aha♥! KIIIIII! 02... you're so pathetic and wonderful♥"""
Daiya DLC2,Daiya,English_Steam,Daiya.Debauchery2-44,319,841,「さあ…下級戦闘員として上級怪人のご主人様にご奉仕をしましょうっ♥！」,Now... let's service our senior fiend Master as junior soldier♥!,"""Now... let's service our senior fiend Master as junior soldier♥!"""
Daiya DLC2,Daiya,English_Steam,Daiya.Debauchery2-45,321,843,「キィーーーーーッ！下級戦闘員02号、おマンコでご奉仕させていただきますっ！」,"KIIIIIII! I, junior soldier 02, will serve you with my pussy!","""KIIIIIII! I, junior soldier 02, will serve you with my pussy!"""
Daiya DLC2,Daiya,English_Steam,Daiya.Debauchery2-47,325,847,「お゛おっ♥！き、キィーーーーッ♥！キィーーーッ！」,Ohh♥! K-KIIIIII♥! KIIIIII!,"""Ohh♥! K-KIIIIII♥! KIIIIII!"""
Daiya DLC2,Daiya,English_Steam,Daiya.Debauchery2-48,327,849,「はあっ♥、もう見分けがつきませんねっ♥私もご奉仕しますっ♥…キィーーーーッ！」,"Haa♥, we're indistinguishable now♥ I'll serve the Master too♥... KIIIIII!","""Haa♥, we're indistinguishable now♥ I'll serve the Master too♥... KIIIIII!"""
Daiya DLC2,Daiya,English_Steam,Daiya.Debauchery2-49,329,851,「キィーーーッ！お出しくださいッ！中だし準備完了ですッ！！」,KIIIIII! Please come! I am ready for a creampie!!,"""KIIIIII! Please come! I am ready for a creampie!!"""
Daiya DLC2,Daiya,English_Steam,Daiya.Debauchery2-51,333,855,「お゛おおっ♥！お゛っ♥！キィーーーーーーッ♥！！！」,Ohhh♥! Oh♥! KIIIIIIII♥!!!,"""Ohhh♥! Oh♥! KIIIIIIII♥!!!"""
Daiya DLC2,Daiya,English_Steam,Daiya.Debauchery2-52,335,857,「報告しますッ♥、下級戦闘員02号っ♥中だしっ♥…完了しましたっ♥！！」,"Report!♥, junior soldier 02♥ has received a creampie♥!","""Report!♥, junior soldier 02♥ has received a creampie♥!"""
Daiya DLC2,Daiya,English_Steam,Daiya.Debauchery2-53,337,859,「キィーーーーーーッ♥！」,KIIIIIIIIII♥!,"""KIIIIIIIIII♥!"""
Daiya DLC2,Daiya,English_Steam,Daiya.Debauchery2-54,339,861,「キィーーーーーッ♥！はあっ♥、ご主人様っ♥…次はっ私がッ♥！」,"KIIIIIIII♥! Haa♥, Master♥... I am next♥!","""KIIIIIIII♥! Haa♥, Master♥... I am next♥!"""
Daiya DLC2,Daiya,English_Steam,Daiya.Debauchery2-55,341,863,「グフフッ、心配するな下級戦闘員共…元の名前も忘れるほど可愛がってやる」,"Gufufu, don't worry, junior soldiers... I'll fuck you so hard that you'll forget your original names.","""Gufufu, don't worry, junior soldiers... I'll fuck you so hard that you'll forget your original names."""
Daiya DLC2,Daiya,English_Steam,Daiya.Debauchery2-56,343,865,「はあっ♥、はあっ♥、キィーーーーーーッ♥！」,"Haa♥, haa♥, KIIIIIIII♥!","""Haa♥, haa♥, KIIIIIIII♥!"""
Daiya DLC2,Daiya,English_Steam,Daiya.Debauchery2-57,345,867,「お゛っ♥！き、キィーーーーーーッ！」,Oh♥! K-KIIIIIIII!,"""Oh♥! K-KIIIIIIII!"""
Daiya DLC2,Daiya,English_Steam,Daiya.Debauchery2-58,347,869,「キィーーーーーーッ！」,Kiiii!,"""KIIII!"""
Daiya DLC2,Daiya,English_Steam,Daiya.Debauchery2-59,349,871,「キィーーーーーーッ！」,Kiiii!,"""KIIII!"""
Daiya DLC2,Daiya,English_Steam,Daiya.Debauchery2-60,351,873,「キィーーーーーーッ！」,Kiiii!,"""KIIII!"""
Daiya DLC2,Daiya,English_Steam,Daiya.Debauchery2-61,353,875,――――――――,――――――――,...
Daiya DLC2,Daiya,English_Steam,Daiya.Debauchery2-62,355,877,――――,――――,...
Daiya DLC2,Daiya,English_Steam,Daiya.Debauchery2-63,357,879,ー,ー,...
Dialog.Chapter3,Dialog.Chapter3,Korean_Steam,Dialog.Chapter3-2-22,224,224,「では一日中着てエレナちゃんの匂いが染みついた競泳水着、しっかり写真に撮らせてもらおうか」,"「그럼 하루 종일 입어서 엘레나쨩의 냄새가 밴 수영복, 제대로 사진에 담아두도록 하지」","「그럼, 하루 종일 입어서 엘레나쨩의 냄새가 스며든 수영복, 제대로 사진에 담아두도록 하지」"
Dialog.Chapter3,Dialog.Chapter3,Korean_Steam,Dialog.Chapter3-2-25,230,230,「ほらもっと笑って！せっかくのかわいい顔がもったいない！」,「자 좀 더 웃게나! 모처럼의 귀여운 얼굴이 아깝잖아!」,「자 좀 더 웃게나! 모처럼의 귀여운 얼굴이지 않은가!」
Dialog.Chapter3,Dialog.Chapter3,Korean_Steam,Dialog.Chapter3-2-39,260,260,(ううっ、後輩がすぐそこにいるのに！、こんな情けない恰好でっ！私は何をしているのですかっ！？),"(우웃, 후배가 바로 거기에 있는데!, 이런 한심한 꼴로! 저는 뭘 하고 있는 겁니까!?)","(우웃, 후배가 바로 거기에 있는데!, 이런 한심한 꼴로! 저는 뭘 하고 있는 겁니까!?」"
Dialog.Chapter3,Dialog.Chapter3,Korean_Steam,Dialog.Chapter3-2-51,284,284,「ブチュッ！？グッ、んっ！……ーーーッ！？」,"「부춧!? 크윽, 응읏!……ーーー윽!?」","「뷰릇!? 크윽, 응읏!……ーーー윽!?」"
Dialog.Chapter3,Dialog.Chapter3,Korean_Steam,Dialog.Chapter3-2-57,296,296,(…っ、まずいっ！、コイツのから口を離すとその音でバレるっ！音を出さないようにしないと！),"(…윽, 위험해!, 이 자식에게서 입을 떼면 그 소리로 들통나요! 소리를 내지 않도록 해야!)","(…윽, 위험해!, 이 자식에게서 입을 빼면 그 소리로 들통나요! 소리를 내지 않도록 해야!)"
Dialog.Chapter3,Dialog.Chapter3,Korean_Steam,Dialog.Chapter3-2-68,318,318,どぴゅっ、ビュルルルルルッっ！,"됴퓻, 뷰르르르르릇읏!","도퓻, 뷰르르르르릇읏!"
Dialog.Chapter3,Dialog.Chapter3,Korean_Steam,Dialog.Chapter3-2-70,322,322,政治家の男のチンポから熱い精液の奔流がエレナの口内に注ぎ込まれる,정치가 남자의 자지에서 뜨거운 정액의 분류가 엘레나의 입안에 쏟아진다,정치가 남자의 자지에서 뜨거운 정액의 분류가 엘레나의 입안에 뿜어진다
Dialog.Chapter3,Dialog.Chapter3,Korean_Steam,Dialog.Chapter3-2-74,332,332,「……エレナ君、必死にしゃぶりついているところ悪いが後輩君はもう出て行ったよ。もうチンポを離しても大丈夫だ」,"「……엘레나 군, 필사적으로 빨아대는 중에 미안하지만 후배 군은 벌써 나갔네. 이제 자지를 떼도 괜찮아」","「……엘레나 군, 필사적으로 빨아대는 중에 미안하지만 후배 군은 벌써 나갔네. 이제 자지를 빼도 괜찮아」"
Dialog.Chapter3,Dialog.Chapter3,Korean_Steam,Dialog.Chapter3-3-21,386,386,「はむぅ♥♥、ちゅるっ♥、れろっ♥、じゅぷっ♥」,"「하뭇♥♥, 츄릇♥, 레롯♥, 쥬풋♥」","「하앙♥♥, 츄릇♥, 레롯♥, 쥬풋♥」"
Dialog.Chapter3,Dialog.Chapter3,Korean_Steam,Dialog.Chapter3-3-24,392,392,「きのうっ♥、ちゅぷっ♥、ちゃんと洗ってきてとっ♥♥、ぐぷっ♥言ったじゃないですかっ♥！」,"「어제♥, 츄풋♥, 제대로 씻고 오라고♥♥, 크풋♥ 말했잖아요♥!」","「어제♥, 츄풋♥, 제대로 샤워하고 오라고♥♥, 크풋♥ 말했잖아요♥!」"
Dialog.Chapter3,Dialog.Chapter3,Korean_Steam,Dialog.Chapter3-3-34,412,412,「ちゅぽっ♥、じゅぷっ♥ゴキュッ♥、ゴキュッ♥！？、ごぷっ！？、ゴキュッ♥」,"「츄폿♥, 쥬풋♥고큣♥, 고큣♥!?, 곱풋!?, 고큣♥」","「츄폿♥, 쥬풋♥고큣♥, 고큣♥!?, 고풋!?, 고큣♥」"
Dialog.Chapter3,Dialog.Chapter3,Korean_Steam,Dialog.Chapter3-3-41,426,426,「ぐふふっ、ずいぶん前から入れ替わっていたよ。」,"「크흐흐, 상당히 전부터 바뀌어 있었지.」","「크흐흐, 상당히 전부터 교체되어 있었지.」"
Dialog.Chapter3,Dialog.Chapter3,Korean_Steam,Dialog.Chapter3-3-54,456,456,「ハアッ、ハアッ、ハアッ、私がっ、負ける…？」,"「하앗, 하앗, 하앗, 내가, 질…?」","「하앗, 하앗, 하앗, 내가, 지다니…?」"
Dialog.Chapter3,Dialog.Chapter3,Korean_Steam,Dialog.Chapter3-3-62,472,472,(まずいっ…意識が……保て……),(큰일이다… 의식이…… 버틸 수……),(큰일이다… 의식이…… 더는……)
Dialog.Tutorial,Dialog.Tutorial,Korean_Steam,Dialog.Tutorial-3-5,58,58,「攻撃」基本的な攻撃手段です。攻撃者と相手のレベルでダメージが影響されます。,「공격」 기본적인 공격 수단입니다. 공격자와 상대의 레벨에 따라 데미지가 영향받습니다.,「공격」 기본적인 공격 수단입니다. 공격자와 상대의 레벨에 따라 대미지가 영향받습니다.
Dialog.Tutorial,Dialog.Tutorial,Korean_Steam,Dialog.Tutorial-3-6,59,59,今回は相手の方が圧倒的にレベルが上なので、あまりダメージを与えられないでしょう。,"이번에는 상대 쪽이 압도적으로 레벨이 높으므로, 그다지 데미지를 줄 수 없을 것입니다.","이번에는 상대 쪽이 압도적으로 레벨이 높으므로, 그다지 대미지를 줄 수 없을 것입니다."
Dialog.Tutorial,Dialog.Tutorial,Korean_Steam,Tutorial.CharacterBuildingPanel-2,109,109,ここで装備を確認・変更でます。,여기서 장비를 확인하거나 변경할 수 있습니다.,여기서 장비를 확인・변경할 수 있습니다.
Kei,Kei,English_Steam,Kei.Fallen1-5,11,11,「他の捕らえられた聖核戦姫みたいに私も調教されるのだろう？」,"""Aren't you going to re-educate me like you did with the other captured Holy Core Battlemaidens?""","""Aren't you going to brainwash me like you did with the other captured Holy Core Battlemaidens?"""
Kei,Kei,English_Steam,Kei.Fallen1-8,17,17,「もちろん理解しているよ。私は凌辱の限りを尽くされ、調教されるのだろう？」,"""I do, you're going to humiliate me as much as possible and then re-educate me, right?""","""I do, you're going to humiliate me as much as possible and then brainwash me, right?"""
Kei,Kei,Korean_Steam,Kei.Fallen1-65,131,131,「ゴプッ、ブピュッ、ん゛ん゛っ～～～！？」,"「곱, 부퓻, 응옷 응옷 윽~~~!?」","「고븟, 부퓻, 응옷 응옷 윽~~~!?」"
Kei,Kei,Korean_Steam,Kei.Fallen1-116,233,233,ビュルルルッルッ、ビュルッ、ドブッ！,"뷰르르르릇르릇, 뷰릇, 돕!","뷰르르르릇르릇, 뷰릇, 뷰르릇!"
Kei,Kei,Korean_Steam,Kei.Fallen1-117,235,235,「む゛～～～！？、ゴボッ、ん゛ん゛っ♥！？」,"「읍~~~~!?, 곱봇, 응옷 응옷 윽♥!?」","「읍~~~~!?, 고븟, 응옷 응옷 윽♥!?」"
Kei,Kei,Korean_Steam,Kei.Fallen1-118,237,237,「ゲホッ、ゴボッ、ジュルルッ♥」,"「게홋, 곱봇, 쥬르르릇♥」","「게홋, 고븟, 쥬르르릇♥」"
Kei,Kei,Korean_Steam,Kei.Fallen1-120,241,241,「ん゛んっ♥！？、ゴボッ！？、ま、まへっ！」,"「응옷 응윽♥!?, 곱봇!?, 자, 잠만!」","「응옷 응윽♥!?, 고븟!?, 자, 잠만!」"
Kei,Kei,Korean_Steam,Kei.Fallen2-9,303,303,「あれだけ毎日犯してんのにまだまだキツマンだなっ！流石は聖核戦姫だっ」,「저렇게 매일 박는데도 아직 빡빡하네! 역시 성핵전희야!」,「저렇게 매일 박는데도 아직도 조임이 좋군! 역시 성핵전희야!」
Kei,Kei,English_Steam,Kei.Fallen2-13,311,311,「……さあ、膣に力入れるからとっとと射精してくれ」,"""...Now, I'm going to squeeze my vagina very hard, so hurry up and ejaculate.""","""...Now, I'll going to squeeze my vagina very hard, so hurry up and ejaculate."""
Kei,Kei,English_Steam,Kei.Fallen2-45,375,375,「うおっ、耐えられねえっ、出るっ！」,"""Whoa, I can't hold it, I'm comoing!""","""Whoa, I can't hold it, I'm cumming!"""
Kei,Kei,Korean_Steam,Kei.Fallen2-46,377,377,ビュルルルッルッ、ビュルッ、ドブッ！,"뷰르르르릇르릇, 뷰릇, 돕!","뷰르르르릇르릇, 뷰릇, 뷰르릇!"
Kei,Kei,Korean_Steam,Kei.Fallen2-59,404,404,ビュルルルッルッ、ビュルッ、ドブッ！,"뷰르르르릇르릇, 뷰릇, 돕!","뷰르르르릇르릇, 뷰릇, 뷰르릇!!"
Kei,Kei,Korean_Steam,Kei.Fallen2-77,440,440,「ジュプッ、ジュプッ♥、ほあ、よこのふはりもはっはとらしたまえ♥」,"「쥬풋, 쥬풋♥, 호아, 요코노 후하리모 핫하토라시타마에♥」","「쥬풋, 쥬풋♥, 자, 나란히 있는 두 사람도 빨리 꺼내♥」"
Kei,Kei,English_Steam,Kei.Fallen3-8,495,495,「ふふっ、コイツとは酷いな？私は今は改造を受けたここの戦闘員なんだぞ？」,"""Hehe, 'this bitch' is harsh. I'm now a modified soldier here, you know?""","""Hehe, 'this bitch' is harsh. I'm now a brainwashed and modified soldier here, you know?"""
Kei,Kei,Korean_Steam,Kei.Fallen3-37,553,553,「うん…この感じもう空っぽかな？」,「응… 이 느낌 이제 텅 비었나?」,「응… 이 느낌 이제 완전히 비었나?」
Kei,Kei,Korean_Steam,Kei.Debauchery1-11,602,602,「お前にはこれからエロストリーマー兼広報として活動してもらう」,「너에게는 이제부터 에로 스트리머 겸 홍보 담당으로 활동하게 할 거다」,「너는 이제부터 에로 스트리머랑 홍보 담당으로 활동하게 할 거다」
Kei,Kei,Korean_Steam,Kei.Debauchery1-23,629,629,「……というわけで視聴者の諸君、初めまして。」,"「……그런 이유로 시청자 여러분, 처음 뵙겠습니다.」","「……그런 이유로 시청자 여러분, 처음 인사.」"
Kei,Kei,Korean_Steam,Kei.Debauchery1-37,657,657,「っ、…うぅ…恥ずかしさで茹ってしまいそうだ…」,"「윽, …으으… 부끄러워서 삶아질 것 같아…」","「윽, …으으… 부끄러워…」"
Kei,Kei,Korean_Steam,Kei.Debauchery1-38,659,659,「コメントも拾わないとな…おマンコピンク色でめっちゃ綺麗………あ、ありがとう……」,"「코멘트도 읽어야지… 보지 핑크색으로 엄청 예뻐……… 아, 고마워……」","「코멘트도 읽어야지… 보지 엄청 예뻐……… 아, 고마워……」"
Kei,Kei,Korean_Steam,Kei.Debauchery1-40,663,663,「ついでに視聴者さんに性教育しましょう！こんなにマンコがアップで見れること中々無いですから」,「겸사겸사 시청자분들에게 성교육합시다! 이렇게 보지를 클로즈업해서 볼 수 있는 기회는 좀처럼 없으니까요」,「이 기회에 시청자분들에게 성교육합시다! 이렇게 보지를 클로즈업해서 볼 수 있는 기회는 좀처럼 없으니까요」
Kei,Kei,Korean_Steam,Kei.Debauchery1-55,693,693,「流石です先生！ついでに解説もお願いします」,「역시 선생님! 겸사겸사 해설도 부탁합니다」,「역시 선생님! 이 기회에 해설도 부탁합니다」
Kei,Kei,English_Steam,Kei.Debauchery1-65,713,713,「これは視聴者から投げ銭と連動して動くピストンです。お、早速誰か投げ銭を」,"""This piston moves in sync with viewer donations. Oh, someone's already donating.""","""This piston moves in sync with viewer donations. Oh, someone's already donating."
Kei,Kei,Korean_Steam,Kei.Debauchery1-68,719,719,「ひぐっ！？」,「히끅!?」,「히읏!?」
Kei,Kei,English_Steam,Kei.Debauchery2-33,849,849,「なっ♥、で、でもっ♥、何をっ♥！？」,"""Higu♥!? St-still only halfway!?""","""Wh♥!? What rule♥!?"""
Kei,Kei,Korean_Steam,Kei.Debauchery2-46,875,875,「えっ♥！？、まてっ♥、も、もうっ♥！？」,"「엣♥!?, 잠깐♥, 보, 벌써♥!?」","「엣♥!?, 잠깐♥, 버, 벌써♥!?」"
Kei,Kei,Korean_Steam,Kei.Core1-11,938,938,「おっ、目が覚めたみたいだな」,"「옷, 눈을 뜬 모양이군」","「오오, 정신이 들었나 보군」"
Kei,Kei,Korean_Steam,Kei.Core1-17,950,950,「それに…なぜか目が離せないっ…こんなの気持ち悪いはずなんだが……」,「게다가… 왠지 눈을 뗄 수가 없어… 이런 건 기분 나빠야 하는데……」,「게다가… 왠지 시선을 돌릴 수가 없어… 이런 건 기분 나빠야 하는데……」
Kei,Kei,Korean_Steam,Kei.Core1-86,1088,1088,「あの天才聖核戦姫がシコ猿みてえに聖核ぶちまけて逝くなんてなっ」,「그 천재 성핵전희가 딸딸이 원숭이처럼 성핵 흩뿌리며 죽어가다니」,「그 천재 성핵전희가 딸딸이 유인원처럼 성핵 흩뿌리며 죽어가다니」
Kei,Kei,Korean_Steam,Kei.Core1-91,1098,1098,――――その後、京の聖核と抜け殻の肉体は資源として回収され、加工されるのだった,"――――그 후, 케이의 성핵과 껍데기뿐인 육체는 자원으로서 회수되어, 가공되는 것이었다","――――그 후, 케이의 성핵과 비어버린 육체는 자원으로서 회수되어, 가공되는 것이었다"
Kei,Kei,Korean_Steam,Kei.Core2-11,1122,1122,そして京の抜け殻の体はオナホになった京を使ってチンポをしごき始める,그리고 케이의 껍데기뿐인 몸은 오나홀이 된 케이를 사용해서 자지를 흔들기 시작한다,그리고 케이의 비어버린 몸은 오나홀이 된 케이를 사용해서 자지를 흔들기 시작한다
Kei DLC2,Kei(DLC),Korean_Steam,Kei.DLC_BrainWash2-108,222,504,「ゴボッ、ゴボッ、うげっ……わ、わかりましたっ！」,"「곱봇, 곱봇, 윽…… 아, 알겠습니다!」","「고홋, 고홋, 윽…… 아, 알겠습니다!」"
Kei(DLC),Kei(DLC),Korean_Steam,Record.KeiAfter-40,87,87,「やべっ……ま………まへっ！！」,「위험…해…… 자………자해!!」,「위험…해…… 자………잠깐!!」
Kei(DLC),Kei(DLC),Korean_Steam,Record.KeiAfter-47,101,101,「キィッ！な！？や、やめおっ！！」,"「키잇! 뭐!? 여, 그만둬!!」","「키잇! 뭐!? 그, 그만둬!!」"
Kei(DLC),Kei(DLC),Korean_Steam,Record.KeiAfter-75,157,157,「んっ♥、んっ♥、ジュルッ♥、ゴプッ♥、げぷっ♥…ジュポッ♥！」,"「응읏♥, 응읏♥, 쥬릇♥, 곱♥, 겝♥… 쥬폿♥!」","「응읏♥, 응읏♥, 쥬릇♥, 고븟♥, 커흣♥… 쥬폿♥!」"
Kei(DLC),Kei(DLC),Korean_Steam,Record.KeiAfter-116,241,241,「うあっ♥！ま、まてっ…！や、やめろっ♥！」,"「으앗♥! 자, 잠깐…! 여, 그만둬♥!」","「으앗♥! 자, 잠깐…! 그, 그만둬♥!」"
Nayuta,Nayuta,Korean_Steam,Nayuta.Fallen1-84,169,169,「っ、……こんな雑魚怪人に私がっ…！？」,"「윽, …… 이런 잡것 괴인에게 내가…!?」","「윽, …… 이런 약한 괴인에게 내가…!?」"
Nayuta,Nayuta,Korean_Steam,Nayuta.Fallen2-16,239,239,「ん゛ん゛っ、ゴブッ、ゴキュ、ジュルッ♥」,"「응옷 응옷 윽, 곱, 고큣, 쥬륵♥」","「응옷 응옷 윽, 고븟, 고큣, 쥬륵♥」"
Nayuta,Nayuta,Korean_Steam,Nayuta.Fallen2-25,257,257,「っ…、こんな雑魚怪人にっ、こんな屈辱的な事しかできないなんて…っ！」,"「윽…, 이런 잡몹 괴인에게, 이런 굴욕적인 짓밖에 할 수 없다니…윽!」","「윽…, 이런 약한 괴인에게, 이런 굴욕적인 짓밖에 할 수 없다니…윽!」"
Nayuta,Nayuta,Korean_Steam,Nayuta.Fallen2-26,259,259,「しかし所詮は知能も低い雑魚…エネルギーが溜まって変身したら一瞬で細切れにします！」,「하지만 어차피 지능도 낮은 잡몹… 에너지가 모여 변신하면 단숨에 갈기갈기 찢어버리겠습니다!」,「하지만 어차피 지능도 낮은 몬스터… 에너지가 모여 변신하면 단숨에 갈기갈기 찢어버리겠습니다!」
Nayuta,Nayuta,Korean_Steam,Nayuta.Fallen2-29,265,265,「ひぐっ！？、こ、このっ！」,"「히끅!?, 이, 이놈!」","「히읏!?, 이, 이놈!」"
Nayuta,Nayuta,Korean_Steam,Nayuta.Fallen2-31,269,269,那由多は舌をを突き出し、フェラの素振りをする,"나유타는 혀를 내밀어, 펠라하는 시늉을 한다","나유타는 혀를 내밀어, 펠라하는 자세를 취한다"
Nayuta,Nayuta,Korean_Steam,Nayuta.Fallen2-51,309,309,「―――――よくも私の刀をっ！絶対に許さなひぐッっッ！？！」,「―――――잘도 나의 검을! 절대로 용서 못… 히끅윽윽!?」,「―――――잘도 나의 검을! 절대로 용서 못… 히읏윽윽!?」
Nayuta,Nayuta,Korean_Steam,Nayuta.Fallen2-56,319,319,「ひぎっ、この刀はっ、私の誇りなのにッ！、こんなっ！」,"「히끅, 이 검은, 나의 긍지인데! 이런!」","「히읏, 이 검은, 나의 긍지인데! 이런!」"
Nayuta,Nayuta,Korean_Steam,Nayuta.Fallen2-63,333,333,「ひぎっ♥、そんなっ♥、私、コイツに遊ばれてたっ？！ひぐっ♥」,"「히끅♥, 그런♥, 나, 이놈에게 놀아나고 있었나?! 히끅♥」","「히읏♥, 그런♥, 나, 이놈에게 놀아나고 있었나?! 히읏♥」"
Nayuta,Nayuta,Korean_Steam,Nayuta.Fallen2-64,335,335,怪人は激しく刀を出し入れし、持ち手の凹凸が那由多の膣内をこすり上げる,"괴인은 격렬하게 검을 넣고 빼며, 손잡이의 울퉁불퉁함이 나유타의 질 내부를 긁어 올린다","괴인은 격렬하게 검을 넣고 빼며, 손잡이의 울퉁불퉁함이 나유타의 질 내부를 자극한다"
Nayuta,Nayuta,Korean_Steam,Nayuta.Fallen2-66,339,339,「ひぎっ♥、お゛お゛っ♥」,"「히끅♥, 오옷 오옷 옷♥」","「히읏♥, 오옷 오옷 옷♥」"
Nayuta,Nayuta,Korean_Steam,Nayuta.Fallen2-76,359,359,「ひぐうっ♥、そんなっ♥、待ってっ♥！」,"「히끅윽♥, 그런♥, 기다려♥!」","「히읏윽♥, 그런♥, 기다려♥!」"
Nayuta,Nayuta,Korean_Steam,Nayuta.Fallen2-85,377,377,「ひぎっっ♥、私はっ、最強の聖核戦姫ですっ！こんなチンポなんかに！」,"「히끅윽♥, 나는! 최강의 성핵전희입니다! 이런 자지 따위에게!」","「히읏윽♥, 나는! 최강의 성핵전희입니다! 이런 자지 따위에게!」"
Nayuta,Nayuta,Korean_Steam,Nayuta.Fallen2-90,387,387,「ギャギャッ！イッタ！イッタ！ザコ！ザコ！」,「갸갸악! 갔다! 갔다! 잡몹! 잡몹!」,「갸갸악! 갔다! 갔다! 약해! 약해!」
Nayuta,Nayuta,Korean_Steam,Nayuta.Fallen3-50,511,511,こうして最強の聖核戦姫、八雲那由多は完全に敗北し、聖核戦姫の逆転の芽は完全に潰えるのだった,"이렇게 최강의 성핵전희, 야쿠모 나유타는 완전히 패배하고, 성핵전희의 역전의 싹은 완전히 짓밟히는 것이었다","이렇게 최강의 성핵전희, 야쿠모 나유타는 완전히 패배하고, 성핵전희의 역전의 희망은 완전히 무너지게 된 것이었다"
Nayuta,Nayuta,Korean_Steam,Nayuta.Debauchery1-23,560,560,那由多は大勢の前で地面に頭をつけ、土下座をしていた,"나유타는 많은 사람들 앞에서 땅에 머리를 박고, 엎드려 있었다",나유타는 많은 사람들이 지켜보는 가운데 지면에 이마를 대고 도게자를 하고 있었다.
Nayuta,Nayuta,Korean_Steam,Nayuta.Debauchery1-66,648,648,「ごぶっ♥！？」,「곱♥!?」,「고브읏♥!?」
Nayuta,Nayuta,Korean_Steam,Nayuta.Debauchery1-74,664,664,「ゲプッ♥、………オ゛、オエッ♥」,"「켁♥, ………오옷 , 오엑♥」","「크읏♥, ………오옷 , 오엑♥」"
Nayuta,Nayuta,Korean_Steam,Nayuta.Debauchery1-80,676,676,那由多は性液まみれの体で再び土下座をする,나유타는 정액 범벅인 몸으로 다시 엎드린다,나유타는 정액 범벅인 몸으로 다시 도게자를 한다
Nayuta,Nayuta,Korean_Steam,Nayuta.Debauchery1-90,696,696,その後、那由多はメスブタとして、世界中での壮絶な性奉仕の日々が続くのだった,"그 후, 나유타는 암퇘지로서 전 세계 각지에서 처절한 성봉사의 나날을 이어가게 되었다","그 후, 나유타는 암퇘지로서, 전 세계에서의 처절한 성봉사의 나날이 계속되는 것이었다"
Nayuta,Nayuta,Korean_Steam,Nayuta.Debauchery2-29,754,754,「コイツッ、出したってのにチンポから口離さねえｗ」,"「이 녀석, 쌌는데도 자지에서 입 떼지 않네ㅋ」","「이 녀석, 쌌는데도 자지에서 입 빼지 않네ㅋ」"
Nayuta,Nayuta,Korean_Steam,Nayuta.Debauchery2-38,772,772,「まだ欲しがるか…呆れた性欲だな」,「아직도 원하나… 질린 성욕이네」,「아직도 원하나… 질려 버릴 정도의 성욕이네」
Nayuta,Nayuta,Korean_Steam,Nayuta.Debauchery2-41,778,778,「ゲプッ♥、ゲホッ♥、んあっ♥」,"「켁♥, 콜록♥, 응앗♥」","「크읏♥, 콜록♥, 응앗♥」"
Nayuta,Nayuta,Korean_Steam,Nayuta.Debauchery2-43,782,782,「ゲプッ♥、はいっ♥、那由多は自分を強いと勘違いしていたただのメスブタでしたっ♥」,"「켁♥, 네엣♥, 나유타는 자신을 강하다고 착각했던 그저 암퇘지였습니다♥」","「크읏♥, 네엣♥, 나유타는 자신을 강하다고 착각했던 그저 암퇘지였습니다♥」"
Nayuta,Nayuta,Korean_Steam,Nayuta.Debauchery2-46,788,788,「やれやれ、こんな女に苦労していた私達の方が情けなくなってきますな」,"「이런이런, 이런 여자 때문에 고생했던 우리가 더 한심해지는군요」","「이런이런, 이런 여자에게 고생했던 우리들이 더 한심해지는군요」"
Nayuta,Nayuta,Korean_Steam,Nayuta.Core1-58,916,916,ピストンは那由多の腕ほども太く、ブツブツとコーン上の突起が付いている,"피스톤은 나유타의 팔만큼이나 굵고, 울퉁불퉁한 원뿔 모양 돌기가 붙어 있다","피스톤은 나유타의 팔만큼이나 굵고, 울퉁불퉁한 원형 모양 돌기가 붙어 있다"
Nayuta,Nayuta,Korean_Steam,Nayuta.Core1-60,920,920,「っ、や、やめなさいっ！そんなの入るわけがっ！」,"「윽, 여, 그만두십시오! 그런 게 들어갈 리가!」","「윽, 그, 그만두십시오! 그런 게 들어갈 리가!」"
Nayuta,Nayuta,Korean_Steam,Nayuta.Core1-61,922,922,カシャン……キュイイイイインッ！,카샨…… 큐이이이이인!,카응…… 큐이이이이인!
Nayuta,Nayuta,Korean_Steam,Nayuta.Core1-72,944,944,「ひぐっ♥！？、お゛っ♥、お゛っ♥、そんなことはっ♥！」,"「히끅♥!?, 오옷 옷♥, 오옷 옷♥, 그런 일은♥!」","「히읏♥!?, 오옷 옷♥, 오옷 옷♥, 그런 일은♥!」"
Nayuta,Nayuta,Korean_Steam,Nayuta.Core2-14,989,989,ガチャン…ボコッ！,가챤… 보콧!,뷰릇… 포옹!
Nayuta,Nayuta,Korean_Steam,Nayuta.Core2-16,993,993,ブリュッ！、ドルルルッ！,"부릇!, 도르르릇!","뷰릇!, 도르르릇!"
Nayuta,Nayuta,Korean_Steam,Nayuta.Core2-31,1023,1023,「ほ゛おっ！？、や、やめなさいっ♥！」,"「호옷 오옷!?, 여, 그만두십시오♥!」","「호옷 오옷!?, 그, 그만두십시오♥!」"
Nayuta,Nayuta,Korean_Steam,Nayuta.Core2-50,1061,1061,そして戦闘員が一気に腕を引くと、那由多の残りの聖核がところてんのように排出される,"그리고 전투원이 단숨에 팔을 당기자, 나유타의 남은 성핵이 우뭇가사리처럼 배출된다","그리고 전투원이 단숨에 팔을 당기자, 나유타의 남은 성핵이 젤리처럼 배출된다"
Nayuta,Nayuta,Korean_Steam,Nayuta.Core2-57,1075,1075,「おっし全部出たな、じゃあ集めてふたをして……と」,"「좋아 전부 나왔군, 그럼 모아서 뚜껑을 닫고……」","「좋아 전부 나왔군, 그럼 모아서 용기를 닫고……」"
Record,Record,Korean_Steam,Record.Final-7,197,197,「街中での破壊行為……私達が許さない！」,「거리 한복판에서 파괴 행위를 벌이다니…… 절대 용서 못 해!」,「거리에서의 파괴 행위…… 우리들이 용서하지 않아!」
Record,Record,Korean_Steam,Record.Final-23,229,229,「それとも……お前らコレが欲しくてノコノコ出てきたんじゃねえか？」,「아니면…… 너희들 이게 갖고 싶어서 뽈뽈 나온 거 아니야?」,「아니면…… 너희들 이게 갖고 싶어서 나온 거 아니야?」
Record,Record,Korean_Steam,Record.Final-69,321,321,「私達っ♥♥、一生オナホとしてご奉仕しますっ♥♥」,"「저희♥♥, 평생 오나홀로서 봉사하겠습니다♥♥」","「우리들♥♥, 평생 오나홀로서 봉사하겠습니다♥♥」"
Record,Record,Korean_Steam,Record.Final-76,335,335,「「私達っ♥♥、皆様のオナホとして頑張りますっ♥♥」」,"「「저희♥♥, 여러분의 오나홀로서 힘내겠습니다♥♥」」","「「우리들♥♥, 여러분의 오나홀로서 힘내겠습니다♥♥」」"
Record,Record,Korean_Steam,Record.Kei-10,359,359,京は小柄な体を巨大な怪人に捕まれ、無理やり膣でチンポを扱かれていた,"케이는 작은 몸을 거대한 괴인에게 붙잡혀, 억지로 질로 자지를 흔들리고 있었다","케이는 몸을 거대한 괴인에게 붙잡혀, 억지로 질로 자지를 흔들리고 있었다"
Record,Record,Korean_Steam,Record.Kei-21,381,381,「へあっ♥♥、お゛っ♥、にゃんでっ♥♥♥」,"「헤앗♥♥, 오옷 옷♥, 냣데♥♥♥」","「헤앗♥♥, 오옷 옷♥, 어째서♥♥♥」"
Record,Record,Korean_Steam,Record.CloneTask-42,518,518,072号の口内に勢いよく白濁液が注ぎ込まれる,072호의 입안에 힘차게 백탁액이 쏟아진다,072호의 입안에 힘차게 백탁액이 뿜어진다
Record,Record,Korean_Steam,Record.CloneTask-46,526,526,ゴブッ♥♥、ドププッ♥♥！,"곱♥♥, 돕풋♥♥!","고흇♥♥, 도릇♥♥!"
Record,Record,English_Steam,Record.CloneTask-49,532,532,戦闘員のチンポが何度か脈打った後、残った精液が発射される,"""After the soldier pulsated several times, the remaining semen was unloaded.""","After the soldier pulsated several times, the remaining semen was unloaded."""
Record,Record,Korean_Steam,Record.CloneTask-54,542,542,クローンの一員となった072号は拒否することなくそれに従うのだった,클론의 일원이 된 072호는 거부하지 않고 그대로 따랐다,클론의 일원이 된 072호는 거부하지 않고 그것에 따르는 것이었다
Record,Record,English_Steam,Record.SeikakuEquip-2,812,812,フォーレン財団の地下アジトの一室に、機械音と水音の響く部屋があった,"In one room of the Fallen Foundation’s underground hideout, the sounds of machinery and running water echoed through the air.","In a room in the Forren Foundation's underground hideout, there was a room echoing with the sound of machines and water."
Record,Record,Korean_Steam,Record.SeikakuEquip-3,814,814,ガチャン！ガチャン！プシュー！,가챤! 가챤! 푸슈ー!,뷰릇! 뷰릇! 푸슈ー!
Record,Record,Korean_Steam,Record.SeikakuEquip-7,822,822,,,"시, 싫어! 원래대로 돌려줘!"
Record,Record,Korean_Steam,Record.SeikakuEquip-18,844,844,(んあっ♥、や、やめっ♥、そんなに激しく使わないでくださいっ♥！),"(응앗♥, 여, 그만둬♥, 그렇게 격렬하게 사용하지 마세요♥!)","(응앗♥, 그, 그만둬♥, 그렇게 격렬하게 사용하지 마세요♥!)"
Record,Record,Korean_Steam,Record.SeikakuEquip-19,846,846,「ははっ、コイツは性欲だけは無尽蔵だからな。オナホの検品にはもってこいだ」,"「하핫, 이 녀석은 성욕만은 무진장이라서 말이야. 오나홀 검품에는 안성맞춤이야」","「하핫, 이 녀석은 성욕만은 무진장이라서 말이야. 오나홀 검사에는 쓸모가 있거든」"
Record,Record,Korean_Steam,Record.SeikakuEquip-23,854,854,(でなければ私達……っ♥),(그렇지 않으면 우리……윽♥),(그렇지 않으면 우리들……윽♥)
Rikka,Rikka,English_Steam,Rikka Fallen Scene,2,2,闇堕ちシーン,闇堕ちシーン,
Rikka,Rikka,Korean_Steam,Rikka.Fallen1-57,119,119,「――っっ♥、イっ、イってないっ♥！、わたしはっ♥こんなのでぇっ♥♥、ぜったいにっ♥、お゛っお゛お♥、イクっ♥、イグゥッッッ♥」,"「――윽♥♥, 이, 이크 안 했어♥!, 나는♥ 이런 걸로엣♥♥, 절대로♥, 오옷 옷오옷 오♥, 가버렷♥, 가버렷♥♥♥」","「――윽♥♥, 가, 가지 않았어♥!, 나는♥ 이런 걸로옷♥♥, 절대로♥, 오옷 옷오옷 오♥, 가버렷♥, 가버렷♥♥♥」"
Rikka,Rikka,Korean_Steam,Rikka.Fallen1-67,139,139,「んおっ♥♥おマンコっ、固定されてっ♥、逃げられないぃいいっ♥、おしりの穴もズボズボされてぇっ♥、おかしくなってるぅっ♥♥」,"「응옷♥♥오망꼬♥, 고정되어서♥, 도망칠 수 없어어어잇♥, 엉덩이 구멍도 즈봇즈봇 당해서♥, 이상해지고 있어♥♥」","「응옷♥♥ 보지♥, 고정되어서♥, 도망칠 수 없어어어잇♥, 엉덩이 구멍도 즈봇즈봇 당해서♥, 이상해지고 있어♥♥」"
Rikka,Rikka,English_Steam,Rikka.Fallen1-68,141,141,(―――まずいっ♥、意識がっ♥♥、変身が維持できないッ♥♥♥),(...This is bad♥ My mind... My transformation will not hold♥),(...This is bad♥ My mind... My transformation won't hold♥)
Rikka,Rikka,English_Steam,Rikka.Fallen2-51,297,297,「私達を欺くために嘘をついているだけかもしれませんから。今から教育調整を行います」,"""You might just be lying to deceive us. You'll have to be re-educated now.""","""You might just be lying to deceive us. You'll have to be brainwashed now."""
Rikka,Rikka,English_Steam,Rikka.Fallen2-59,313,313,そして六花の頭がヘルメットのような教育装置で覆われる,Rikka's head was covered with a helmet-like re-educating device.,Rikka's head was covered with a helmet-like brainwashing device.
Rikka,Rikka,English_Steam,Rikka.Fallen2-61,317,317,「これより教育手術および強化手術を開始します。聖核戦姫としての水無瀬六花はこれで終わりです」,"""We'll now begin the re-educating and enhancement surgery. This is the end of Rikka Minase as a Holy Core Battlemaiden.""","""We'll now begin the brainwashing and enhancement surgery. This is the end of Rikka Minase as a Holy Core Battlemaiden."""
Rikka,Rikka,English_Steam,Rikka.Fallen2-62,319,319,(っ、諦めたらだめっ！、教育に耐えられればまだ道はあるはずっ！),"(I can't give up! If I can endure the re-educating, there will be another way!)","(I can't give up! If I can endure the brainwashing, there will be another way!)"
Rikka,Rikka,English_Steam,Rikka.Fallen2-63,321,321,教育装置が赤い光を放ち、マスクの中で六花の脳にレーザーが照射される,"The re-educating device a emitted red light, and lasers were fired at Rikka's brain inside the mask.","The brainwashing device a emitted red light, and lasers were fired at Rikka's brain inside the mask."
Rikka,Rikka,English_Steam,Rikka.Fallen3-19,377,377,(――――っ諦めるなっ、まだ負けてないっ！聖核戦姫じゃなくなってもっ、教育に12時間耐えればっ！),"(Don't give up, I haven't lost yet! Even if I'm no longer a Holy Core Battlemaiden, if I can endure the re-education for twelve hours!)","(Don't give up, I haven't lost yet! Even if I'm no longer a Holy Core Battlemaiden, if I can endure the brainwashing for twelve hours!)"
Rikka,Rikka,English_Steam,Rikka.Fallen3-60,459,459,「……教育進行度99.9％……聖核変換割合99.99％……改造は終了です。お疲れさまでした」,"""...Re-educating at 99.9%. Holy Core conversion at 99.99%. Modification complete. You've done well.""","""...Brainwashing at 99.9%. Holy Core conversion at 99.99%. Modification complete. You've done well."""
Rikka,Rikka,English_Steam,Rikka.Fallen3-69,478,478,「すでに教育は完了し、聖核もクローンの疑似聖核に変換されています」,"""The re-education is complete, and her Holy Core has been replaced with a pseudo-Holy Core.""","""The brainwashing is complete, and her Holy Core has been replaced with a pseudo-Holy Core."""
Rikka,Rikka,English_Steam,Rikka.Debauchery2-33,782,782,そして観客たちはステージ上の六花に向かって各々精液を吐き出していく,"""The audience shot their loads at her.""","The audience shot their loads at her."""
Rikka,Rikka,Korean_Steam,Rikka.Core2-11,932,932,(とりあえず少しでも動ける方法を見つけて…………『カラダ』から『デテイク』),(일단 조금이라도 움직일 수 있는 방법을 찾아서…………“몸“에서 “나가자”),(일단 조금이라도 움직일 수 있는 방법을 찾아서…………“몸”에서 “나가자”)
System,System,Korean_Steam,System.NewGame,3,3,New Game,New Game,게임시작
System,System,Korean_Steam,System.Load,4,4,Load,Load,이어하기
System,System,Korean_Steam,System.Gallery,5,5,Gallery,Gallery,갤러리룸
System,System,Korean_Steam,System.Option,6,6,Option,Option,옵션설정
System,System,Korean_Steam,System.Credit,7,7,Credit,Credit,스태프롤
System,System,Korean_Steam,System.Exit,8,8,Exit,Exit,게임종료
System,System,Korean_Steam,System.Mood,20,20,心情：,심정:,심정：
System,System,Korean_Steam,System.PickTraining,23,23,調教方法を選択：,조교 방법 선택:,조교 방법 선택：
System,System,Korean_Steam,System.BrainwashTraining,25,25,教育調教,교육 조교,세뇌 조교
System,System,Korean_Steam,System.ResearchPointCost,27,27,研究ポイント消耗：,연구 포인트 소모:,연구 포인트 소모：
System,System,Korean_Steam,System.Back,29,30,戻る,나가기,뒤로
System,System,Korean_Steam,System.Confirm,30,31,確定,확정,확인
System,System,Korean_Steam,System.Attack,32,33,攻撃力：,공격력:,공격력：
System,System,Korean_Steam,System.Level,33,34,LV：,LV:,LV：
System,System,Korean_Steam,System.HP,34,35,体力：,HP:,체력：
System,System,Korean_Steam,System.MP,35,36,SP：,SP:,SP：
System,System,Korean_Steam,System.Defense,36,37,防御力：,방어력:,방어력：
System,System,Korean_Steam,System.Speed,37,38,素早さ：,민첩성:,민첩성：
System,System,Korean_Steam,System.Skill,38,39,特殊技：,특수기:,특수기：
System,System,Korean_Steam,System.SPCost,50,51,SP消耗：,SP 소모:,SP 소모：
System,System,Korean_Steam,System.EffectTarget,51,52,効果対象：,효과 대상:,효과 대상：
System,System,Korean_Steam,System.Cancel,70,71,キャンセル,취소하기,취소
System,System,Korean_Steam,System.NovelAuto,92,95,オート開始・停止,자동 시작/정지,자동 시작・정지
System,System,Korean_Steam,Systeｍ.Requirement,98,101,解放条件:,개방 조건:,개방 조건：
System,System,Korean_Steam,Memory.KeiBrainWash_1,139,142,京 - 教育調教 I,케이 - 교육 조교 I,케이 - 세뇌 조교 I
System,System,Korean_Steam,Memory.KeiBrainWash_2,140,143,京 - 教育調教 II,케이 - 교육 조교 II,케이 - 세뇌 조교 II
System,System,Korean_Steam,Memory.KeiBrainWash_3,141,144,京 - 教育調教 III,케이 - 교육 조교 III,케이 - 세뇌 조교 III
System,System,Korean_Steam,System.FoodQuest,166,193,[食料調達],[식량 약탈],[식량 조달]
System,System,Korean_Steam,Name.Tank,193,220,四脚タンク,사족 보행 탱크,사각 탱크
System,System,Korean_Steam,Equipment.Helmet_Info,305,336,"頭部の守りだけでなく、情報のリアルタイム表示も可能な最新型ヘルメット。
かの過酷な戦場「クォンタム戦役」での生存率を確実に向上させてきたアイテム。","머리 보호뿐만 아니라, 정보를 실시간으로 표시할 수 있는 최신형 헬멧.
그 혹독한 전장 「퀀텀 전역」에서 생존율을 확실히 높여 준 아이템.","머리 보호뿐만 아니라, 정보의 실시간 표시도 가능한 최신형 헬멧.
그 혹독한 전장 「퀀텀 전역」에서의 생존율을 확실히 향상시켜 온 아이템."
System,System,Korean_Steam,Equipment.Stungun,312,343,ショックウェーブ・パルサー,쇼크웨이브 펄서,쇼크웨이브・펄서
System,System,Korean_Steam,Ability.Capture_Info,377,412,"敵１体の攻撃力・スピードを一時25%ダウン

女性相手なら防御力と攻撃力をダウンさせる","적 1명의 공격력과 속도를 일시적으로 25% 감소시킨다.

대상이 여성일 경우, 추가로 방어력과 공격력을 감소시킨다.","적 １체의 공격력・속도를 일시적으로 25% 다운

여성 상대라면 방어력과 공격력을 다운시킨다"
System,System,Korean_Steam,Ability.Fist_Info,399,434,ターンを消耗せずに敵単体を攻撃する。,턴을 소모하지 않고 적 단체를 공격한다.,턴을 소모하지 않고 적 단일을 공격한다.
System,System,Korean_Steam,Ability.GuardianAngel_Info,405,440,味方全員が受けるダメージを一回無効にする。,모든 아군이 피해를 1회 무효화합니다.,１턴 동안 아군 전원이 받는 데미지를 무효로 한다.
System,System,Korean_Steam,Ability.PowerMode_On,419,456,雷神之相 (入),뇌신지상 (입),뇌신지상 (활성)
System,System,Korean_Steam,Ability.PowerMode_Off,420,457,雷神之相 (切),뇌신지상 (절),뇌신지상 (비활성)
System,System,Korean_Steam,Ability.PowerMode_Info,421,458,"有効にすると攻撃が70%アップ。
常時 30 ダメージ受ける。

スキルを有効・無効にするときターンを消耗しない","활성화하면 공격이 70% 업.
상시 30 데미지를 받는다.

스킬을 활성화・비활성화할 때 턴을 소모하지 않는다","활성화하면 공격이 70% 업.
상시 20 데미지를 받는다.

스킬을 활성화・비활성화할 때 턴을 소모하지 않는다"
System,System,Korean_Steam,HomeChar.Hisui_DLC_1-2,461,512,(……どこかに使えそうな情報は……？),(……이용할 만한 정보는 없을까……?),(……어딘가에 쓸만한 정보는……?)
System,System,Korean_Steam,HomeChar.sentouin22_DLC_1-2,465,516,「き、キィーーッ！(いつか絶対この組織を乗っ取ってやる…)！！」,"「키, 키ーーー잇! 언젠가 반드시 이 조직을 장악해주겠어…!!」","「키, 키ーーー잇!(언젠가 반드시 이 조직을 장악해주겠어…)!!」"
System,System,Korean_Steam,HomeChar.Daiya_DLC_1-2,467,518,「へっ、へっ、へっ、えへへぇ…♥」,"「헤엑, 헤엑, 헤엑… 에헤헤…♥」","「헤헷, 헤헷, 헤헷, 에헤헤…♥」"
System,System,Korean_Steam,HomeChar.Daiya_DLC_1-3,468,519,「私はご主人様に躾けられた忠犬です…♥」,「저는 주인님께 완전히 길들여진 충견입니다…♥」,「저는 주인님께 길들여진 충견입니다…♥」
System,System,Korean_Steam,HomeChar.Daiya_DLC_1-4,469,520,「きゃんっ♥…躾けの時間ですか…？この駄犬に沢山お仕置きしてくださいっ…♥」,「깨갱♥… 조교 시간인가요…? 이 못난 개에게 벌을 잔뜩 주세요…♥」,「꺄앙♥…훈육 조교 시간인가요…? 이 못난 개에게 잔뜩 벌을 내려주세요…읏♥」
System,System,Korean_Steam,BattleLog.ItemSelf,481,535,{0}　が {1} を使った。,{0}이(가) {1}을(를) 사용했다.,"{0}, {1} 사용했다."
System,System,Korean_Steam,BattleLog.ItemSelfToSelf,482,536,{0}　が自分に {1} を使った。,{0}이(가) 자신에게 {1}을(를) 사용했다.,"{0}, 자신에게 {1} 사용했다."
System,System,Korean_Steam,BattleLog.ItemOther,483,537,{0}　が {1} に {2} を使った。,{0}이(가) {1}에게 {2}을(를) 사용했다.,"{0}, {1}에게 {2} 사용했다."
System,System,Korean_Steam,BattleLog.Idle,484,538,{0}　が待機する。,{0}은(는) 대기한다.,"{0}, 대기한다."
System,System,Korean_Steam,BattleLog.IdleSP,485,539,{0}　が休憩をとった。SP　{1}　回復した。,{0}은(는) 휴식을 취해 SP를 {1}만큼 회복했다.,"{0}, 휴식을 취했다. SP {1} 회복했다."
System,System,Korean_Steam,BattleLog.StunStart,487,541,{0}　が行動不能となった！,{0}은(는) 행동 불능 상태가 되었다!,"{0}, 행동 불능이 되었다!"
System,System,Korean_Steam,BattleLog.StunUpdate,488,542,{0}　はまだ動けない。,{0}은(는) 아직 움직일 수 없다.,"{0}, 아직 움직일 수 없다."
System,System,Korean_Steam,BattleLog.HurtStart,489,543,{0}　が怪我をした！,{0}은(는) 부상 상태가 되었다!,"{0}, 부상을 입었다!"
System,System,Korean_Steam,BattleLog.Disarm,500,554,{0}　は攻撃できなくなった,{0}은(는) 공격할 수 없게 되었다.,"{0}, 공격할 수 없게 되었다"
System,System,Korean_Steam,BattleLog.AbilityExecute,502,557,{0}　からの {1}！,{0}의 {1}!,{0}에서의 {1}!
System,System,Korean_Steam,BattleLog.AbilityExecuteSelf,503,558,{0}　が{1}する。,{0}이(가) {1}을(를) 실행했다.,"{0}, {1} 실행."
System,System,Korean_Steam,BattleLog.GiveSP,506,561,SP {0} を {1} に分け与えた！,{1}에게 SP {0}을 나누어 주었다!,"SP {0}, {1}에게 나누어 주었다!"
System,System,Korean_Steam,BattleLog.Retire,509,564,{0}　が再起不能となった。,{0}은(는) 재기 불능 상태가 되었다.,"{0}, 재기 불능이 되었다."
System,System,Korean_Steam,BattleLog.Defeat,510,565,{0}　が再起不能となった。,{0}은(는) 재기 불능 상태가 되었다.,"{0}, 재기 불능이 되었다."
System,System,Korean_Steam,BattleLog.Hacking,511,566,{0}　がハッキングを挑む！成功確率は {1},{0}이(가) 해킹을 시도한다! 성공 확률: {1},"{0}, 해킹을 시도한다! 성공 확률은 {1}"
System,System,Korean_Steam,BattleLog.StunShield,521,576,次に{0}を攻撃する者が反発されてしばらく行動不能となる,다음에 {0}을 공격하는 대상은 튕겨 나가 잠시 행동 불능이 된다,다음에 {0} 공격하는 자가 반발되어 잠시 행동 불능이 된다
System,System,Korean_Steam,BattleLog.Suicide,523,578,{0}　が自爆する！{1} のダメージを与えた！,{0}이 자폭했다! {1} 데미지를 입혔다!,"{0}, 자폭한다! {1}의 데미지를 주었다!"
System,System,Korean_Steam,BattleLog.ChargeAttack,526,581,攻撃をチャージする ーー {0}ダメージをたくわえた ({1}スタック),공격을 충전한다 ーー {0} 데미지를 모았다 ({1}스택),공격을 차지한다 ーー {0} 데미지를 모았다 ({1}스택)
System,System,Korean_Steam,BattleLog.KeiSpawn,528,583,{0} が {1} に呼び出された。,{1}이(가) {0}을(를) 소환했다.,"{0}, {1}에게 호출되었다."
System,System,Korean_Steam,BattleLog.NayutaLockOn,529,584,{0} が次の標的とされている。,{0}이(가) 다음 표적으로 지목되었다.,"{0}, 다음 표적으로 지정되었다."
Hisui,Hisui,English_Steam,Hisui.Fallen1-49,104,104,(教育…前にやられた時よりっ……強力になってる……？),(The re-educating... it's more powerful than last time...?!),(The brainwashing... it's more powerful than last time...?!)
Hisui,Hisui,English_Steam,Hisui.Fallen1-53,112,112,(ま、まずいです…このままだと本当に教育されて――――――――),(T-this is bad... at this rate I'll really be re-educated...),(T-this is bad... at this rate I'll really be brainwashed...)
Hisui,Hisui,English_Steam,Hisui.Fallen1-74,156,156,(だっ、だめ…っ！聖核戦姫の力を失ったまま教育されたら…本当に戦闘員に……！？),(N-no...! If I'm re-educated without my Holy Core Battlemaiden powers... I'll really become a soldier...?!),(N-no...! If I'm brainwashed without my Holy Core Battlemaiden powers... I'll really become a soldier...?!)
Hisui,Hisui,English_Steam,Hisui.Fallen1-152,320,320,【教育を終了します。K46号、報告をしなさい。】,"[Re-educating complete. K46, report.]","[Brainwashing complete. K46, report.]"
Hisui,Hisui,English_Steam,Hisui.Fallen1-153,322,322,「キィーーーーーーッ！K46号、教育完了いたしました！」,"""KIIIIII! K46, re-educating complete!""","""KIIIIII! K46, brainwashing complete!"""
Hisui,Hisui,English_Steam,Hisui.Fallen2-12,374,374,「いや～全くいい仕事だぜ…毎日のように新しい教育された女共がチンポしゃぶってくれるんだからな！」,"""Man, this is a great job... Every day newly re-educated women suck on us!""","""Man, this is a great job... Every day newly brainwashed women suck on us!"""
Hisui,Hisui,English_Steam,Hisui.Fallen2-28,406,406,「教育前はクソビッチだったのか…！？」,"""Was she some kind of slut before the re-educating...?!""","""Was she some kind of slut before the brainwashing...?!"""
Hisui,Hisui,English_Steam,Hisui.Fallen3-60,708,708,(……また……この教育装置……),(...Again... this re-educating device...),(...Again... this brainwashing device...)
Hisui,Hisui,English_Steam,Hisui.Fallen3-68,724,724,そしてK46号に芽生えた違和感は教育と共に全て消え去る,And so the sense of unease that had sprouted in K46 was completely erased along with the re-educating.,And so the sense of unease that had sprouted in K46 was completely erased along with the brainwashing.
Hisui,Hisui,English_Steam,Hisui.Fallen3-78,744,744,――――――――,――――――――,...
Hisui,Hisui,English_Steam,Hisui.Fallen3-79,746,746,――――,――――,...
Hisui,Hisui,English_Steam,Hisui.Fallen3-80,748,748,ー,ー,...
Hisui DLC2,Hisui,English_Steam,Hisui.Horny1-18,38,786,「そっ、そんなぁ……エレナ先輩が負けるなんてっ……！」,"""N-no way... Elena is losing...!""","""N-no way... Erena is losing...!"""
Hisui DLC2,Hisui,English_Steam,Hisui.Horny1-20,42,790,「ううぅ…エレナ先輩っ……」,"""Uuuh... Elena...""","""Uuuh... Erena..."""
Hisui DLC2,Hisui,English_Steam,Hisui.Horny1-22,46,794,「え、エレナ先輩……！！」,"""E-Elena...!!""","""E-Erena...!!"""
Hisui DLC2,Hisui,English_Steam,Hisui.Horny1-27,56,804,そして戦闘員はラバースーツを脱いでチンポをエレナとヒスイの尻に押し当てる,Then the soldier removed his rubber suit and pressed his cock against Elena and Hisui's asses.,Then the soldier removed his rubber suit and pressed his cock against Erena and Hisui's asses.
Hisui DLC2,Hisui,English_Steam,Hisui.Horny1-34,70,818,「ううっ♥……エレナ先輩っ……どうすればっ♥…！」,"""Uuh♥... Elena... what should we do♥...!""","""Uuh♥... Erena... what should we do♥...!"""
Hisui DLC2,Hisui,English_Steam,Hisui.Horny1-36,74,822,「え、エレナ先輩っ…！」,"""E-Elena...!""","""E-Erena...!"""
Hisui DLC2,Hisui,English_Steam,Hisui.Horny1-44,90,838,「そんなぁっ♥♥エレナ先輩うらやま…じゃなくて♥頑張ってくださいっ♥！」,"""Oh no♥♥ Elena, I'm so jeal... I mean♥ please do your best♥!""","""Oh no♥♥ Erena, I'm so jeal... I mean♥ please do your best♥!"""
Hisui DLC2,Hisui,English_Steam,Hisui.Horny1-54,110,858,「え、エレナ先輩っ！負けないでくださいっ♥！」,"""E-Elena! Please don't lose♥!""","""E-Erena! Please don't lose♥!"""
Hisui DLC2,Hisui,English_Steam,Hisui.Horny1-57,116,864,「ああっ♥、そんなぁ♥、エレナ先輩っ…負けないで…♥」,"""Aah♥, oh no♥, Elena... don't lose...♥""","""Aah♥, oh no♥, Erena... don't lose...♥"""
Hisui DLC2,Hisui,English_Steam,Hisui.Horny1-60,122,870,(ああっ♥、あの敬愛する幹部のエレナ様が犯されているところがこんなに近くで見れるなんて…♥),"(Aah♥, to be able to see the respected executive Elena being violated this close...♥)","(Aah♥, to be able to see the respected executive Erena being violated this close...♥)"
Hisui DLC2,Hisui,English_Steam,Hisui.Horny1-61,124,872,(エレナ様は…そう♥…財団で初めて見た時から私の憧れでしたっ…♥),(Elena... yes♥... has been my idol since I first saw her at the Foundation...♥),(Erena... yes♥... has been my idol since I first saw her at the Foundation...♥)
Hisui DLC2,Hisui,English_Steam,Hisui.Horny1-73,148,896,「ああっ♥、そんな…エレナ先輩っ……♥」,"""Aah♥, oh no... Elena...♥""","""Aah♥, oh no... Erena...♥"""
Hisui DLC2,Hisui,English_Steam,Hisui.Horny1-79,160,908,「うっ♥ううっ♥…エレナ先輩っ……♥」,"""Uh♥ uuh♥... Elena...♥""","""Uh♥ uuh♥... Erena...♥"""
Hisui DLC2,Hisui,English_Steam,Hisui.Horny1-86,174,922,「で、でもっ♥、エレナ先輩と一緒に犯してもらえるなら…♥…悪くないかもしれません…っ♥」,"""B-but♥, if I can get fucked together with Elena...♥... it might not be so bad...♥""","""B-but♥, if I can get fucked together with Erena...♥... it might not be so bad...♥"""
Hisui DLC2,Hisui,English_Steam,Hisui.Horny1-88,178,926,「ああっ♥、はいっ♥…エレナ先輩がそう言うならっ……♥」,"""Aah♥, yes♥... if Elena says so...♥""","""Aah♥, yes♥... if Erena says so...♥"""
Hisui DLC2,Hisui,English_Steam,Hisui.Horny1-101,204,952,(ああっ♥、エレナ様を見ながら戦闘員様にも犯していただけるなんてっ…♥),"(Aah♥, to be able to get fucked by the soldier while watching Elena...♥)","(Aah♥, to be able to get fucked by the soldier while watching Erena...♥)"
Hisui DLC2,Hisui,English_Steam,Hisui.Horny2-19,260,1008,戦闘員がそう言うとヒスイとエレナは頭も戦闘員の仮面で覆われる,"When the soldier said that, Hisui and Elena's heads were covered with soldier masks.","When the soldier said that, Hisui and Erena's heads were covered with soldier masks."
Hisui DLC2,Hisui,English_Steam,Hisui.Horny2-26,274,1022,「キィーーーーッ！そ、そうですっ…エレナ様と言えど…今は下級戦闘員ですからっ♥」,"""Kiiiii! T-that's right... even Elena... is just a low-ranking soldier now♥""","""Kiiiii! T-that's right... even Erena... is just a low-ranking soldier now♥"""
Hisui DLC2,Hisui,English_Steam,Hisui.Horny2-27,276,1024,(……！私は撮影中とはいえエレナ様と同じ立場…♥なんて恐れ多いんでしょうっ♥),"(...! Even though we're filming, I'm in the same position as Elena...♥ how awe-inspiring♥)","(...! Even though we're filming, I'm in the same position as Erena...♥ how awe-inspiring♥)"
Hisui DLC2,Hisui,English_Steam,Hisui.Horny2-28,278,1026,(でもっ♥…すごくゾクゾクしますっ…♥あのエレナ様が無様な下級戦闘員になって目の前で喘いでいるなんてっ♥),(But♥... it's so thrilling...♥ to see Elena reduced to a pathetic junior soldier moaning in front of me♥),(But♥... it's so thrilling...♥ to see Erena reduced to a pathetic junior soldier moaning in front of me♥)
Hisui DLC2,Hisui,English_Steam,Hisui.Horny2-40,302,1050,「ふふっ♥、無様ですよっ…エレナ様…いいえ♥下級戦闘員っ♥」,"""Fufu♥, how pathetic... Elena... no, I mean... junior soldier♥""","""Fufu♥, how pathetic... Erena... no, I mean... junior soldier♥"""
Hisui DLC2,Hisui,English_Steam,Hisui.Horny2-51,324,1072,(ああっ♥…私のような下級戦闘員がエレナ様と一緒に快楽を享受できるなんて…♥),(Aah♥... for a junior soldier like me to share pleasure with Elena...),(Aah♥... for a junior soldier like me to share pleasure with Erena...)
Hisui DLC2,Hisui,English_Steam,Hisui.Core1-18,376,1124,「ええ、残念ですが…。貴方は戦闘員として教育される以前は聖核戦姫でした。」,"""Yes, unfortunately... Before you were re-educated as a soldier, you were a Holy Core Battlemaiden.""","""Yes, unfortunately... Before you were brainwashed as a soldier, you were a Holy Core Battlemaiden."""
Hisui DLC2,Hisui,English_Steam,Hisui.Core1-55,450,1198,「ほ゛おっ♥、聖核っ♥、出てますッ！わたしのっ♥」,"""Hooh♥, the Holy Core♥ is coming out! My♥""","""Hooh♥, the Holy Core♥ is coming out! Of my♥"""
