Key,Comment,Japanese,Japanese_Steam,Traditional Chinese_Steam,English_Steam,Korean_Steam
Kei Fallen Scene DLC 1,注釈,闇堕ちシーン,闇堕ちシーン,闇堕ちシーン,,타락 이벤트
Record.KeiAfter-1,路地裏,夜、町の一角の路地裏にて,夜、町の一角の路地裏にて,夜晚，城鎮一角的巷子裏,In a back alley of the town district at night.,"밤, 마을 한구석의 뒷골목에서"
,,,,,,
Record.KeiAfter-2,072号,「我々はこれより財団支配下で発生した暴動の鎮圧任務にあたります。」,「我々はこれより財団支配下で発生した暴動の鎮圧任務にあたります。」,「我等現在開始將執行鎮壓財團支配下發生的暴動任務。」,"""We will now carry out the suppression mission for the riot that occurred under Foundation control.""",「저희는 지금부터 재단 지배하에서 발생한 폭동 진압 임무에 임합니다.」
,,,,,,
Record.KeiAfter-3,,「大変な任務ではありませんが、これは財団の支配を維持するために重要であり――――」,「大変な任務ではありませんが、これは財団の支配を維持するために重要であり――――」,「雖然不是多困難的任務，但這對於維持財團的支配至關重要――――」,"""While this is not a difficult mission, it is important for maintaining the Foundation's control...""","「어려운 임무는 아니지만, 이것은 재단의 지배를 유지하기 위해 중요하며――――」"
,,,,,,
Record.KeiAfter-4,K22号,(ぐうっ…クソッ…！何で私がこんなしょうもない事をしなければならないんだ…っ！),(ぐうっ…クソッ…！何で私がこんなしょうもない事をしなければならないんだ…っ！),（唔…可惡…！為什麼我非得做這種無聊的事情…！）,(Guh... Damn it...! Why do I have to do such trivial things...!),(크윽… 젠장…! 왜 내가 이런 시시한 짓을 해야 하는 거야…!)
,,,,,,
Record.KeiAfter-5,,(こんなバカみたいな胸に改造されて…こんなものぶら下げて戦えるわけないだろっ…！),(こんなバカみたいな胸に改造されて…こんなものぶら下げて戦えるわけないだろっ…！),（被改造成這種蠢得要命的胸部…！帶著這種東西根本沒辦法戰鬥吧…！）,(Being modified with these ridiculous breasts... There's no way I can fight carrying these things around...!),(이런 바보 같은 가슴으로 개조당해서… 이런 거 달고 싸울 수 있을 리 없잖아…!)
,,,,,,
Record.KeiAfter-6,072号,「――――それでは任務を開始します。総員持ち場へ移動しなさい。」,「――――それでは任務を開始します。総員持ち場へ移動しなさい。」,「――――那麼任務開始。全員移動到各自的崗位。」,"""...Then we will begin the mission. All personnel, move to your positions.""",「――――그럼 임무를 개시합니다. 총원 위치로 이동하십시오.」
,,,,,,
Record.KeiAfter-7,戦闘員&K22号,「「「「「「キィーーーーーーッ！！！！」」」」」」,「「「「「「キィーーーーーーッ！！！！」」」」」」,「「「「「「吱ーーーーーー！！！！」」」」」」,"""KIIIIIIII!!!!""",「「「「「「키이ーーーーーー잇!!!!」」」」」」
,,,,,,
,,,,,,
,,,,,,
Record.KeiAfter-8,K22号,「っ、冗談じゃない…っ！こんな事やってられるかっ！」,「っ、冗談じゃない…っ！こんな事やってられるかっ！」,「…！開什麼玩笑…！誰要做這種事啊！」,"""...This is ridiculous...! I can't keep doing this!""","「윽, 장난 아니야…! 이런 짓 할 수 있겠냐!」"
,,,,,,
Record.KeiAfter-9,,「………とは言えチャンスだ…！これだけ混戦状態なら首輪の洗脳が届かない所まで逃げれるはず……。」,「………とは言えチャンスだ…！これだけ混戦状態なら首輪の洗脳が届かない所まで逃げれるはず……。」,「………話雖如此，這不妨也是個機會…！在這麼混亂的狀態下，應該能逃到項圈的洗腦電波傳不到的地方……。」,"""...That said, this is a chance...! In this chaos, I should be able to escape to where the collar's brainwashing can't reach...""",「………라고는 해도 기회다…! 이렇게 혼전 상태라면 목걸이의 세뇌가 닿지 않는 곳까지 도망칠 수 있을 거야…….」
,,,,,,
Record.KeiAfter-10,,「そして私ならこの首輪程度の構造なら簡単に解除できる……！」,「そして私ならこの首輪程度の構造なら簡単に解除できる……！」,「而且以我的能力，這種程度的項圈結構可以輕易解除……！」,"""And with my abilities, I can easily disable a collar of this level...!""",「그리고 나라면 이 목걸이 정도 구조라면 간단히 해제할 수 있어……!」
,,,,,,
Record.KeiAfter-11,,「洗脳装置さえ解除すれば後はなんてことない、私の頭脳をもってすれば財団を乗っることなど余裕だ！」,「洗脳装置さえ解除すれば後はなんてことない、私の頭脳をもってすれば財団を乗っることなど余裕だ！」,「只要解除了洗腦裝置，之後就沒什麼了不起了，以我的頭腦要奪取財團根本輕而易舉！」,"""Once the brainwashing device is disabled, the rest is nothing. With my intellect, taking over the Foundation will be easy!""","「세뇌 장치만 해제하면 다음은 아무것도 아니야, 내 두뇌를 가지고 재단을 장악하는 것 따위 여유지!」"
,,,,,,
Record.KeiAfter-12,,「ふふふっ…待っていろ私をコケにした財団の幹部共…！今度こそ私の手で支配してやるっ……！」,「ふふふっ…待っていろ私をコケにした財団の幹部共…！今度こそ私の手で支配してやるっ……！」,「呵呵呵…給我等著，那些耍了我的財團幹部們…！這次我一定要親手支配你們……！」,"""Fufufu... Just wait, you Foundation executives who made a fool of me...! This time I'll dominate you with my own hands...!""",「후후훗… 기다려라 나를 바보 취급한 재단 간부 놈들…! 이번에야말로 내 손으로 지배해주겠어……!」
,,,,,,
,,,,,,
,,,,,,
Record.KeiAfter-13,,裏路地にて――――,裏路地にて――――,在巷子裏――――,In the back alley,뒷골목에서――――
,,,,,,
Record.KeiAfter-14,K22号,「ハアッ、ハアッ、ここまで来れば…後ちょっとで圏外なはず…！」,「ハアッ、ハアッ、ここまで来れば…後ちょっとで圏外なはず…！」,「哈啊、哈啊、來到這裡的話…應該再差一點點就到圈外了…！」,"""Haa, haa, if I've come this far... I should be almost out of range...!""","「하앗, 하앗, 여기까지 오면… 조금만 더 가면 권외일 텐데…!」"
,,,,,,
Record.KeiAfter-15,,ブルンッ♥、ブルンッ♥！,ブルンッ♥、ブルンッ♥！,晃動♥、晃動♥！,Bounce♥ bounce♥!,"출렁♥, 출렁♥!"
,,,,,,
Record.KeiAfter-16,K22号,「っ、くそっ、このふざけた胸が無ければもっと早く走れるのに…っ！」,「っ、くそっ、このふざけた胸が無ければもっと早く走れるのに…っ！」,「…！可惡、如果沒有這對該死的胸部的話，我能跑得更快才對…！」,"""Damn it, if it weren't for these ridiculous breasts I could've run faster...!""","「윽, 젠장, 이 빌어먹을 가슴만 없었다면 더 빨리 달릴 수 있었을 텐데…!」"
,,,,,,
Record.KeiAfter-17,,その時、K22号の前に路地裏から何人かの男たちが現れる,その時、K22号の前に路地裏から何人かの男たちが現れる,就在這時，K22號的前方，有幾個男人從巷子裏出現了,"At that moment, several men appeared from the alley in front of K22.","그때, K22호 앞에 뒷골목에서 여러 명의 남자들이 나타난다"
,,,,,,
Record.KeiAfter-18,男,「うおっ！？なんでこんな所に戦闘員がいるんだ？！」,「うおっ！？なんでこんな所に戦闘員がいるんだ？！」,「嗚！？為什麼戰鬥員會出現在這種地方？！」,"""Whoa?! Why are there soldiers in a place like this?!""",「우옷!? 왜 이런 곳에 전투원이 있는 거야?!」
,,,,,,
Record.KeiAfter-19,K22号,「っ…！こんな時にめんどうなッ…！」,「っ…！こんな時にめんどうなッ…！」,「…！偏偏在這種時候…！」,"""...! What a pain at a time like this...!""",「윽…! 이럴 때 귀찮게…!」
,,,,,,
Record.KeiAfter-20,,「まあいいっ…こいつら程度なら戦闘員の力でも何とかなるだろう…！」,「まあいいっ…こいつら程度なら戦闘員の力でも何とかなるだろう…！」,「罷了…這種程度的傢伙，用戰鬥員的力量應該還應付得過去…！」,"""Well, fine... I should be able to handle these guys because I'm a soldier...""",「뭐 좋아… 이놈들 정도라면 전투원의 힘으로도 어떻게든 되겠지…!」
,,,,,,
Record.KeiAfter-21,,「貴様らッ！そこをどけっ！キィーーーーーーッ！」,「貴様らッ！そこをどけっ！キィーーーーーーッ！」,「你們這些傢伙！滾開！吱ーーーーーー！」,"""You bastards! Get out of the way! KIIIIIIII!""",「네놈들! 거기 비켜! 키이ーーーーーー잇!」
,,,,,,
,,,,,,
,Kei darkness 1-1,,,,,
Record.KeiAfter-22,K22号,「ぐううっっ！？」,「ぐううっっ！？」,「唔喔喔！？」,"""Guuuh?!""",「크으윽!?」
,,,,,,
Record.KeiAfter-23,男,「なんだぁ、こいつ？戦闘員のくせにクソ弱いじゃねえかｗ」,「なんだぁ、こいつ？戦闘員のくせにクソ弱いじゃねえかｗ」,「搞什麼啊，這傢伙？明明是戰鬥員，卻弱得要死啊ｗ」,"""What the hell? For a soldier, this one's weak as hell.""","「뭐야, 이 녀석? 전투원 주제에 존나 약하잖아ㅋ」"
,,,,,,
Record.KeiAfter-24,K22号,「うっ…こんなはずでは…ッ！？」,「うっ…こんなはずでは…ッ！？」,「嗚…怎麼會這樣…！？」,"""Ugh... This shouldn't be happening...?!""",「윽… 이럴 리가…!?」
,,,,,,
Record.KeiAfter-25,,「ま、まずい、何とか逃げないと………っ！」,「ま、まずい、何とか逃げないと………っ！」,「糟、糟糕了，不想辦法逃走的話………！」,"""Th-this is bad, I need to escape somehow...!""","「위, 위험해, 어떻게든 도망치지 않으면………윽!」"
,,,,,,
Record.KeiAfter-26,Kei darkness DLC1-2,しかしK22号は周りを男たちに囲まれてしまう。,しかしK22号は周りを男たちに囲まれてしまう。,但是K22號已經被男人們團團圍住。,"However, K22 found herself surrounded by the men.",하지만 K22호는 주위를 남자들에게 둘러싸여 버린다.
,,,,,,
Record.KeiAfter-27,K22号,「ぐうっ…この忌々しい胸が無ければこんな奴らに負けるなど……っ！」,「ぐうっ…この忌々しい胸が無ければこんな奴らに負けるなど……っ！」,「唔…如果沒有這對可恨的胸部，我怎麼可能會輸給這種傢伙……！」,"""Guh... If it weren't for these damned breasts, I wouldn't lose to the likes of these guys...!""",「크윽… 이 빌어먹을 가슴만 없었다면 이런 놈들에게 질 리가……!」
,,,,,,
Record.KeiAfter-28,男,「あ？コイツ戦闘員にしちゃ馬鹿みたいに胸がでけえな？」,「あ？コイツ戦闘員にしちゃ馬鹿みたいに胸がでけえな？」,「啊？這傢伙以戰鬥員來說，胸部大得像個笨蛋啊？」,"""Huh? For a soldier, this one's got stupidly huge tits?""",「아? 이 녀석 전투원치고 바보같이 가슴이 크네?」
,,,,,,
Record.KeiAfter-29,K22号,「っ、言うなっ……！」,「っ、言うなっ……！」,「…！不准說……！」,"""...Don't say that...!""","「윽, 말하지 마……!」"
,,,,,,
Record.KeiAfter-30,男,「ちょうどいい…貴様ら財団の戦闘員には迷惑していたとこだ、全員でコイツに復讐してやるぞっ！」,「ちょうどいい…貴様ら財団の戦闘員には迷惑していたとこだ、全員でコイツに復讐してやるぞっ！」,「正好…我們也受夠了你們這些財團戰鬥員的鳥氣，大家一起來向這傢伙復仇吧！」,"""Perfect timing... We've been troubled by you Foundation soldiers. Let's all get revenge on this one!""","「마침 잘 됐네… 네놈들 재단 전투원에게는 폐를 끼치고 있었거든, 전원이 이 녀석에게 복수해주마!」"
,,,,,,
Record.KeiAfter-31,K22号,「な、なあっ！？」,「な、なあっ！？」,「什、什麼！？」,"""Wh-what?!""","「뭐, 뭐야!?」"
,,,,,,
Record.KeiAfter-32,Kei darkness DLC1-3,そして男たちはズボンをおろし、K22号の前にチンポを差し出す。,そして男たちはズボンをおろし、K22号の前にチンポを差し出す。,接著，男人們拉下褲子，在K22號面前掏出了肉棒。,Then the men lowered their pants and shoved their cocks at K22.,"그리고 남자들은 바지를 내리고, K22호 앞에 자지를 내민다."
,,,,,,
Record.KeiAfter-33,K22号,「よ、よせっ！財団に喧嘩を売る気かっ…？！」,「よ、よせっ！財団に喧嘩を売る気かっ…？！」,「住、住手！你們是想跟財團作對嗎…？！」,"""S-stop! Are you trying to pick a fight with the Foundation...?!""","「저, 저리 가! 재단에 싸움을 걸 셈인가…?!」"
,,,,,,
Record.KeiAfter-34,男,「ああ？てめえら女戦闘員は散々善良な市民を逆レしておいて何言ってんだ？」,「ああ？てめえら女戦闘員は散々善良な市民を逆レしておいて何言ってんだ？」,「啊？你們這些女戰鬥員平常不是最愛強姦善良市民了，現在在說什麼啊？」,"""Huh? You female soldiers have been assaulting innocent citizens left and right, what are you talking about?""",「아아? 네놈들 여성 전투원은 실컷 선량한 시민을 역강간해놓고 무슨 소리 하는 거야?」
,,,,,,
Record.KeiAfter-35,,「これは正義の行いなんだよっ！オラッ！」,「これは正義の行いなんだよっ！オラッ！」,「這可是正義的行為啊！來吧！」,"""This is an act of justice! Take this!""",「이건 정의의 행동이라고! 자!」
,Kei darkness DLC1-４,,,,,
Record.KeiAfter-36,K22号,「うぶッッ！？」,「うぶッッ！？」,「唔噗！？」,"""Ubuh?!""",「웁웁!?」
,,,,,,
Record.KeiAfter-37,,怒りに燃えた男たちのチンポがK22号の口と割れ目に打ち込まれる。,怒りに燃えた男たちのチンポがK22号の口と割れ目に打ち込まれる。,燃燒著怒火的男人們的肉棒，被硬生生打進K22號的嘴和裂縫中。,The angry men thrust their cocks into K22's mouth and pussy.,분노에 불타는 남자들의 자지가 K22호의 입과 갈라진 틈에 쑤셔 박힌다.
,,,,,,
Record.KeiAfter-38,,「ゲポッ！？ぐうううっ…！？」,「ゲポッ！？ぐうううっ…！？」,「呃！？唔喔喔喔…！？」,"""Guhhh! Guuuuh...?!""",「컥!? 크으으윽…!?」
,,,,,,
Record.KeiAfter-39,男,「へへっ…いつもやられっぱなしだからな…たまにはお返ししねえとなあ！？」,「へへっ…いつもやられっぱなしだからな…たまにはお返ししねえとなあ！？」,「嘿嘿…平常總是只有我們被搞…偶爾也該回敬一下才行啊！？」,"""Hehe... We're always on the receiving end... Sometimes we gotta give back, right?!""",「헤헷… 언제나 당하기만 했으니까… 가끔은 갚아줘야지!?」
,,,,,,
Record.KeiAfter-40,K22号,「やべっ……ま………まへっ！！」,「やべっ……ま………まへっ！！」,「住…手……不……不要！」,"""Shtop... wai... waih!!""",「위험…해…… 자………자해!!」
,,,,,,
Record.KeiAfter-41,,しかし誰もK22号のいう事など聞くはずもなく、男たちはK22号の体をモノのように扱い始める。,しかし誰もK22号のいう事など聞くはずもなく、男たちはK22号の体をモノのように扱い始める。,但是，根本沒有人理會K22號在說什麼，男人們開始將K22號的身體當作物品般對待。,"However, no one would listen to K22, and the men began treating K22's body like an object.","하지만 아무도 K22호의 말 따위 들을 리 없고, 남자들은 K22호의 몸을 물건처럼 다루기 시작한다."
,,,,,,
Record.KeiAfter-42,,バチュッ、バチュッ、バチュッ、バチュツ！！,バチュッ、バチュッ、バチュッ、バチュツ！！,啪啾、啪啾、啪啾、啪啾！！,"Slap, slap, slap, slap!!","(효과음살 부딪히는 소리) 철썩, 철썩, 철썩, 철썩!!"
,,,,,,
Record.KeiAfter-43,K22号,「～～～～～～ッ！！！？！」,「～～～～～～ッ！！！？！」,「～～～～～～！！！？！」,"""...!!!?!""",「~~~~~~윽!!!?!」
,,,,,,
Record.KeiAfter-44,,(ま、まずい……私がこんな男どもに捕まってしまうなど……！！),(ま、まずい……私がこんな男どもに捕まってしまうなど……！！),（糟、糟糕了……我竟然會被這種男人們抓住……！！）,(Th-this is bad... For me to be caught by these men...!!),"(위, 위험해…… 내가 이런 남자들에게 붙잡히다니……!!)"
,,,,,,
Record.KeiAfter-45,,(それにこんな所でもたもたしてたら逃げられなくなってしまうっ……！),(それにこんな所でもたもたしてたら逃げられなくなってしまうっ……！),（而且，在這種地方磨蹭下去的話，我的逃跑計劃會露餡的……！）,"(And if I stall here, I won't be able to escape...!)",(게다가 이런 곳에서 꾸물거리다가는 도망칠 수 없게 돼……!)
,,,,,,
Record.KeiAfter-46,男,「この戦闘員スーツも邪魔だっ、やぶいちまえっ！」,「この戦闘員スーツも邪魔だっ、やぶいちまえっ！」,「這戰鬥服也真礙事，把它扒光！」,"""This combat suit is in the way too, tear it off!""",「이 전투원 슈트도 방해돼! 찢어버려!」
,,,,,,
Record.KeiAfter-47,K22号,「キィッ！な！？や、やめおっ！！」,「キィッ！な！？や、やめおっ！！」,「吱！什！？住、住手喔！！」,"""Kii! Wha?! S-stop ih!!""","「키잇! 뭐!? 여, 그만둬!!」"
,,,,,,
Record.KeiAfter-48,Kei darkness DLC1-5,ビリッ！ビリビリッ！,ビリッ！ビリビリッ！,撕啦！撕啦撕啦！,"Rip! Rip, rip!",찌익! 찌리릭!
,,,,,,
Record.KeiAfter-49,,K22号のスーツが破られ、中からイチゴのように巨大な乳首があらわれる,K22号のスーツが破られ、中からイチゴのように巨大な乳首があらわれる,K22號的戰鬥服被撕破，裏頭如草莓般巨大的乳頭彈了出來,"K22's suit was torn, revealing enormous nipples like strawberries.","K22호의 슈트가 찢어지고, 안에서 딸기처럼 거대한 유두가 드러난다"
,,,,,,
Record.KeiAfter-50,K22号,「キィッ！？♥……よ、よくもっ！」,「キィッ！？♥……よ、よくもっ！」,「吱！？♥……你、你們竟敢！」,"""Kiiiiii?! You...""","「키잇!?♥…… 네, 네 이놈들!」"
,,,,,,
Record.KeiAfter-51,男,「はははっ、マジででけえ乳だな？なんでこんな奴が戦闘員やってるんだ？」,「はははっ、マジででけえ乳だな？なんでこんな奴が戦闘員やってるんだ？」,「哈哈哈、還真是超大的奶子啊？為什麼這種傢伙能當戰鬥員啊？」,"""Hahaha, seriously huge tits, huh? Why is someone like this working as a soldier?""","「하하하, 진짜 큰 젖이네? 왜 이런 녀석이 전투원 하고 있는 거야?」"
,,,,,,
Record.KeiAfter-52,K22号,「ごぷっ、キィッ！？ち、違うッ！私を解放してくれれば財団の情報を――――」,「ごぷっ、キィッ！？ち、違うッ！私を解放してくれれば財団の情報を――――」,「咕噗、吱！？才、才不是！只要你們放了我，我就把財團的情報――――」,"""Goph, kii?! N-no! If you let me go, I'll give you Foundation information—""","「곱, 키잇!? 아, 아니야! 나를 풀어주면 재단 정보를――――」"
,,,,,,
Record.KeiAfter-53,男,「お前のいう事なんざ聞いてねえんだよっ！オラッ！」,「お前のいう事なんざ聞いてねえんだよっ！オラッ！」,「誰管妳在說什麼啊！來吧！」,"""We're not listening to anything you say! Take this!""",「네 말 따위 듣고 있지 않아! 자!」
,,,,,,
Record.KeiAfter-54,,バコッ！バコッ！バコッ！,バコッ！バコッ！バコッ！,啪叩！啪叩！啪叩！,Thud! Thud! Thud!,(효과음타격음) 퍽! 퍽! 퍽!
,,,,,,
Record.KeiAfter-55,K22号,「んんッ～～～～～～ッ♥♥！！？」,「んんッ～～～～～～ッ♥♥！！？」,「嗯嗯～～～～～～♥♥！！？」,"""Nnn♥♥!!?""",「응응읏~~~~~~읏♥♥!!?」
,,,,,,
Record.KeiAfter-56,,周りの男たちもK22号の体中にチンポをこすりつけ、K22号に怒りと性欲をぶつけようとする,周りの男たちもK22号の体中にチンポをこすりつけ、K22号に怒りと性欲をぶつけようとする,周圍的男人們也將肉棒在K22號的全身磨蹭，試圖將怒火與性慾發洩在K22號身上,"The surrounding men also tried to vent their anger and sexual frustration on K22, rubbing their cocks against her.","주위 남자들도 K22호 온몸에 자지를 문지르며, K22호에게 분노와 성욕을 퍼붓는다"
,,,,,,
Record.KeiAfter-57,K22号,「ひゃっ、やめろっ……ッ！！」,「ひゃっ、やめろっ……ッ！！」,「呀、住手……！！」,"""Hya, stop it...!!""","「히얏, 그만둬……!!」"
,,,,,,
Record.KeiAfter-58,男,「ははっ！コイツマジで全身オナホボディじゃねえかｗ？」,「ははっ！コイツマジで全身オナホボディじゃねえかｗ？」,「哈哈！這傢伙根本全身都是自慰套體質嘛ｗ？」,"""Haha! This one's seriously got a body made for pleasure, doesn't she?""",「하핫! 이 녀석 진짜 전신 오나홀 몸 아니냐ㅋ?」
,Kei darkness DLC1-６,,,,,
Record.KeiAfter-59,,「おらっ！もっとマンコ締めろっ！」,「おらっ！もっとマンコ締めろっ！」,「喂！小穴再夾緊一點啊！」,"""Come on! Squeeze harder!""",「자! 더 보지 조여!」
,,,,,,
Record.KeiAfter-60,,バチッ！バチンッ！！,バチッ！バチンッ！！,啪！啪！！,Smack! Slap!!,철썩! 철썩!!
,,,,,,
Record.KeiAfter-61,K22号,「～～～～～～～～～～ッ♥！！！」,「～～～～～～～～～～ッ♥！！！」,「～～～～～～～～～～♥！！！」,"""....♥!!!""",「~~~~~~~~~~읏♥!!!」
,,,,,,
Record.KeiAfter-62,,ジュルルッ♥ジュルルッ♥,ジュルルッ♥ジュルルッ♥,啾嚕嚕♥啾嚕嚕♥,Slurp♥ slurp♥,(핥는 소리) 츄르릅♥ 츄르릅♥
,,,,,,
Record.KeiAfter-63,,(ぐうっ…！く、くそっ！),(ぐうっ…！く、くそっ！),（唔…！可、可惡！）,(Guh...! D-damn it!),"(크윽…! 제, 젠장!)"
,,,,,,
Record.KeiAfter-64,,(この乳のせいで…逃げられないっ……♥！！),(この乳のせいで…逃げられないっ……♥！！),（都是因為這對奶子…才逃不掉……♥！！）,(Because of these breasts... I can't escape...♥!!),(이 젖 때문에… 도망칠 수 없어……♥!!)
,,,,,,
Record.KeiAfter-65,,(そ、それにっ……勝手に体がこいつらに媚びてしまうっ…！),(そ、それにっ……勝手に体がこいつらに媚びてしまうっ…！),（而、而且……身體擅自對這些傢伙獻媚了…！）,(A-and... my body is responding to their touches...!),"(그, 게다가…… 멋대로 몸이 이놈들에게 아양 떨고 있어…!)"
,,,,,,
Record.KeiAfter-66,,(ぐうっ…くそっ！これも改造されたせいなのか……体が勝手にご奉仕モードに…！！),(ぐうっ…くそっ！これも改造されたせいなのか……体が勝手にご奉仕モードに…！！),（唔…可惡！這也是被改造的關係嗎……身體擅自進入了侍奉模式…！！）,(Guh... damn! Is this also because of the modifications... my body automatically going into service mode...!!),(크윽… 젠장! 이것도 개조당한 탓인가…… 몸이 멋대로 봉사 모드로…!!)
,,,,,,
Record.KeiAfter-67,男,「ははっ、こいつレイプされてる最中だってのにノリノリじゃねえか！戦闘員ってのはどいつもこんな感じなのか？」,「ははっ、こいつレイプされてる最中だってのにノリノリじゃねえか！戦闘員ってのはどいつもこんな感じなのか？」,「哈哈、這傢伙明明在被強姦，卻這麼興奮啊！戰鬥員都是這種調調嗎？」,"""Haha, she's getting into it even while being violated! Are all soldiers like this?""","「하핫, 이 녀석 강간당하는 중인데도 신났잖아! 전투원이란 놈들은 다 이런 건가?」"
,,,,,,
Record.KeiAfter-68,K22号,「ジュルルッ♥！むうっ～～～～♥！！んんっ♥！」,「ジュルルッ♥！むうっ～～～～♥！！んんっ♥！」,「啾嚕嚕♥！唔嗯～～～～♥！！嗯嗯♥！」,"""Slurp♥! Muuu...♥!! Nnn♥!""",「츄르릅♥! 으읏~~~~♥!! 응응읏♥!」
,,,,,,
Record.KeiAfter-69,,(ううっ…！何をしてるんだっ……！逃げなければいけないのにっ…！！！),(ううっ…！何をしてるんだっ……！逃げなければいけないのにっ…！！！),（嗚嗚…！我在做什麼啊……！明明非得逃走才行…！！！）,(Uuh...! What am I doing...! I need to escape...!!!),(으윽…! 뭘 하는 거야……! 도망쳐야 하는데!!!)
,,,,,,
Record.KeiAfter-70,,(くそっ♥！改造されたせいでっ…体が勝手に媚びてしまう……！！),(くそっ♥！改造されたせいでっ…体が勝手に媚びてしまう……！！),（可惡♥！都是因為被改造了…身體擅自動作起來了……！！）,(Damn♥! Because of the modifications... my body automatically gets turned on...!!),(젠장♥! 개조당한 탓에… 몸이 멋대로 아양 떨고 있어……!!)
,,,,,,
Record.KeiAfter-71,男,「お～い、早く変わってくれ、後がつかえてるんだ。」,「お～い、早く変わってくれ、後がつかえてるんだ。」,「喂～，快點換人啊，後面還在排隊。」,"""Hey, hurry up, there's a line!""","「어~이, 빨리 교대해줘, 뒤가 밀렸어.」"
,,,,,,
Record.KeiAfter-72,,「おっとそうだな…オラッ！口に出してやるから反省しながら奉仕しろ！！」,「おっとそうだな…オラッ！口に出してやるから反省しながら奉仕しろ！！」,「喔っと，說的也是…來吧！我要射在妳嘴裡了，妳就邊反省邊侍奉吧！！」,"""Oh right... Take this! I'll finish in your mouth, so why don't you think about your actions while sucking me off?""",「이런 그렇구나… 자! 입으로 싸줄 테니 반성하면서 봉사해!!」
,,,,,,
Record.KeiAfter-73,,男たちは腰の動きを激しくし、快楽を満たすためだけの道具のようにK22号の穴を攻め続ける。,男たちは腰の動きを激しくし、快楽を満たすためだけの道具のようにK22号の穴を攻め続ける。,男人們加快了腰部的動作，如同對待純粹滿足快樂的道具般，持續進攻K22號的穴。,"The men's hips moved faster, continuing to violate K22's orifices as if she were merely a tool for satisfying their pleasure.","남자들은 허리 움직임을 격렬하게 하고, 쾌락을 채우기 위한 도구처럼 K22호의 구멍을 계속 공격한다."
,,,,,,
Record.KeiAfter-74,K22号,「ぐぶっ！？んっ♥、ジュルッ♥ジュポッ♥！んんっ～～～！！！」,「ぐぶっ！？んっ♥、ジュルッ♥ジュポッ♥！んんっ～～～！！！」,「咕噗！？嗯♥、啾嚕♥啾啵♥！嗯嗯～～～！！！」,"""Gufff?! Nn♥ Slurp♥ Shlup♥! Nnn!!!""","「크븃!? 응읏♥, 쥬릇♥쥬폿♥! 응응읏~~~!!!」"
,,,,,,
Record.KeiAfter-75,,「んっ♥、んっ♥、ジュルッ♥、ゴプッ♥、げぷっ♥…ジュポッ♥！」,「んっ♥、んっ♥、ジュルッ♥、ゴプッ♥、げぷっ♥…ジュポッ♥！」,「嗯♥、嗯♥、啾嚕♥、咕噗♥、呃♥…啾啵♥！」,"""Nn♥ nn♥ slurp♥ Gfff♥ gffff♥... Shlup♥!""","「응읏♥, 응읏♥, 쥬릇♥, 곱♥, 겝♥… 쥬폿♥!」"
,,,,,,
Record.KeiAfter-76,,(くっ、くそ！こいつらっ…！この私をこんなオナホのように…♥！),(くっ、くそ！こいつらっ…！この私をこんなオナホのように…♥！),（可、可惡！這些傢伙…！竟敢把本小姐當成這種自慰套一樣…♥！）,(Damn! These guys...! Treating me like some kind of sex toy...♥!),"(크윽, 젠장! 이놈들…! 이 나를 이런 오나홀처럼…♥!)"
,,,,,,
Record.KeiAfter-77,,(ぐううっ…！！でもっ…改造されたせいで…♥体がチンポに逆らえないっ…♥！),(ぐううっ…！！でもっ…改造されたせいで…♥体がチンポに逆らえないっ…♥！),（唔喔喔…！！但是…因為被改造了…♥身體無法反抗肉棒…♥！）,(Guuuh...!! But... because of the modifications...♥ my body can't resist...♥!),(크으윽…!! 하지만… 개조당한 탓에…♥ 몸이 자지에 거역할 수 없어…♥!)
,,,,,,
Record.KeiAfter-78,,(こんな情けない状況なのに…♥……私の体が…この男どものチンポに奉仕してしまう……っ♥！),(こんな情けない状況なのに…♥……私の体が…この男どものチンポに奉仕してしまう……っ♥！),（明明是這麼丟臉的狀況…♥……我的身體…竟然侍奉起這些男人的肉棒……♥！）,(Even in this pathetic situation...♥... my body... is giving into these cocks...♥!),(이런 한심한 상황인데…♥…… 내 몸이… 이 남자들의 자지에 봉사해버려……윽♥!)
,,,,,,
Record.KeiAfter-79,,ジュポッ♥、ジュルルッ♥、ジュルルッ♥！,ジュポッ♥、ジュルルッ♥、ジュルルッ♥！,啾啵♥、啾嚕嚕♥、啾嚕嚕♥！,Shlup♥ slurrrp♥ slurrrp♥!,"쥬폿♥, 츄르릅♥, 츄르릅♥!"
,,,,,,
Record.KeiAfter-80,,(うぐっ♥…改造されてから感度があがって…くそっ…こんな雑魚共に…私がッ…♥！),(うぐっ♥…改造されてから感度があがって…くそっ…こんな雑魚共に…私がッ…♥！),（唔咕♥…被改造後感度提升了…可惡…被這種雜魚們…我竟然…♥！）,(Ugu♥... my sensitivity increased after the modifications... Damn... to these weaklings... I'm...♥!),(윽♥… 개조되고 나서 감도가 올라가서… 젠장… 이런 잡것들에게… 내가…♥!)
,,,,,,
Record.KeiAfter-81,男,「オラッ！出してやるっ！悪の戦闘員めっ…反省しろっ！」,「オラッ！出してやるっ！悪の戦闘員めっ…反省しろっ！」,「來吧！要射了！邪惡的戰鬥員啊…好好反省吧！」,"""Take this! I'm coming! You're a bad soldier... reflect on your actions!""",「자! 싸주마! 악의 전투원 놈… 반성해!」
,,,,,,
Record.KeiAfter-82,Kei darkness DLC1-７,ドクッ、ビュルルルルッ！！！！,ドクッ、ビュルルルルッ！！！！,噗くん、咻嚕嚕嚕！！！！,"Throb, splurrrrrt!!!!","도큣, 뷰르르르르릇!!!!"
,,,,,,
Record.KeiAfter-83,K22号,「～～～～～～～～～～っ♥♥！！！」,「～～～～～～～～～～っ♥♥！！！」,「～～～～～～～～～～♥♥！！！」,"""...♥♥!!!""",「~~~~~~~~~~윽♥♥!!!」
,,,,,,
Record.KeiAfter-84,,K22号の口と膣内に男たちの精液が放出される,K22号の口と膣内に男たちの精液が放出される,男人們的精液被釋放在K22號的嘴裡和陰道內,The men shot their loads into K22's mouth and pussy.,K22호의 입과 질 내에 남자들의 정액이 방출된다
,,,,,,
Record.KeiAfter-85,K22号,「うぐうっ♥、うっ、ゴキュッ♥！んん～～～っ♥！！？」,「うぐうっ♥、うっ、ゴキュッ♥！んん～～～っ♥！！？」,「唔咕咕♥、嗚、咕啾♥！嗯嗯～～～♥！！？」,"""Uguu♥ uh, gulp♥! Nnn♥!!?""","「으극윽♥, 윽, 꿀꺽♥! 응응~~~윽♥!!?」"
,,,,,,
Record.KeiAfter-86,Kei darkness DLC1-８,(！！っ、な、なんだこれっ…精液出されただけでっ……体が反応してっ……イクッ♥！！),(！！っ、な、なんだこれっ…精液出されただけでっ……体が反応してっ……イクッ♥！！),（！！…這、這是什麼…光是被射了精液……身體就起了反應……要去了♥！！）,(Wh-what is this... I'm... My body is reacting from their ejaculations... I'm coming♥!!),"(!!윽, 뭐, 뭐야 이거… 정액 싸인 것만으로…… 몸이 반응해서…… 가버렷♥!!)"
,,,,,,
Record.KeiAfter-87,,ブシュッ♥プシシイイッ♥,ブシュッ♥プシシイイッ♥,噗咻♥噗咻咻咻♥,Gush♥ pssshhh♥,부슉♥ 푸시시이잇♥
,,,,,,
Record.KeiAfter-88,K22号,「ごきゅっ♥…ごきゅっ♥…ううっ…おえっ…♥」,「ごきゅっ♥…ごきゅっ♥…ううっ…おえっ…♥」,「咕啾♥…咕啾♥…嗚嗚…嘔…♥」,"""Gulp♥... gulp♥... uuh... oeh...♥""",「꿀꺽♥… 꿀꺽♥… 으윽… 오엣…♥」
,,,,,,
Record.KeiAfter-89,,K22号は膣内と口腔内に精液を流し込まれるごとに改造された体が軽くイッてしまう。,K22号は膣内と口腔内に精液を流し込まれるごとに改造された体が軽くイッてしまう。,K22號每當被精液灌入陰道與口腔時，被改造過的身體就會輕微地高潮。,K22 came each time the men shot a load into her mouth or pussy.,K22호는 질 내와 구강 내에 정액이 흘러 들어올 때마다 개조된 몸이 가볍게 가버린다.
,,,,,,
Record.KeiAfter-90,K22号,「ぐうっ…んんっ♥……んん゛っ……！！んんんっ♥！！！」,「ぐうっ…んんっ♥……んん゛っ……！！んんんっ♥！！！」,「唔…嗯嗯♥……嗯嗯゛……！！嗯嗯嗯♥！！！」,"""Guh... nnn♥... nnn... !! Nnnnn♥!!!""",「크윽… 응응읏♥…… 응응옷 윽……!! 응응응읏♥!!!」
,,,,,,
Record.KeiAfter-91,,(ぐうっ…ううっ！…この私がっ……！こんな雑魚共に……雑に使われて…あろうことか絶頂させられた……！？！),(ぐうっ…ううっ！…この私がっ……！こんな雑魚共に……雑に使われて…あろうことか絶頂させられた……！？！),（唔…嗚嗚！…本小姐竟然……！被這種雜魚們……如此粗暴地對待…甚至還高潮了……！？）,(Guh... uuh! ...For me to...! Be violated by these weaklings... and even made to come...?!!),(크윽… 으윽!… 이 내가!……! 이런 잡것들에게…… 함부로 사용되고… 심지어 절정당하다니……!?!)
,,,,,,
Record.KeiAfter-92,,(くそっ…！この…私がっ……！！！),(くそっ…！この…私がっ……！！！),（可惡…！這…本小姐竟然……！！！）,(Damn...! I...!!!),(젠장…! 이… 내가!!!)
,,,,,,
Record.KeiAfter-93,男,「ふう…出した出した。おう、空いたから誰か使っていいぞ。」,「ふう…出した出した。おう、空いたから誰か使っていいぞ。」,「呼…射了射了。喂，空出來了，誰都可以用了喔。」,"""Phew... finished. Hey, she's free now, someone else can use her.""","「후우… 쌌다 쌌어. 어이, 비었으니 누구 써도 좋아.」"
,,,,,,
Record.KeiAfter-94,K22号,「～～～～～～～～～～っ！！」,「～～～～～～～～～～っ！！」,「～～～～～～～～～～！！」,"""...!!""",「~~~~~~~~~~윽!!」
,,,,,,
Record.KeiAfter-95,,(ま、待てっ♥！！まずいっ♥、ここにいる全員を相手している時間はないっ！！),(ま、待てっ♥！！まずいっ♥、ここにいる全員を相手している時間はないっ！！),（等、等等♥！！糟糕了♥、沒有時間跟在場的所有人耗下去！！）,(W-wait♥!! This is bad♥ I don't have time to deal with everyone here!!),"(자, 잠깐♥!! 위험해♥, 여기에 있는 전원을 상대할 시간은 없어!!)"
,,,,,,
Record.KeiAfter-96,,(早く逃げなければ…！流石に財団の戦闘員に見つかってしまうっ！！),(早く逃げなければ…！流石に財団の戦闘員に見つかってしまうっ！！),（必須趕快逃走…！再這樣下去一定會被財團的戰鬥員發現的！！）,(I need to escape quickly...! I'll definitely be found by Foundation soldiers!!),(빨리 도망쳐야 해…! 아무래도 재단 전투원에게 들켜버렷!!)
,,,,,,
Record.KeiAfter-97,K22号,「ケホッ♥、ま、まへっ♥、は、はなしをッ♥！」,「ケホッ♥、ま、まへっ♥、は、はなしをッ♥！」,「咳♥、等、等一下♥、我、我有話要♥！」,"""Cough♥ w-wai♥ l-let's talk♥!""","「케홋♥, 자, 잠깐♥, 이, 이야기를♥!」"
,,,,,,
Record.KeiAfter-98,,そんなK22号の言葉もむなしく、K22号に怒れる市民たちの肉棒が襲い掛かるのだった,そんなK22号の言葉もむなしく、K22号に怒れる市民たちの肉棒が襲い掛かるのだった,K22號的話語終究是徒勞的，憤怒市民們的肉棒再次向K22號襲來,K22's words were in vain as the angry citizens continued to violate her.,"그런 K22호의 말도 헛되이, K22호에게 분노한 시민들의 육봉이 덮쳐드는 것이었다"
,,,,,,
,,,,,,
,,,,,,
Record.KeiAfter-99,Kei darkness DLC1-９,――――1時間後,――――1時間後,――――1小時後,One hour later...,――――1시간 후
,,,,,,
Record.KeiAfter-100,,パンッ！パンッ！パンッ！,パンッ！パンッ！パンッ！,啪！啪！啪！,Slap! Slap! Slap!,팡! 팡! 팡!
,,,,,,
Record.KeiAfter-101,,ジュルルッ！ジュポッ！ジュポッ！,ジュルルッ！ジュポッ！ジュポッ！,啾嚕嚕！啾啵！啾啵！,Slurp! Shlup! Shlup!,츄르릇! 쥬폿! 쥬폿!
,,,,,,
Record.KeiAfter-102,K22号,「お゛っ♥♥、お゛おおっ♥」,「お゛っ♥♥、お゛おおっ♥」,「哦゛♥♥、哦゛喔喔♥」,"""Ohh♥♥ ohhh♥""","「오옷 옷♥♥, 오옷 오오옷♥」"
,,,,,,
Record.KeiAfter-103,,K22号は何回にもわたる凌辱により、全身が精液まみれとなっていた,K22号は何回にもわたる凌辱により、全身が精液まみれとなっていた,歷經了數次的凌辱，K22號全身都沾滿了精液,"After multiple rounds of assault, K22's entire body was covered in jizz.","K22호는 몇 번에 걸친 능욕으로 인해, 온몸이 정액 범벅이 되어 있었다"
,,,,,,
Record.KeiAfter-104,,(ぐううっ♥！…結局っ♥♥…逃げられなかったっ♥♥！！),(ぐううっ♥！…結局っ♥♥…逃げられなかったっ♥♥！！),（唔喔喔♥！…結果♥♥…還是沒能逃掉♥♥！！）,(Guuuh♥! ...In the end♥♥... I couldn't escape♥♥!!),(크으윽♥!… 결국♥♥… 도망칠 수 없었어♥♥!!)
,,,,,,
Record.KeiAfter-105,,(んあっ♥…このふざけた乳が無ければっ♥♥！くううっ♥！！),(んあっ♥…このふざけた乳が無ければっ♥♥！くううっ♥！！),（嗯啊♥…要是沒有這對該死的乳房♥♥！唔喔喔♥！！）,(Nah♥... If it weren't for these ridiculous breasts♥♥! Kuuuh♥!!),(응앗♥… 이 빌어먹을 젖만 없었다면♥♥! 크으윽♥!!)
,,,,,,
Record.KeiAfter-106,男,「ふうっ…今日は一晩中使わせてもらうからなっ！覚悟しておけ！」,「ふうっ…今日は一晩中使わせてもらうからなっ！覚悟しておけ！」,「呼…今天要讓妳侍奉一整晚喔！做好覺悟吧！」,"""Phew... We'll be using you all night! Be prepared!""",「후웃… 오늘은 밤새도록 쓰게 해줄 테니! 각오해둬!」
,,,,,,
Record.KeiAfter-107,K22号,「む゛ううっ！？ん゛っ♥♥！な、なんらとっ！」,「む゛ううっ！？ん゛っ♥♥！な、なんらとっ！」,「唔゛嗚嗚！？嗯゛♥♥！你、你說什摸！」,"""Muuuh?! Nn♥♥! Wh-what!""","「읍옷 으으윽!? 응옷 윽♥♥! 무, 무슨!」"
,,,,,,
Record.KeiAfter-108,,その時、見張り役の男と思われる人物が現れる,その時、見張り役の男と思われる人物が現れる,這時，一個似乎是負責把風的男人出現了,"At that moment, someone who appeared to be a lookout appeared.","그때, 망보는 남자라고 생각되는 인물이 나타난다"
,,,,,,
Record.KeiAfter-109,見張り役の男,「お、おい！向こうから財団の戦闘員っぽい奴らがこっちに向かってきてる！」,「お、おい！向こうから財団の戦闘員っぽい奴らがこっちに向かってきてる！」,「喂、喂！那邊有看起來像財團戰鬥員的傢伙往這裡過來了！」,"""H-hey! Foundation soldiers are heading this way!""","「어, 어이! 저쪽에서 재단 전투원 같은 놈들이 이쪽으로 오고 있어!」"
,,,,,,
Record.KeiAfter-110,K22号,「…！！」,「…！！」,「…！！」,"""...!!""",「…!!」
,,,,,,
Record.KeiAfter-111,男,「ちっ…今日はここまでか…せっかくこんな都合のいいオナホ戦闘員みつけたってのに…」,「ちっ…今日はここまでか…せっかくこんな都合のいいオナホ戦闘員みつけたってのに…」,「嘖…今天只能到此為止了嗎…好不容易才找到這麼方便的自慰套戰鬥員…」,"""Tch... Guess that's it for today... And we found such a convenient soldier sex toy...""",「칫… 오늘은 여기까지인가… 모처럼 이런 편리한 오나홀 전투원 찾았는데…」
,,,,,,
Record.KeiAfter-112,,「まあいい、せっかくだから最後に一発ぶっかけてからずらかるぞ！」,「まあいい、せっかくだから最後に一発ぶっかけてからずらかるぞ！」,「罷了，難得的機會，最後再射一發再閃人吧！」,"""Well, whatever. Since we're here, let's finish one more time before we run!""","「뭐 좋아, 모처럼이니 마지막으로 한 발 뿌리고 도망치자!」"
,,,,,,
Record.KeiAfter-113,K22号,「んぐっ♥！？な、なにをっ……！！」,「んぐっ♥！？な、なにをっ……！！」,「嗯咕♥！？你、你們要幹嘛……！！」,"""Ngu♥?! Wh-what are you...!!""","「응큿♥!? 무, 무엇을……!!」"
,,,,,,
Record.KeiAfter-114,,男たちはK22号に向かって自らのチンポをしごき始める,男たちはK22号に向かって自らのチンポをしごき始める,男人們開始朝著K22號，對自己的肉棒套弄起來,The men began stroking themselves toward K22.,남자들은 K22호를 향해 자신의 자지를 흔들기 시작한다
,,,,,,
Record.KeiAfter-115,K22号,「ひうっ♥、な、なにをっ…♥！」,「ひうっ♥、な、なにをっ…♥！」,「咿♥、要、要幹嘛…♥！」,"""Hiu♥ wh-what are you...♥!""","「히웃♥, 무, 무엇을…♥!」"
,,,,,,
Record.KeiAfter-116,,「うあっ♥！ま、まてっ…！や、やめろっ♥！」,「うあっ♥！ま、まてっ…！や、やめろっ♥！」,「嗚啊♥！等、等等…！住、住手♥！」,"""Uah♥! W-wait...! S-stop♥!""","「으앗♥! 자, 잠깐…! 여, 그만둬♥!」"
,,,,,,
Record.KeiAfter-117,Kei darkness DLC1-10,ドビュッ！ビュルルルッルッ！！！,ドビュッ！ビュルルルッルッ！！！,噗咻！咻嚕嚕嚕！！！,Splash! Splurrrrrt!!!,도븃! 뷰르르르릇르릇!!!
,,,,,,
Record.KeiAfter-118,K22号,「～～～～～～～～～～っ♥！！！」,「～～～～～～～～～～っ♥！！！」,「～～～～～～～～～～♥！！！」,"""...♥!!!""",「~~~~~~~~~~윽♥!!!」
,,,,,,
Record.KeiAfter-119,,K22号へ男たちから大量の精液がかけられる,K22号へ男たちから大量の精液がかけられる,大量的精液被男人們噴灑在K22號身上,The men shot their massive loads on K22.,K22호에게 남자들로부터 대량의 정액이 뿌려진다
,,,,,,
Record.KeiAfter-120,,「うあっ♥ひっ♥、ひあああっ♥！？」,「うあっ♥ひっ♥、ひあああっ♥！？」,「嗚啊♥咿♥、咿啊啊啊♥！？」,"""Uah♥ hi♥ hiaaaa♥?!""","「으앗♥히익♥, 히아아앗♥!?」"
,,,,,,
Record.KeiAfter-121,男,「すっきりしたぜ！よしっ、ずらかるぞ！」,「すっきりしたぜ！よしっ、ずらかるぞ！」,「爽快多了！好！快閃人！」,"""That was refreshing! Alright, let's get out of here!""","「개운해졌어! 좋아, 도망치자!」"
,Kei darkness DLC1-11,,,,,
Record.KeiAfter-122,K22号,「げほっ♥、ゴホッ♥、ぐうううぅうううう！！！」,「げほっ♥、ゴホッ♥、ぐうううぅうううう！！！」,「咳♥、咳咳♥、唔喔喔喔喔喔喔！！！」,"""Cough♥ cough♥ guuuuuuu!!!""","「케홋♥, 콜록♥, 크으으으으으으으으윽!!!」"
,,,,,,
Record.KeiAfter-123,,「っ、ま、まずい…私も早くここから立ち去らなければ…！」,「っ、ま、まずい…私も早くここから立ち去らなければ…！」,「…！糟、糟糕…我也得趕快離開這裡才行…！」,"""Tch, th-this is bad... I need to get out of here quickly too...!""","「윽, 자, 잘못하면… 나도 빨리 여기서 떠나야…!」"
,,,,,,
Record.KeiAfter-124,Kei darkness DLC1-12,そしてK22号が起き上がろうとしたとき、目の前にクローン戦闘員が現れる。,そしてK22号が起き上がろうとしたとき、目の前にクローン戦闘員が現れる。,然而就在K22號試圖起身的瞬間，一個克隆戰鬥員出現在她眼前。,"As K22 tried to get up, a clone soldier appeared before her.","그리고 K22호가 일어나려 했을 때, 눈앞에 클론 전투원이 나타난다."
,,,,,,
Record.KeiAfter-125,072号,「…………そこに倒れているのは…K22号ですか？」,「…………そこに倒れているのは…K22号ですか？」,「…………倒在那裡的是…K22號嗎？」,"""...You, lying there, are you K22?""",「…………거기에 쓰러져 있는 것은… K22호입니까?」
,,,,,,
Record.KeiAfter-126,K22号,「……！き、キィーーーーーーッ！！K22号ですっ！」,「……！き、キィーーーーーーッ！！K22号ですっ！」,「……！吱、吱ーーーーーー！！我是K22號！」,"""...! K-KIIIIIII!! It's K22!""","「……! 키, 키이ーーーーーー잇!! K22호입니다!」"
,,,,,,
Record.KeiAfter-127,K22号,(ああああっ！最悪だっ！！),(ああああっ！最悪だっ！！),（啊啊啊！糟透了！！）,(Aaaaah! This is the worst!!),(아아아앗! 최악이다!!)
,,,,,,
Record.KeiAfter-128,072号,「…状況の説明を。」,「…状況の説明を。」,「…請說明情況。」,"""...Explain the situation.""",「…상황 설명을.」
,,,,,,
Record.KeiAfter-129,K22号,「き、キィーーーッ！任務に失敗し…路地裏に来たところ……」,「き、キィーーーッ！任務に失敗し…路地裏に来たところ……」,「吱、吱ーーー！任務失敗…來到巷子裏的時候……」,"""K-KIIIII! I failed my mission... and came to this alley...""","「키, 키이ーーー잇! 임무에 실패하고… 뒷골목에 오게 돼서……」"
,,,,,,
Record.KeiAfter-130,,「お、男たちに敗北し……今までりょ…凌辱されていました……！」,「お、男たちに敗北し……今までりょ…凌辱されていました……！」,「我、我敗給了那些男人們……至今為止都…一直在受到凌辱……！」,"""I-I was defeated by men... and have been... v-violated until now...!""","「나, 남자들에게 패배하고…… 지금까지 능… 능욕당하고 있었습니다……!」"
,,,,,,
Record.KeiAfter-131,,「……任務を遂行することが出来ず…誠に申し訳ございませんっ…！」,「……任務を遂行することが出来ず…誠に申し訳ございませんっ…！」,「……未能完成任務…我感到萬分抱歉…！」,"""...I was unable to complete my mission... I sincerely apologize...!""",「……임무를 수행할 수 없어서… 정말 죄송합니다…!」
,,,,,,
Record.KeiAfter-132,072号,「やれやれ……わかりました。K22号、罰として今日は男性戦闘員の奉仕任務を行うように。」,「やれやれ……わかりました。K22号、罰として今日は男性戦闘員の奉仕任務を行うように。」,「真是的……我明白了。K22號，作為懲罰，今天妳就去執行侍奉男性戰鬥員的任務吧。」,"""Good grief... Understood. K22, as punishment, you will serve the male soldiers to take care of their sexual needs today.""","「이런이런…… 알겠습니다. K22호, 벌로서 오늘은 남성 전투원 봉사 임무를 수행하도록.」"
,,,,,,
Record.KeiAfter-133,K22号,「き、キィーーーーーーッ！！寛大な処遇感謝いたします！」,「き、キィーーーーーーッ！！寛大な処遇感謝いたします！」,「吱、吱ーーーーーー！！感謝您的寬大處置！」,"""K-KIIIIIII!! Thank you for your lenient treatment!""","「키, 키이ーーーーーー잇!! 관대한 처우 감사합니다!」"
,,,,,,
Record.KeiAfter-134,,(ぐうっ！く、くそっ…！！こんなクローンごときにこの私が……！),(ぐうっ！く、くそっ…！！こんなクローンごときにこの私が……！),（唔！可、可惡…！！本小姐竟然要被這種克隆人指使……！）,(Guh! D-damn it...!! For me to be treated like this by a mere clone...!),"(크윽! 제, 젠장…!! 이런 클론 따위에게 이 내가……!)"
,,,,,,
Record.KeiAfter-135,,(だがっ…今に見ているがいいっ…！誰が真の支配者にふさわしいのか…！),(だがっ…今に見ているがいいっ…！誰が真の支配者にふさわしいのか…！),（但是…你們就給我等著吧…！誰才最適合當真正的支配者…！）,(But... just you wait...! I'll show you who truly deserves to rule...!),(하지만… 두고 봐라…! 누가 진정한 지배자에 어울리는지…!)
,,,,,,
Record.KeiAfter-136,,そしてまだまだ下級戦闘員となったK22号の戦闘員生活は続くのだった。,そしてまだまだ下級戦闘員となったK22号の戦闘員生活は続くのだった。,於是，成為了下級戰鬥員的K22號，她的戰鬥員生活仍將繼續下去。,And so K22's life as a junior soldier continued.,그렇게 아직 하급 전투원이 된 K22호의 전투원 생활은 계속되는 것이었다.
,,,,,,
,,,,,,
Kei Fallen Scene DLC 2,注釈,ケイ　淫乱化シーン,ケイ　淫乱化シーン,ケイ　淫乱化シーン,,케이 음란화 이벤트
,背景アジト,,,,,
Kei.DLC_BrainWash2-1,,ある日、K22号が下級戦闘員として任務に勤しむ中――――,ある日、K22号が下級戦闘員として任務に勤しむ中――――,某一天，K22號作為下級戰鬥員努力執行任務時――――,"One day, as K22 was diligently working on her duties as a junior soldier...","어느 날, K22호가 하급 전투원으로서 임무에 힘쓰는 중――――"
,,,,,,
Kei.DLC_BrainWash2-2,,「「「「「キィーーーーーーッ！！！！！」」」」」,「「「「「キィーーーーーーッ！！！！！」」」」」,「「「「「吱ーーーーーー！！！」」」」」,"""KIIIIIII!!!!!""",「「「「「키이ーーーーーー잇!!!!!」」」」」
,,,,,,
Kei.DLC_BrainWash2-3,Ｋ22号,「き、キィーーーーーッ！」,「き、キィーーーーーッ！」,「吱、吱ーーーーー！」,"""K-KIIIIIII!""","「키, 키이ーーーーー잇!」"
,,,,,,
Kei.DLC_BrainWash2-4,,(はあっ、はあっ………くそっ…今日も脱出できるような隙は無かったか……！),(はあっ、はあっ………くそっ…今日も脱出できるような隙は無かったか……！),（哈啊、哈啊………可惡…今天也沒有可以脫逃的空隙嗎……！）,"(Haa, haa... Damn... No chance to escape today either...!)","(하앗, 하앗……… 젠장… 오늘도 탈출할 만한 틈은 없었나……!)"
,,,,,,
Kei.DLC_BrainWash2-5,,(くうっ……！この私がっ……！いつまでこんな事をし続けなくてはならないんだっ……！！),(くうっ……！この私がっ……！いつまでこんな事をし続けなくてはならないんだっ……！！),（唔……！本小姐竟然……！到底還要持續做這種事到什麼時候……！！）,(Kuh...! For me to...! How long must I continue doing this...!!),(크으윽……! 이 내가……! 언제까지 이런 짓을 계속해야 하는 거야……!!)
,,,,,,
Kei.DLC_BrainWash2-6,,(今に見ていろっ……！この程度の組織…私の手にかかればあっという間に崩壊させてやる…！),(今に見ていろっ……！この程度の組織…私の手にかかればあっという間に崩壊させてやる…！),（你們就給我等著……！這種程度的組織…只要由我出手，轉眼間就能讓它崩壞…！）,(Just you wait...! An organization of this level... I'll destroy it in an instant once I get my hands on it...!),(두고 봐라……! 이 정도 조직… 내 손에 걸리면 순식간에 붕괴시켜주마…!)
,,,,,,
Kei.DLC_BrainWash2-7,,その時――――,その時――――,就在這時――――,At that moment...,그때――――
,,,,,,
Kei.DLC_BrainWash2-8,男戦闘員,「お、いたいた、おいＫ22号！」,「お、いたいた、おいＫ22号！」,「喔、找到了、喂，K22號！」,"""Oh, there she is. Hey, K22!""","「오, 여기 있네, 어이 K22호!」"
,,,,,,
Kei.DLC_BrainWash2-9,Ｋ22号,「！、キィーーーーーーッ！！」,「！、キィーーーーーーッ！！」,「！、吱ーーーーーー！！」,"""...! KIIIIIII!!""","「!, 키이ーーーーーー잇!!」"
,,,,,,
Kei.DLC_BrainWash2-10,男戦闘員,「ははっ、コイツは牛みてえにでけえ乳してるからすぐわかるな。」,「ははっ、コイツは牛みてえにでけえ乳してるからすぐわかるな。」,「哈哈、這傢伙頂著像牛一樣的超大奶子，馬上就認出來了。」,"""Haha, this one's easy to spot with those cow-like huge breasts.""","「하핫, 이 녀석은 소처럼 큰 젖 하고 있으니 바로 알겠네.」"
,,,,,,
Kei.DLC_BrainWash2-11,,「あー、お前に新しい任務だ。お前が幹部だった頃にやってた配信をやるぞ。」,「あー、お前に新しい任務だ。お前が幹部だった頃にやってた配信をやるぞ。」,「啊ー、有新任務給妳。去開妳還在當幹部時開過的那個直播。」,"""Ah, new mission for you. You'll be doing the streaming you used to do when you were an executive.""","「아-, 너에게 새로운 임무다. 네가 간부였을 때 하던 방송을 해라.」"
,,,,,,
Kei.DLC_BrainWash2-12,Ｋ22号,「き、キィーーーーッ！！了解しました！」,「き、キィーーーーッ！！了解しました！」,「吱、吱ーーーー！！遵命！」,"""K-KIIIIIII!! Understood!""","「키, 키이ーーーー잇!! 알겠습니다!」"
,,,,,,
Kei.DLC_BrainWash2-13,,(っ！配信だと……！？),(っ！配信だと……！？),（！直播……！？）,(...! Streaming...?!),(윽! 방송이라고……!?)
,,,,,,
Kei.DLC_BrainWash2-14,男戦闘員,「よかったな、また幹部っぽい事できるぞ？」,「よかったな、また幹部っぽい事できるぞ？」,「太好了嘛，又能做點像幹部會做的事了？」,"""Great, isn't it? You can now do something that executives do.""","「잘 됐네, 또 간부 같은 일 할 수 있잖아?」"
,,,,,,
Kei.DLC_BrainWash2-15,Ｋ22号,(冗談じゃないっ…！こんな無様でバカみたいな乳を晒せというのか…！？),(冗談じゃないっ…！こんな無様でバカみたいな乳を晒せというのか…！？),（開什麼玩笑…！要我把這對窩囊又蠢到不行的奶子秀給別人看嗎…！？）,"(You've got to be kidding...! They want me to expose these pathetic, ridiculous tits...!?)",(장난 아니야…! 이런 꼴사납고 바보 같은 젖을 드러내라는 건가…!?)
,,,,,,
Kei.DLC_BrainWash2-16,Ｋ22号,「き、キィーーーッ！！期待を裏切らないよう全力で任務を遂行いたします！」,「き、キィーーーッ！！期待を裏切らないよう全力で任務を遂行いたします！」,「吱、吱ーーー！！我會全力執行任務，不會辜負您的期待！」,"""K-Kiiiii!! I will execute my mission with all my strength to not betray your expectations!""","「키, 키이ーーー잇!! 기대를 저버리지 않도록 전력으로 임무를 수행하겠습니다!」"
,,,,,,
,暗転,,,,,
,Kei debauchery DLC 1-1,,,,,
Kei.DLC_BrainWash2-17,Ｋ22号,「あ、あ～久しぶりだな諸君………！私がいない間寂しくなかっただろうか…？」,「あ、あ～久しぶりだな諸君………！私がいない間寂しくなかっただろうか…？」,「啊、啊～好久不見了，諸君………！我不在的這段時間，你們是不是很寂寞啊…？」,"""Ah, ah, it's been a while, everyone...! Didn't you miss me while I was gone...?""","「아, 아~ 오랜만이군 제군………! 내가 없는 동안 외롭지 않았을까…?」"
,,,,,,
Kei.DLC_BrainWash2-18,,くちゅっ、くちゅっ、くちゅっ,くちゅっ、くちゅっ、くちゅっ,咕啾、咕啾、咕啾,"Squelch, squelch, squelch","쿠츗, 쿠츗, 쿠츗"
,,,,,,
Kei.DLC_BrainWash2-19,,「ひあっ！？、わ、訳あって配信が出来なかったんだが……そ、その……」,「ひあっ！？、わ、訳あって配信が出来なかったんだが……そ、その……」,「咿啊！？、我、我因為一些緣故沒辦法開直播……那、那個……」,"""Hyah!? I-I couldn't stream for certain reasons... Um, well...""","「히앗!?, 자, 자초지종이 있어서 방송을 못 했는데…… 그, 그건……」"
,,,,,,
Kei.DLC_BrainWash2-20,男戦闘員,「はっきり言え、ちゃんと何があったか説明しろ。」,「はっきり言え、ちゃんと何があったか説明しろ。」,「給我說清楚，好好說明到底發生了什麼事。」,"""Say it clearly. Explain properly what happened.""","「똑바로 말해, 제대로 무슨 일이 있었는지 설명해라.」"
,,,,,,
Kei.DLC_BrainWash2-21,Ｋ22号,「き、キィーーーッ！！申し訳ありませんっ！」,「き、キィーーーッ！！申し訳ありませんっ！」,「吱、吱ーーー！！非常抱歉！」,"""K-Kiiiii!! I'm terribly sorry!""","「키, 키이ーーー잇!! 죄송합니다!」"
,,,,,,
Kei.DLC_BrainWash2-22,,「わ、私…元フォーレン財団幹部猫宮京は……その………」,「わ、私…元フォーレン財団幹部猫宮京は……その………」,「我、我…前佛倫財團幹部貓宮京……那個………」,"""I... former Forren Foundation executive Kei Nekomiya... um...""","「나, 나… 전 폴른 재단 간부 네코미야 케이는…… 그………」"
,,,,,,
Kei.DLC_BrainWash2-23,,「組織への裏切り行為により12階級降格……現在は最下級の雑魚戦闘員として財団に所属しているっ！」,「組織への裏切り行為により12階級降格……現在は最下級の雑魚戦闘員として財団に所属しているっ！」,「因為對組織的背叛行為被降了12級……現在是作為最下級的雜魚戰鬥員隸屬於財團！」,"""I betrayed the organization and was demoted 12 ranks... I now belong to the Foundation as a junior soldier!""",「조직에 대한 배신 행위로 12계급 강등…… 현재는 최하급 허접 전투원으로서 재단에 소속되어 있다!」
,,,,,,
Kei.DLC_BrainWash2-24,,「そ、そういう訳で…現在男性戦闘員様に体を弄ばれているわけだが…私に拒否権は無いのでされるがままという事だな…っ♥」,「そ、そういう訳で…現在男性戦闘員様に体を弄ばれているわけだが…私に拒否権は無いのでされるがままという事だな…っ♥」,「就、就是這麼回事…現在正被男性戰鬥員大人玩弄身體…而我沒有拒絕的權利，只能任憑擺布了…♥」,"""S-So that's why... I'm currently being toyed with by a male soldier... Since I have no right to refuse, I'm at his mercy...♥""","「그, 그런 이유로… 현재 남성 전투원님에게 몸을 농락당하고 있는 몸이다만… 나에게 거부권은 없으므로 이렇게 당하는 대로라는 거지…윽♥」"
,,,,,,
Kei.DLC_BrainWash2-25,男戦闘員,「そういう訳だな…オラッ、イケッ！」,「そういう訳だな…オラッ、イケッ！」,「就是這麼回事…來吧、上！」,"""That's right... Come on, come now!""",「그런 이유군… 자! 가랏!」
,,,,,,
Kei.DLC_BrainWash2-26,,グチュッ！グチュッグチュッ！！,グチュッ！グチュッグチュッ！！,咕啾！咕啾咕啾！！,"Squelch, squelch, squelch!",구츗! 구츗구츗!!
,Kei debauchery DLC 1-2,,,,,
Kei.DLC_BrainWash2-27,Ｋ22号,「ほお゛おおっ♥お゛お～～～～～～っ♥！？」,「ほお゛おおっ♥お゛お～～～～～～っ♥！？」,「吼喔喔喔喔♥喔喔～～～～～～♥！？」,"""Hooooh♥ Ooooooh♥!?""",「호오옷 오오옷♥ 오옷 오~~~~~~읏♥!?」
,,,,,,
Kei.DLC_BrainWash2-28,,プシュッ！プシュッ！！,プシュッ！プシュッ！！,噗咻！噗咻！！,Squirt! Squirt!,푸슛! 푸슛!!
,,,,,,
Kei.DLC_BrainWash2-29,,「お゛おおっ♥男性戦闘員様の太い指が私のマンコをっ…お゛おっ♥♥！」,「お゛おおっ♥男性戦闘員様の太い指が私のマンコをっ…お゛おっ♥♥！」,「喔喔喔♥男性戰鬥員大人的粗手指在我的小穴裡…喔喔♥♥！」,"""Ooooh♥ The soldier's thick fingers are in my pussy... Oooh♥♥!""",「오옷 오오옷♥ 남성 전투원님의 굵은 손가락이 내 보지를… 오옷 오옷♥♥!」
,,,,,,
Kei.DLC_BrainWash2-30,,グチュッ！グチュッグチュッ！！,グチュッ！グチュッグチュッ！！,咕啾！咕啾咕啾！！,"Squelch, squelch, squelch!",구츗! 구츗구츗!!
,,,,,,
Kei.DLC_BrainWash2-31,Kei debauchery DLC 1-3,「み、見ての通りだっ…！私はもはや最下級の雑魚戦闘員であることが分かっただろ…！」,「み、見ての通りだっ…！私はもはや最下級の雑魚戦闘員であることが分かっただろ…！」,「就、就如你們所見…！你們知道我已經是最下級的雜魚戰鬥員了吧…！」,"""A-As you can see...! You understand now that I'm nothing more than a junior solder...""","「보, 보는 대로다! 나는 이제 최하급 허접 전투원이라는 것을 알았겠지…!」"
,,,,,,
Kei.DLC_BrainWash2-32,,「コメント……その牛みたいなおっぱいは何ですか……あ、ああこれは罰として改造されてだな……」,「コメント……その牛みたいなおっぱいは何ですか……あ、ああこれは罰として改造されてだな……」,「留言……那個像牛一樣的奶子是什麼……啊、啊啊，這個是作為懲罰被改造的……」,"""Comment... What are those cow-like breasts... Ah, ah, these were modified as punishment...""","「코멘트…… 그 젖소 같은 가슴은 무엇입니까…… 아, 아아 이건 벌로서 개조되어서 말이야……」"
,,,,,,
Kei.DLC_BrainWash2-33,,「そんなおっぱいしてて戦えるんですか……よ、余計なお世話だっ！！」,「そんなおっぱいしてて戦えるんですか……よ、余計なお世話だっ！！」,「頂著那種奶子還能戰鬥嗎……多、多管閒事！！」,"""Can you even fight with breasts like that... Th-That's none of your business!!""","「그런 가슴 하고 싸울 수 있습니까…… 괘, 괜한 참견 마라!!」"
,,,,,,
Kei.DLC_BrainWash2-34,男戦闘員,「おし、マンコも濡れたな…今からハメてやるから股開いて準備しろ。」,「おし、マンコも濡れたな…今からハメてやるから股開いて準備しろ。」,「好了，小穴也濕了…我現在要幹妳了，快把腿張開準備好。」,"""Alright, your pussy's wet now... I'm gonna fuck you, so spread your legs and get ready.""","「좋아, 보지도 젖었네… 이제부터 박아줄 테니 다리 벌리고 준비해라.」"
,,,,,,
Kei.DLC_BrainWash2-35,Kei debauchery DLC 1-4,そう言うと男戦闘員はチンポをＫ22号の太ももに差し込む,そう言うと男戦闘員はチンポをＫ22号の太ももに差し込む,男性戰鬥員邊說邊將肉棒插進K22號的大腿間,"With that said, thee male soldier pressed his dick between K22's thighs",그렇게 말하며 남성 전투원은 자지를 K22호의 허벅지에 꽂는다
,,,,,,
Kei.DLC_BrainWash2-36,Ｋ22号,「き、キィーーーーーーッ！！」,「き、キィーーーーーーッ！！」,「吱、吱ーーーーーー！！」,"""K-Kiiiiiiii!!""","「키, 키이ーーーーーー잇!!」"
,,,,,,
Kei.DLC_BrainWash2-37,,「Ｋ22号の雑魚マンコ、戦闘員様のおかげで準備万端です！いつでもご挿入を！」,「Ｋ22号の雑魚マンコ、戦闘員様のおかげで準備万端です！いつでもご挿入ください！」,「K22號的雜魚小穴、托戰鬥員大人的福已經準備萬全！隨時都可以插進來！」,"""K22's trash pussy is fully prepared thanks to the soldier! Ready whenever you are!""","「K22호 허접 보지, 전투원님 덕분에 준비 완료입니다! 언제든지 삽입해주세요!」"
,,,,,,
Kei.DLC_BrainWash2-38,,(ぐううぅうぅううっ～～～！！！この私がっ…戦闘員に媚びて、こ、こんな情けないセリフをっ！！),(ぐううぅうぅううっ～～～！！！戦闘員に媚びて、こ、こんな情けない事をっ！！),（唔喔喔喔喔喔～～～！！！對戰鬥員獻媚、說、說出這種丟臉的話！！）,(Guuuuuuuh!!! That I... would flatter a soldier and say something so pathetic..),"(크으으으으으윽~~~!!! 전투원에게 아양 떨고, 이, 이런 한심한 짓을!!)"
,,,,,,
Kei.DLC_BrainWash2-39,,(ううっ、しかし首輪をつけている以上どうやっても逆らえないしっ……くそおっ……！),(ううっ、しかし首輪をつけている以上どうやっても逆らえないしっ……くそおっ……！),（嗚嗚、但是戴著項圈以上，不管怎樣都無法反抗……可惡……！）,"(Ugh, but with this collar on, there's no way I can resist... Damn it...!)","(으윽, 하지만 목걸이를 차고 있는 이상 어떻게 해도 거역할 수 없고…… 젠장……!)"
,,,,,,
Kei.DLC_BrainWash2-40,Ｋ22号,「キィーーーーッ！！Ｋ22号、今から男性戦闘員様にハメていただきます！！」,「キィーーーーッ！！Ｋ22号、今から男性戦闘員様にハメていただきます！！」,「吱ーーーー！！K22號、現在要讓男性戰鬥員大人幹了！！」,"""Kiiiii!! K22 will now be fucked by the male soldier, sir!!""","「키이ーーーー잇!! K22호, 지금부터 남성 전투원님께 박히겠습니다!!」"
,,,,,,
Kei.DLC_BrainWash2-41,,(今は耐えるしかないっ……どれほど無様な姿をさらそうと……！),(今は耐えるしかないっ……どれほど無様な姿をさらそうと……！),（現在只能忍耐……無論要暴露多麼窩囊的姿態……！）,(I just have to endure for now... No matter how pathetic I look...!),(지금은 견딜 수밖에 없어…… 아무리 꼴사나운 모습을 보여도……!)
,,,,,,
Kei.DLC_BrainWash2-42,,「と、いうわけでっ……私のハメられるところっ、とくと見るが良いっ……！」,「と、いうわけでっ……私のハメられるところっ、とくと見るが良いっ……！」,「就、是這麼回事……我被幹的樣子、你們就好好地看著吧……！」,"""S-So... Watch closely as I get fucked...!""","「그, 그런 이유로…… 내가 박히는 모습, 똑똑히 보도록 해라……!」"
,,,,,,
Kei.DLC_BrainWash2-43,男戦闘員,「いくぞっ…おらっ！！」,「いくぞっ…おらっ！！」,「要上囉…來吧！！」,"""Here I go... Take this!!""",「간다… 자!!」
,Kei debauchery DLC 1-5,,,,,
Kei.DLC_BrainWash2-44,,ズップウウウッッ！！！,ズップウウウッッ！！！,噗茲喔喔喔！！！ ,Shloooop!,즈읍우우우웃!!!
,,,,,,
Kei.DLC_BrainWash2-45,Ｋ22号,「ひっぎいっ♥！？お゛おおおおおおおっ♥！？」,「ひっぎいっ♥！？お゛おおおおおおおっ♥！？」,「咿啊♥！？喔喔喔喔喔喔喔♥！？」,"""Higii♥!? Ooooooooooh♥!?""",「히익기잇♥!? 오옷 오오오오오옷♥!?」
,,,,,,
Kei.DLC_BrainWash2-46,戦闘員,「ははっ、相変わらずのオナホボディだなっ！一撃で奥までずっぽりだ。」,「ははっ、相変わらずのオナホボディだなっ！一撃で奥までずっぽりだ。」,「哈哈、你還是老樣子的自慰套身體啊！一擊就直達最深處了。」,"""Haha, still the same body that's made for sex! Got all the way in with one thrust.""","「하핫, 여전히 오나홀 몸이네! 한 방에 안쪽까지 쑥 들어가.」"
,Kei debauchery DLC 1-6,,,,,
Kei.DLC_BrainWash2-47,K22号,「かひゅっ、お゛…っ♥お゛おおっ♥！」,「かひゅっ、お゛…っ♥お゛おおっ♥！」,「喀咻、喔…♥喔喔喔♥！」,"""Kaaaa, oh...♥ Ooooh♥!""","「카흣, 오옷 …윽♥ 오옷 오오옷♥!」"
,,,,,,
Kei.DLC_BrainWash2-48,,(ま、まずいっ…っ♥改造されたせいでっ♥こんな雑魚戦闘員のチンポでも簡単に絶頂してしまうッ♥！？),(ま、まずいっ…っ♥改造されたせいでっ♥こんな雑魚戦闘員のチンポでも簡単に絶頂してしまうッ♥！？),（糟、糟糕了…♥因為被改造的關係♥連這種雜魚戰鬥員的肉棒都能輕易讓我高潮♥！？）,(Th-This is bad...♥ Because of the modifications♥ Even a grunt soldier's cock can easily make me come♥!?),"(위, 위험해…윽♥ 개조당한 탓에♥ 이런 허접 전투원 자지로도 쉽게 절정해버렷♥!?)"
,,,,,,
Kei.DLC_BrainWash2-49,,K22号は簡単に持ち上げられ、体全体で戦闘員のチンポへ奉仕させられる,K22号は簡単に持ち上げられ、体全体で戦闘員のチンポへ奉仕させられる,K22號被輕易地抱起，被迫用整個身體來侍奉戰鬥員的肉棒,"K22 was easily lifted up, her entire body made to serve the soldier's cock.","K22호는 간단히 들어 올려져, 온몸으로 전투원 자지에 봉사하게 된다"
,,,,,,
Kei.DLC_BrainWash2-50,Kei debauchery DLC 1-７,ズボッ！ズボッ！ズボッ！ズボッ！,ズボッ！ズボッ！ズボッ！ズボッ！,茲啵！茲啵！茲啵！茲啵！,Thrust! Thrust! Thrust! Thrust!,즈봇! 즈봇! 즈봇! 즈봇!
,,,,,,
Kei.DLC_BrainWash2-51,K22号,「お゛おっ♥！へえっ♥！？お゛おっ♥！」,「お゛おっ♥！へえっ♥！？お゛おっ♥！」,「喔喔♥！嘿♥！？喔喔♥！」,"""Ooh♥! Heeh♥!? Ooh♥!""",「오옷 오옷♥! 헤엣♥!? 오옷 오옷♥!」
,,,,,,
Kei.DLC_BrainWash2-52,,「かひゅっ、お゛おっ♥！チンポッ♥、お゛っ♥！」,「かひゅっ、お゛おっ♥！チンポッ♥、お゛っ♥！」,「喀咻、喔喔♥！肉棒♥、喔♥！」,"""Kaaaa! ooh♥! So deep♥, oh♥!""","「카흣, 오옷 오옷♥! 자지♥, 오옷 옷♥!」"
,,,,,,
Kei.DLC_BrainWash2-53,戦闘員,「おらっ、簡単にイってないでちゃんとマンコ絞めてチンポに媚びろっ！」,「おらっ、簡単にイってないでちゃんとマンコ絞めてチンポに媚びろっ！」,「喂、別這麼簡單就高潮，好好夾緊小穴對肉棒獻媚啊！」,"""Come on, don't just finish easily, squeeze your pussy and show some enthusiasm!""","「자!, 쉽게 가지 말고 제대로 보지 조여서 자지에 아양 떨어!」"
,,,,,,
Kei.DLC_BrainWash2-54,,ズボッ！ズボッ！ズボッ！ズボッ！,ズボッ！ズボッ！ズボッ！ズボッ！,茲啵！茲啵！茲啵！茲啵！,Thrust! Thrust! Thrust! Thrust!,즈봇! 즈봇! 즈봇! 즈봇!
,,,,,,
Kei.DLC_BrainWash2-55,,「お゛へっ♥！お゛っ♥！お゛っ♥！」,「お゛へっ♥！お゛っ♥！お゛っ♥！」,「喔嘿♥！喔♥！喔♥！」,"""Oheh♥! Oh♥! Oh♥!""",「오옷 헷♥! 오옷 옷♥! 오옷 옷♥!」
,,,,,,
Kei.DLC_BrainWash2-56,Kei debauchery DLC 1-6,(うあっ…♥くそおっ♥！、こんな雑魚戦闘員一匹にっ！この私がっ！),(うあっ…♥くそおっ♥！、こんな雑魚戦闘員一匹にっ！この私がっ！),（嗚啊…♥可惡♥！、區區一個雜魚戰鬥員！本小姐竟然！）,(Uah...♥ Damn it♥! To think that I would be... by just one grunt soldier!),"(으앗…♥ 젠장♥!, 이런 허접 전투원 한 마리에게! 이 내가!)"
,,,,,,
Kei.DLC_BrainWash2-57,,「お゛おっ♥！あひっ♥！？お゛っ♥！」,「お゛おっ♥！あひっ♥！？お゛っ♥！」,「喔喔♥！啊咿♥！？喔♥！」,"""Ooh♥! Ahii♥!? Oh♥!""",「오옷 오옷♥! 아힛♥!? 오옷 옷♥!」
,,,,,,
Kei.DLC_BrainWash2-58,,(くそおっ！チンポで突かれるたびにっ♥、頭がっ♥、馬鹿になってっ♥、イクッっ♥！),(くそおっ！チンポで突かれるたびにっ♥、頭がっ♥、馬鹿になってっ♥、イクッっ♥！),（可惡！每次被肉棒頂撞♥、腦袋就♥、變得一片空白♥、要去了♥！）,(Damn it! Every thrust♥ makes my head♥ go blank♥ I'm coming♥!),"(젠장! 자지로 찔릴 때마다♥, 머리가♥, 바보가 돼서♥, 가버렷♥!)"
,,,,,,
Kei.DLC_BrainWash2-59,Kei debauchery DLC 1-7,プシッ！プシュううっ！,プシッ！プシュううっ！,噗咻！噗咻嗚嗚！,Squirt! Squiiirt!,푸싯! 푸슈우웃!
,,,,,,
Kei.DLC_BrainWash2-60,,(ぐうっ！私の体ッ、勝手に潮を吹くなあっ♥！),(ぐうっ！私の体ッ、勝手に潮を吹くなあっ♥！),（唔！我的身體、不准擅自潮吹啊♥！）,(Guh! My body is squirting on its own♥!),"(크윽! 내 몸, 멋대로 분수 싸지 마앗♥!)"
,,,,,,
Kei.DLC_BrainWash2-61,,ズボッ！ズボッ！ズボッ！ズボッ！,ズボッ！ズボッ！ズボッ！ズボッ！,茲啵！茲啵！茲啵！茲啵！,Thrust! Thrust! Thrust! Thrust!,즈봇! 즈봇! 즈봇! 즈봇!
,,,,,,
Kei.DLC_BrainWash2-62,戦闘員,「おいK22号、イッたらちゃんと上官に報告しろっ！」,「おいK22号、イッたらちゃんと上官に報告しろっ！」,「喂K22號、高潮了要好好跟上官報告！」,"""Hey K22, if you come, report it properly to your superior!""","「어이 K22호, 절정했으면 제대로 상관에게 보고해라!」"
,Kei debauchery DLC 1-6,,,,,
Kei.DLC_BrainWash2-63,K22号,「き、きぃっ！今潮吹きでアクメしましたっ♥！」,「き、きぃっ！今潮吹きでアクメしましたっ♥！」,「吱、吱！剛才因為潮吹而高潮了♥！」,"""K-Kyah! I just came and squirted♥!""","「키, 키잇! 지금 분수로 절정했습니다♥!」"
,,,,,,
Kei.DLC_BrainWash2-64,,「現在もっ！子宮を突かれるごとに継続的に絶頂しておりますっ♥！！」,「現在もっ！子宮を突かれるごとに継続的に絶頂しておりますっ♥！！」,「現在也是！每次子宮被頂到都在持續高潮中♥！！」,"""Even now! I keep coming with every thrust♥!!""",「현재도! 자궁 찔릴 때마다 계속해서 절정하고 있습니다♥!!」
,,,,,,
Kei.DLC_BrainWash2-65,戦闘員,「よく言えたK22号！褒美だ、一番奥に精液流し込んでやるッ！」,「よく言えたK22号！褒美だ、一番奥に精液流し込んでやるッ！」,「說得很好K22號！這是獎勵，我就把精液灌進妳最深處吧！」,"""Well said, K22! As a reward, I'll fill you up completely with my semen!""","「잘 말했다 K22호! 포상이다, 가장 깊은 곳에 정액 흘려 넣어주마!」"
,,,,,,
Kei.DLC_BrainWash2-66,Kei debauchery DLC 1-6,「へえっ？！はいっ、K22号、おまんこ、準備完了でありますっ♥！射精よろしくお願いしますっ♥！」,「へえっ？！はいっ、K22号、おまんこ、準備完了でありますっ♥！射精よろしくお願いしますっ♥！」,「嘿？！是的、K22號、小穴、已經準備萬全了♥！拜託您射精了♥！」,"""Heeh?! Yes, K22 is fully prepared♥! Please proceed to ejaculation♥!""","「헤엣?! 네엣, K22호, 보지, 준비 완료입니다♥! 사정 잘 부탁드립니다♥!」"
,,,,,,
Kei.DLC_BrainWash2-67,,そしてK22号の中で戦闘員のチンポが脈動を激しくした次の瞬間,そしてK22号の中で戦闘員のチンポが脈動を激しくした次の瞬間,接著K22號體內戰鬥員的肉棒脈動變得激烈，下一瞬間,"And in the next moment, the soldier's cock pulsated intensely inside K22.",그리고 K22호 안에서 전투원의 자지가 맥동을 격렬하게 한 다음 순간
,,,,,,
Kei.DLC_BrainWash2-68,,ドクッ！ドクンッ！！,ドクッ！ドクンッ！！,噗滋！噗滋！,Throb! Throb!,도큣! 도쿤!!
,,,,,,
Kei.DLC_BrainWash2-69,,「お゛っ♥！しゃせいいっ♥、おねがいいたしますううっ♥！！」,「お゛っ♥！しゃせいいっ♥、おねがいいたしますううっ♥！！」,「喔♥！請您♥、射精吧啊啊♥！！」,"""Oh♥! Please♥, yes please♥!!""","「오옷 옷♥! 사정잇♥, 부탁드립니다앗♥!!」"
,,,,,,
Kei.DLC_BrainWash2-70,Kei debauchery DLC 1-8,ビュルルルッ！ドクッ！ドクッ！,ビュルルルッ！ドクッ！ドクッ！,啵滋——！咕嚕咕嚕——！,Spurt! Throb! Throb!,뷰르르르릇! 도큣! 도큣!
,,,,,,
Kei.DLC_BrainWash2-71,,「ひぎゅううううっ！ほ゛おっ！？た、ただいまっ、精液ッ♥！子宮に中だしされていることを確認しましたぁっ♥！」,「ひぎゅううううっ！ほ゛おっ！？た、ただいまっ、精液ッ♥！子宮に中だしされていることを確認しましたぁっ♥！」,「咿咕喔喔喔喔！吼喔！？現、現在確認、精液♥！正被中出在子宮裡♥！」,"""Higyuuuuu! Hooh!? Ejaculation confirmed! There is semen in my womb! I have been creampied!""","「히규우우우웃! 호옷 오옷!? 타, 방금, 정액♥! 자궁에 안에 싸지고 있는 것을 확인했습니다앗♥!」"
,,,,,,
Kei.DLC_BrainWash2-72,,「お゛っ♥、お゛っ♥！！、現在っ子宮がっ♥、戦闘員様の精液で満たされっ♥！！絶頂し続けている状態ですぅっ♥！！」,「お゛っ♥、お゛っ♥！！、現在っ子宮がっ♥、戦闘員様の精液で満たされっ♥！！絶頂し続けている状態ですぅっ♥！！」,「喔♥、喔♥！！、現在子宮♥、被戰鬥員大人的精液填滿♥！！正處於持續高潮的狀態♥！！」,"""Oh♥, oh♥!! Currently♥ being filled by the soldier's semen♥!! Still coming!!""","「오옷 옷♥, 오옷 옷♥!!, 현재 자궁이♥, 전투원님의 정액으로 채워져♥!! 계속 절정하고 있는 상태입니다앗♥!!」"
,,,,,,
Kei.DLC_BrainWash2-73,Kei debauchery DLC 1-9,「ほお゛おっ♥！お゛っ♥！お゛っ♥！」,「ほお゛おっ♥！お゛っ♥！お゛っ♥！」,「吼喔喔♥！喔♥！喔♥！」,"""Hoooh♥! Oh♥! Oh♥!""",「호오옷 오옷♥! 오옷 옷♥! 오옷 옷♥!」
,,,,,,
Kei.DLC_BrainWash2-74,,ビクッ、ビクッ…！,ビクッ、ビクッ…！,哆嗦、哆嗦……！,"Twitch, twitch...!","비큿, 비큿…!"
,,,,,,
Kei.DLC_BrainWash2-75,,「お゛っ、い、イキ疲れたので少し休憩を…！」,「お゛っ、い、イキ疲れたので少し休憩を…！」,「喂...我高潮到累了，請讓我休息一下…！」,"""Oh, I-I'm exhausted from climaxing, so a little break...!""","「오옷 옷, 가, 가서 지쳤으니 조금 휴식을…!」"
,,,,,,
Kei.DLC_BrainWash2-76,,「あ？何言ってんだ、まだ配信中だろうが。」,「あ？何言ってんだ、まだ配信中だろうが。」,「啊？你在說什麼啊，還在直播中耶。」,"""Huh? What are you saying? We're still streaming!""","「아? 무슨 소리야, 아직 방송 중이잖아.」"
,,,,,,
Kei.DLC_BrainWash2-77,,「コイツ、幹部だった頃偉そうに散々俺達をコキ使いやがったからな…今度は俺達がたっぷり可愛がってやらねえとな。」,「コイツ、幹部だった頃偉そうに散々俺達をコキ使いやがったからな…今度は俺達がたっぷり可愛がってやらねえとな。」,「這傢伙，當幹部的時候跩個二五八萬地使喚我們…這次換我們來好好疼愛她才行。」,"""This one used to boss us around when she was an executive... Now it's our turn to show her proper attention.""","「이 녀석, 간부 시절 잘난 척하며 실컷 우리를 부려먹었으니까… 이번엔 우리가 듬뿍 귀여워줘야지.」"
,,,,,,
Kei.DLC_BrainWash2-78,Kei debauchery DLC 1-10,(はあっ、はあっ……、戦闘員共がこんなにっ…くそっ、改造されてさえいなければっ……！),(はあっ、はあっ……、戦闘員共がこんなにっ…くそっ、改造されてさえいなければっ……！),（哈啊、哈啊……、區區戰鬥員竟然這麼…可惡、要是沒有被改造的話……！）,"(Hah, hah... These soldier are so... Damn it, if only I hadn't been modified...!)","(하앗, 하앗……, 전투원 놈들이 이렇게나… 젠장, 개조당하지만 않았더라면……!)"
,,,,,,
Kei.DLC_BrainWash2-79,,(ぐうっ…しかしっ……この状況から逃げるのはいくら私でも不可能…ッ……),(ぐうっ…しかしっ……この状況から逃げるのはいくら私でも不可能…ッ……),（唔…但是……要從這個狀況下逃走，就算是我也不可能…）,(Guh... But... Even I can't escape from this situation...),(크윽… 하지만…… 이 상황에서 도망치는 건 아무리 나라도 불가능…윽……)
,,,,,,
Kei.DLC_BrainWash2-80,,(く、くそっ！とっととこいつらをイかせて終わらせるしか無いっ！),(く、くそっ！とっととこいつらをイかせて終わらせるしか無いっ！),（可、可惡！只能快點讓這些傢伙射精來結束這一切了！）,(D-Damn it! I have no choice but to make them come quickly and end this!),"(제, 젠장! 빨리 이놈들을 가게 하고 끝내는 수밖에 없어!)"
,,,,,,
Kei.DLC_BrainWash2-81,,「き、キィーーーーッ！！男性戦闘員様っ！どうぞ下級戦闘員K22号をお使いくださいッ！」,「き、キィーーーーッ！！男性戦闘員様っ！どうぞ下級戦闘員K22号をお使いくださいッ！」,「吱、吱ーーーー！！男性戰鬥員大人！請盡情使用下級戰鬥員K22號吧！」,"""Kiiiiii!! Male soldiers! Please fuck me, junior soldier K22!""","「키, 키이ーーーー잇!! 남성 전투원님! 부디 하급 전투원 K22호를 사용해주십시오!」"
,,,,,,
Kei.DLC_BrainWash2-82,Kei debauchery DLC 1-11,パンッ！パンッ！パンッ！パンッ！,パンッ！パンッ！パンッ！パンッ！,啪！啪！啪！啪！,Slap... Slap... Slap...,팡! 팡! 팡! 팡!
,,,,,,
Kei.DLC_BrainWash2-83,K22号,「ほ゛おっ♥♥、お゛おっ♥イグッ♥！イきましたぁっ♥！」,「ほ゛おっ♥♥、お゛おっ♥イグッ♥！イきましたぁっ♥！」,「吼喔♥♥、喔喔♥要去了♥！我高潮了♥！」,"""Hooh♥♥, ooh♥ I'm coming♥ Coming♥!""","「호옷 오옷♥♥, 오옷 오옷♥ 이크윽♥! 가버렸어요옷♥!」"
,,,,,,
Kei.DLC_BrainWash2-84,男戦闘員,「ふう～っ！コイツ体だけは最高だなっ！元聖核戦姫で幹部様だからなっ、オラッ、休んでんじゃねえ！」,「ふう～っ！コイツ体だけは最高だなっ！元聖核戦姫で幹部様だからなっ、オラッ、休んでんじゃねえ！」,「呼～！這傢伙只有身體最棒啊！畢竟是前聖核戦姫的幹部大人嘛、喂、不准休息！」,"""Phew! Her body really is the best! She was a Holy Core Battlemaid and an executive after all. Come on, this is not the time to take a break!""","「후우~! 이 녀석 몸만은 최고네! 전 성핵전희이자 간부 님이시니까, 자! 쉬지 마!」"
,,,,,,
Kei.DLC_BrainWash2-85,Kei debauchery DLC 1-12,パンッ！パンッ！パンッ！パンッ！,パンッ！パンッ！パンッ！パンッ！,啪！啪！啪！啪！,Slap... Slap... Slap...,팡! 팡! 팡! 팡!
,,,,,,
Kei.DLC_BrainWash2-86,K22号,「お゛おおっ♥！お゛っ♥！、ま、まへっ♥、イグッ♥イってるからあっ♥！」,「お゛おおっ♥！お゛っ♥！、ま、まへっ♥、イグッ♥イってるからあっ♥！」,「喔喔喔♥！喔♥！、等、等一下♥、去了♥我還在高潮啊♥！」,"""Ooooh♥! Oh♥! W-wait♥, I'm♥ still coming♥!""","「오옷 오오옷♥! 오옷 옷♥!, 자, 잠깐♥, 가버렷♥ 가버렸으니까앗♥!」"
,,,,,,
Kei.DLC_BrainWash2-87,,パンッ！パンッ！パンッ！パンッ！,パンッ！パンッ！パンッ！パンッ！,啪！啪！啪！啪！,Slap... Slap... Slap...,팡! 팡! 팡! 팡!
,,,,,,
Kei.DLC_BrainWash2-88,K22号,「お゛っ♥！チンポッ♥！死ぬッ♥！簡単にイクッ♥」,「お゛っ♥！チンポッ♥！死ぬッ♥！簡単にイクッ♥」,「喔♥！肉棒♥！要死了♥！輕易地就高潮了♥」,"""Oh♥! So deep♥! I'll die♥! Coming so easily♥""",「오옷 옷♥! 자지♥! 죽어엇♥! 쉽게 가버렷♥」
,,,,,,
Kei.DLC_BrainWash2-89,Kei debauchery DLC 1-13,ドクッ、ビュルルル！ビュルッ！！,ドクッ、ビュルルル！ビュルッ！！,噗くん、咻嚕嚕嚕！咻嚕！！,"Throb, spurt! Spurt!!","도큣, 뷰르르르! 뷰릇!!"
,,,,,,
Kei.DLC_BrainWash2-90,,「お゛っ♥お゛っ♥！またっ、中だしいぃッ♥？！」,「お゛っ♥お゛っ♥！またっ、中だしいぃッ♥？！」,「喔♥喔♥！又、又中出了♥？！」,"""Oh♥ oh♥! Another creampieeeeeee♥?!""","「오옷 옷♥오옷 옷♥! 또, 안에 싸기잇♥?!」"
,,,,,,
Kei.DLC_BrainWash2-91,,「オラッ！戦闘できない分オナホとしての役割は果たせっ！」,「オラッ！戦闘できない分オナホとしての役割は果たせっ！」,「喂！不能戰鬥的部分，就好好盡到自慰套的職責！」,"""Come on! Since you can't fight, at least be a proper pocket pussy!""",「자! 전투 못 하는 만큼 오나홀로서의 역할은 다해!」
,,,,,,
Kei.DLC_BrainWash2-92,,「き、きぃーーーッ！申し訳ありませんっ！おマンコ締めますっ♥！」,「き、きぃーーーッ！申し訳ありませんっ！おマンコ締めますっ♥！」,「吱、吱ーーー！非常抱歉！我會夾緊小穴的♥！」,"""K-Kyaaaah! I apologize! I'll squeeze my pussy harder♥!""","「키, 키이ーーー잇! 죄송합니다! 보지 조이겠습니다♥!」"
,,,,,,
Kei.DLC_BrainWash2-93,,(ぐうっ、く、クソッ♥、クソッ♥！チンポにッ♥…勝てないっ、逆らえないいぃいっ♥！！),(ぐうっ、く、クソッ♥、クソッ♥！チンポにッ♥…勝てないっ、逆らえないいぃいっ♥！！),（唔、可、可惡♥、可惡♥！肉棒♥…贏不了、無法反抗啊♥！！）,"(Guh, d-damn♥, damn♥! I can't♥... can't win, can't resist these cocks♥!!)","(크윽, 제, 젠장♥, 젠장♥! 자지에♥… 이길 수 없어, 거역할 수 없어어어잇♥!!)"
,,,,,,
Kei.DLC_BrainWash2-94,,(うおっ♥、チンポでっ♥、頭ッ♥、何も考えられなくなるうっ♥♥！),(うおっ♥、チンポでっ♥、頭ッ♥、何も考えられなくなるうっ♥♥！),（喔喔♥、被肉棒♥、腦袋♥、什麼都無法思考了♥♥！）,"(Uoh♥, my head♥ can't think of anything♥♥!)","(으옷♥, 자지로♥, 머릿속♥, 아무 생각도 할 수 없게 돼애♥♥!)"
,,,,,,
Kei.DLC_BrainWash2-95,,(～～～～～～～～～～ッ♥！！！),(～～～～～～～～～～ッ♥！！！),（～～～～～～～～～～♥！！！）,(...♥!!!),(~~~~~~~~~~윽♥!!!)
,,,,,,
Kei.DLC_BrainWash2-96,,その後Ｋ22号は何人もの男戦闘員によって朝までハメ続けられるのだった。,その後Ｋ22号は何人もの男戦闘員によって朝までハメ続けられるのだった。,在那之後，K22號就這樣被好幾個男性戰鬥員一路幹到了早上。,"After that, K22 continued to be fucked by multiple male soldiers until morning.",그 후 K22호는 여러 명의 남성 전투원에 의해 아침까지 계속 박히는 것이었다.
,,,,,,
,,,,,,
,,,,,,
Kei.DLC_BrainWash2-97,2-6と2-7は使わない,――――数時間後,――――数時間後,――――數小時後,Several hours later...,――――수 시간 후
,,,,,,
Kei.DLC_BrainWash2-98,,パンッ！パンッ！パンッ！パンッ！,パンッ！パンッ！パンッ！パンッ！,啪！啪！啪！啪！,Slap... Slap... Slap...,팡! 팡! 팡! 팡!
,,,,,,
Kei.DLC_BrainWash2-99,Ｋ22号,「お゛っ………、お゛おっ…………♥」,「お゛っ………、お゛おっ…………♥」,「喔………、喔喔…………♥」,"""Oh... Ooh...♥""","「오옷 옷………, 오옷 오옷…………♥」"
,,,,,,
Kei.DLC_BrainWash2-100,男戦闘員,「ふうっ……もう朝じゃねえか。」,「ふうっ……もう朝じゃねえか。」,「呼……已經早上了啊。」,"""Phew... It's morning already.""",「후웃…… 벌써 아침이잖아.」
,,,,,,
Kei.DLC_BrainWash2-101,Kei debauchery DLC 2ｰ1,「全員3回は出したか？全くこのコイツは良いオナホだぜ。」,「全員3回は出したか？全くこのコイツは良いオナホだぜ。」,「全部的人都射了3次嗎？這傢伙真是個好用的自慰套。」,"""Did everyone come at least 3 times? This one makes a great pocket pussy.""",「전원 3번은 쌌나? 정말 이 녀석은 좋은 오나홀이야.」
,,,,,,
Kei.DLC_BrainWash2-102,,「ははっ！ハメ潰されてカエルみてえにひっくり返りやがって。」,「ははっ！ハメ潰されてカエルみてえにひっくり返りやがって。」,「哈哈！被幹到癱掉，像隻青蛙一樣翻肚了。」,"""Haha! Look at her flipped over like a frog after all that sex.""",「하핫! 박혀서 개구리처럼 뒤집혔잖아.」
,,,,,,
Kei.DLC_BrainWash2-103,,「それにお前らが出し過ぎたせいでマンコから精液が逆流してんじゃねえかｗどんだけ中出しされたんだ？」,「それにお前らが出し過ぎたせいでマンコから精液が逆流してんじゃねえかｗどんだけ中出しされたんだ？」,「而且都是因為你們射太多了，精液都從小穴裡倒流出來了ｗ到底是中了多少啊？」,"""Plus you guys came so much that semen's flowing back out of her pussy. How many creampies did she take?""",「게다가 너희들이 너무 싸서 보지에서 정액이 역류하고 있잖아ㅋ 얼마나 안에 싼 거야?」
,,,,,,
Kei.DLC_BrainWash2-104,,「お゛……っ♥、お゛゛っ…………♥♥」,「お゛……っ♥、お゛゛っ…………♥♥」,「喔……♥、喔喔…………♥♥」,"""Oh...♥ Ohhh...♥♥""","「오옷 ……윽♥, 오옷 옷 윽…………♥♥」"
,,,,,,
Kei.DLC_BrainWash2-105,,Ｋ22号はピクピクとしか動かない,Ｋ22号はピクピクとしか動かない,K22號只能微微地抽動著,K22 could only twitch slightly,K22호는 피크피크 움직일 뿐이다
,,,,,,
Kei.DLC_BrainWash2-106,Kei debauchery DLC 2-4,「オラッ！Ｋ22号、任務の時間だ！いつまでも寝てないでとっとと戦闘服を着ろ！」,「オラッ！Ｋ22号、任務の時間だ！いつまでも寝てないでとっとと戦闘服を着ろ！」,「喂！K22號、任務時間到了！別一直睡了，快點把戰鬥服穿上！」,"""Hey! K22, it's time for your mission! Stop lying around and get your combat suit on!""","「자! K22호, 임무 시간이다! 언제까지 자지 말고 빨리 전투복 입어!」"
,,,,,,
Kei.DLC_BrainWash2-107,,「お゛おおっ♥き、キィーーーーッ！！」,「お゛おおっ♥き、キィーーーーッ！！」,「喔喔喔♥吱、吱ーーーー！！」,"""Ohhh... Kiiiiiii!""","「오옷 오오옷♥ 키, 키이ーーーー잇!!」"
,,,,,,
Kei.DLC_BrainWash2-108,,「ゴボッ、ゴボッ、うげっ……わ、わかりましたっ！」,「ゴボッ、ゴボッ、うげっ……わ、わかりましたっ！」,「咕啵、咕啵、唔呃……我、我知道了！」,"""Ahem, ugh, G-got it!""","「곱봇, 곱봇, 윽…… 아, 알겠습니다!」"
,,,,,,
Kei.DLC_BrainWash2-109,,(お゛っ♥…おまんこっ…ハメられすぎて…あ、あたまがっ…っ♥),(お゛っ♥…おまんこっ…ハメられすぎて…あ、あたまがっ…っ♥),（喔♥…小穴…被幹過頭了…腦、腦袋…♥）,(Oh♥... after so much sex... m-my head...♥),"(오옷 옷♥… 보지… 너무 박혀서… 머, 머리가…윽♥)"
,,,,,,
Kei.DLC_BrainWash2-110,,そしてＫ22号は戦闘員の姿となり,そしてＫ22号は戦闘員の姿となり,然後K22號換上了戰鬥員的服裝,And K22 put on her combat suit to become a soldier,그리고 K22호는 전투원의 모습이 되어
,,,,,,
Kei.DLC_BrainWash2-111,,「まだ見てる視聴者共に最後になんか挨拶しろ。」,「まだ見てる視聴者共に最後になんか挨拶しろ。」,「對那些還在看的觀眾們做最後的問候吧。」,"""Say something to those who are still watching.""",「아직 보고 있는 시청자들에게 마지막으로 뭔가 인사해라.」
,,,,,,
Kei.DLC_BrainWash2-112,,「ケホッ、き、キィーーーーッ！！まだ見てる視聴者っ……！」,「ケホッ、き、キィーーーーッ！！まだ見てる視聴者っ……！」,「咳、吱、吱ーーーー！！還在看的觀眾們……！」,"""Ahem, kiiiii! If you're still watching...!""","「케홋, 키, 키이ーーーー잇!! 아직 보고 있는 시청자……!」"
,,,,,,
Kei.DLC_BrainWash2-113,,「いつでも私っ…Ｋ22号の上官になってハメられるから…！君も戦闘員として私達の仲間にならないかっ…！」,「いつでも私っ…Ｋ22号の上官になってハメられるから…！君も戦闘員として私達の仲間にならないかっ…！」,「隨時都能成為我…K22號的上司來幹我喔…！你不想也成為戰鬥員，加入我們的行列嗎…！」,"""You... If you become my senior, then you can fuck me! Why don't you join us and become a soldier?""",「언제든지 나… K22호의 상관이 되어 박을 수 있으니까…! 너도 전투원으로서 우리 동료가 되지 않을래…!」
,,,,,,
Kei.DLC_BrainWash2-114,,「私はいつでも君たちのおちんぽを待っている……からっ…！私と一緒に…財団に忠誠をっ！」,「私はいつでも君たちのおちんぽを待っている……からっ…！私と一緒に…財団に忠誠をっ！」,「我隨時都在等著你們的肉棒……所以…！和我一起…向財團獻上忠誠吧！」,"""I'm always waiting to be fucked by your cocks... Glory to the Foundation!""",「나는 언제나 너희들의 자지를 기다리고 있어…… 그러니까…! 나와 함께… 재단에 충성을!」
,,,,,,
Kei.DLC_BrainWash2-115,,「キィーーーーーーッ！！」,「キィーーーーーーッ！！」,「吱ーーーーーー！！」,"""Kiiiiiiii!!""",「키이ーーーーーー잇!!」
,,,,,,
Kei.DLC_BrainWash2-116,,――――――――,――――――――,――――――――,――――――――,――――――――
,,,,,,
Kei.DLC_BrainWash2-117,,――――,――――,――――,――――,――――
,,,,,,
Kei.DLC_BrainWash2-118,,ー,ー,ー,ー,ー
,,,,,,
,,,,,,
,,,,,,
,,,,,,
,,,,,,
Akiho DLC,注釈,明穂＆クローン戦闘員,明穂＆クローン戦闘員,,,
Record.AkihoDLC,,【明穂＆クローン戦闘員】,【明穂＆クローン戦闘員】,【明穗＆克隆戰鬥員】,[Akiho & Clone Soldier],【아키호 ＆ 클론 전투원】
Record.AkihoDLC-1,Akiho DLC 1-1 ,深夜、財団アジトの一室にて…,深夜、財団アジトの一室にて…,深夜，財團基地的一室內…,"Late at night, in a room at the Foundation hideout...","심야, 재단 아지트의 한 방에서…"
,,,,,,
Record.AkihoDLC-2,クローン戦闘員１,「ぺろっ…ぺろっ……ふうっ♥……」,「ぺろっ…ぺろっ……ふうっ♥……」,「舔…舔……呼♥……」,"""Lick... lick... fuu♥...""",「낼름… 낼름…… 후웃♥……」
,,,,,,
Record.AkihoDLC-3,クローン戦闘員２,「ちゅるっ…れろっ…はあっ♥、……いかがですか……明穂様………♥」,「ちゅるっ…れろっ…はあっ♥、……いかがですか……明穂様………♥」,「啾嚕…舔喔…哈啊♥、……明穗大人…您覺得如何………♥」,"""Slurp... lick... haa♥... How is it... Lady Akiho...♥""","「츄르릅… 레롯… 하앗♥, …… 어떻습니까…… 아키호 님………♥」"
,,,,,,
Record.AkihoDLC-4,明穂,「アハハハハッ！いいよぉ♥！じょうずじょうず～♥！」,「アハハハハッ！いいよぉ♥！じょうずじょうず～♥！」,「啊哈哈哈哈！很好喔♥！很棒很棒～♥！」,"""Ahahahaha! Good♥! So skilled♥!""",「아하하하핫! 좋아♥! 잘한다 잘해~♥!」
,,,,,,
Record.AkihoDLC-5,,「アハッ♥、改造手術でこんな立派なおちんちん貰っちゃったけどいい感じ！」,「アハッ♥、改造手術でこんな立派なおちんちん貰っちゃったけどいい感じ！」,「啊哈♥、透過改造手術得到了這麼優秀的肉棒，感覺真不錯！」,"""Aha♥, I got this impressive dick from the modification surgery and it feels great!""","「아핫♥, 개조 수술로 이런 훌륭한 자지 받아버렸지만 좋은 느낌!」"
,,,,,,
Record.AkihoDLC-6,,「こうやって毎日クローンちゃんと遊べるんだから…♥」,「こうやって毎日クローンちゃんと遊べるんだから…♥」,「可以像這樣每天和克隆妹妹們玩…♥」,"""Now I can play with the clone girls every day like this...♥""",「이렇게 매일 클론쨩이랑 놀 수 있으니까…♥」
,,,,,,
Record.AkihoDLC-7,,「アハッ♥、クローンちゃん達？パコパコされる前にしっかり濡らしておかないとね～♥？」,「アハッ♥、クローンちゃん達？パコパコされる前にしっかり濡らしておかないとね～♥？」,「啊哈♥、克隆醬們？在被插之前要好好地自己弄濕喔～♥？」,"""Aha♥, clone girls? You need to get wet before we start♥?""","「아핫♥, 클론쨩들? 파코파코 당하기 전에 제대로 적셔두지 않으면 안 되지~♥?」"
,,,,,,
Record.AkihoDLC-8,,「あっ、そこの私のおちんちん舐めてるの！072号ちゃん？ちょっとさぼってない？」,「あっ、そこの私のおちんちん舐めてるの！072号ちゃん？ちょっとさぼってない？」,「啊，那邊正在舔我的肉棒的！是072號醬嗎？你是不是有點偷懶了？」,"""Ah, you there licking my dick! 072? Aren't you slacking a bit?""","「앗, 거기 내 자지 핥고 있는 거! 072호쨩? 좀 게으름 피우고 있지 않아?」"
,,,,,,
Record.AkihoDLC-9,072号,「－も、申し訳ございませんっ！」,「－も、申し訳ございませんっ！」,「－非、非常抱歉！」,"""...M-My apologies!""","「-죄, 죄송합니다!」"
,,,,,,
Record.AkihoDLC-10,072号,ちゅるっ！ちゅるるるっ♥！,ちゅるっ！ちゅるるるっ♥！,啾嚕！啾嚕嚕嚕♥！,Slurp! Slurrrp♥!,츄르릅! 츄르르르릇♥!
,,,,,,
Record.AkihoDLC-11,明穂,「ふふーん♥、そうそう、それでいいの！ちゃんとやらないと下級戦闘員に降格しちゃうからね？」,「ふふーん♥、そうそう、それでいいの！ちゃんとやらないと下級戦闘員に降格しちゃうからね？」,「呼哼♥、對對，這樣才對！如果沒做好，可是會被降級成下級戰鬥員的喔？」,"""Mhmm♥, yes yes, that's better! If you don't do it properly, you'll be demoted to a junior soldier, you know?""","「후후웅♥, 그래그래, 그거면 돼! 제대로 안 하면 하급 전투원으로 강등될 테니까?」"
,,,,,,
Record.AkihoDLC-12,,「いやー、六花のクローンちゃんはほんと便利だね！強いだけじゃなくてオナホにもなって最高！」,「いやー、六花のクローンちゃんはほんと便利だね！強いだけじゃなくてオナホにもなって最高！」,「呀～六花的克隆醬們真是方便呢！不只強大，還能當自慰套，太棒了！」,"""Man, Rikka's clones are really convenient! Not only are they strong, but they're perfect pocket pussies!""","「이야~, 릿카 클론쨩은 정말 편리하네! 강할 뿐만 아니라 오나홀도 되고 최고!」"
,,,,,,
Record.AkihoDLC-13,,「…あれ？そういえばオリジナルの六花ってどうなったんだっけ？死んじゃった？」,「…あれ？そういえばオリジナルの六花ってどうなったんだっけ？死んじゃった？」,「…咦？話說回來，原本的六花後來怎麼樣了？死掉了嗎？」,"""...Huh? Speaking of which, what happened to the original Rikka? Did she die?""",「…어라? 그러고 보니 오리지널 릿카는 어떻게 됐더라? 죽었나?」
,,,,,,
Record.AkihoDLC-14,クローン戦闘員１,「……いえ、記録によると聖核戦姫：水無瀬六花は敗北して記憶を消去された後、洗脳を施され私達クローン戦闘員の一体となりました。」,「……いえ、記録によると聖核戦姫：水無瀬六花は敗北して記憶を消去された後、洗脳を施され私達クローン戦闘員の一体となりました。」,「……不，根據紀錄，聖核戰姫：水無瀨六花在敗北並被消除記憶後，經過了洗腦，成為了我們克隆戰鬥員的一員。」,"""...No, according to records, Holy Core Battlemaiden Rikka Minase was defeated, had her memories erased, was brainwashed, and became one of us clone combatants.""","「……아니요, 기록에 따르면 성핵전희: 미나세 릿카는 패배하여 기억을 소거당한 후, 세뇌를 받아 저희 클론 전투원 중 하나가 되었습니다.」"
,,,,,,
Record.AkihoDLC-15,,「アハハハッ！そうなんだ…！まあ、正直どうでもいいんだけど…！」,「アハハハッ！そうなんだ…！まあ、正直どうでもいいんだけど…！」,「啊哈哈哈！原來如此…！不過說實話，我不太在意就是了…！」,"""Ahahahaha! Is that so...! Well, I honestly don't care...!""","「아하하하핫! 그렇구나…! 뭐, 솔직히 아무래도 좋지만…!」"
,,,,,,
Record.AkihoDLC-16,,「ふうん…じゃあもしかしたらこの中にその六花がいたりして！アハハッ！」,「ふうん…じゃあもしかしたらこの中にその六花がいたりして！アハハッ！」,「唔嗯…那說不定這個房間裡就有那個六花呢！啊哈哈！」,"""Hmm... So maybe one of the clones here is Rikka! Ahaha!""",「흐음… 그럼 혹시 이 안에 그 릿카가 있을지도! 아하핫!」
,,,,,,
Record.AkihoDLC-17,,「まあそんなことどうでもいいね！私もそろそろムラムラしてきちゃったし…」,「まあそんなことどうでもいいね！私もそろそろムラムラしてきちゃったし…」,「算了，那種事不重要！我也差不多開始癢了…」,"""Well, whatever! I'm getting horny anyway...""",「뭐 그런 거 아무래도 좋네! 나도 슬슬 발정해버렸고…」
,,,,,,
Record.AkihoDLC-18,,「そこの…072号ちゃん？でいいや！パコパコしてあげるからおマンコ出して！」,「そこの…072号ちゃん？でいいや！パコパコしてあげるからおマンコ出して！」,「那邊的…就072號醬吧！我要插妳了，把小穴露出來！」,"""You there... 072? That'll do! I'm going to take you, so get your pussy ready!""",「거기… 072호쨩? 그만 됐어! 파코파코 해줄 테니 보지 내놔!」
,,,,,,
Record.AkihoDLC-19,072号,「！―――は、はっ！」,「！―――は、はっ！」,「！―――是、是！」,"""Y-Yes!""","「!―――네, 넷!」"
,,,,,,
Record.AkihoDLC-20,Akiho DLC 1-2,そして072号は明穂の前に立ち、チンポへと自分の股間をあてがう,そして072号は明穂の前に立ち、チンポへと自分の股間をあてがう,接著072號站到明穗面前，將自己的胯下對準肉棒,"072 stood before Akiho, guiding Akiho's cock toward her crotch.","그리고 072호는 아키호 앞에 서서, 자지에 자신의 사타구니를 맞댄다"
,,,,,,
Record.AkihoDLC-21,,「072号！、準備できました！」,「072号！、準備できました！」,「072號！、準備好了！」,"""072, ready!""","「072호!, 준비됐습니다!」"
,,,,,,
Record.AkihoDLC-22,明穂,「アハッ♥、じゃあおちんちん入れてあげるね～♥！それっ！」,「アハッ♥、じゃあおちんちん入れてあげるね～♥！それっ！」,「啊哈♥、那我要把肉棒放進去了喔～♥！來！」,"""Aha♥, then I'll put it in♥! Here!""","「아핫♥, 그럼 자지 넣어줄게~♥! 자!」"
,,,,,,
Record.AkihoDLC-23,Akiho DLC 1-3,ズプウッ！！,ズプウッ！！,滋噗喔！！,Thrust!!,즈푸웃!!
,,,,,,
Record.AkihoDLC-24,072号,「ん゛っ――――♥！」,「ん゛っ――――♥！」,「嗯――――♥！」,"""Nghhhhhhh♥!""",「응옷 윽――――♥!」
,,,,,,
Record.AkihoDLC-25,,「ほらほらぁ♥、動いてっ！おちんちん気持ちよくしてっ♥！」,「ほらほらぁ♥、動いてっ！おちんちん気持ちよくしてっ♥！」,「快點快點♥、動起來！讓肉棒舒服一點♥！」,"""Come on♥, move! Make my cock feel good♥!""","「자자앗♥, 움직여! 자지 기분 좋게 해줘♥!」"
,,,,,,
Record.AkihoDLC-26,072号,「は、はいっ！」,「は、はいっ！」,「是、是的！」,"""Y-yes!""","「네, 넷!」"
,,,,,,
Record.AkihoDLC-27,Akiho DLC 1-4,パチュッ、パチュッ、パチュッ♥！,パチュッ、パチュッ、パチュッ♥！,啪啾、啪啾、啪啾♥！,"Slaps, slaps, slap♥!","파츗, 파츗, 파츗♥!"
,,,,,,
Record.AkihoDLC-28,072号,「はあっ、はあっ…っ♥！」,「はあっ、はあっ…っ♥！」,「哈啊、哈啊…♥！」,"""Haa, haa...♥!""","「하앗, 하앗…윽♥!」"
,,,,,,
Record.AkihoDLC-29,,ヘコッ！ヘコッ、ヘコッ！,ヘコッ！ヘコッ、ヘコッ！,嘿咻！嘿咻、嘿咻！,"Thrust! Thrust, thrust!","헤콧! 헤콧, 헤콧!"
,,,,,,
Record.AkihoDLC-30,,(この感じ……何か懐かしい気が……思い出せない……),(この感じ……何か懐かしい気が……思い出せない……),（這種感覺……好像有點懷念……想不起來……）,(This feeling... something familiar... I can't remember...),(이 느낌…… 뭔가 그리운 기분이…… 생각나지 않아……)
,,,,,,
Record.AkihoDLC-31,,「い、いかがですかっ……♥！」,「い、いかがですかっ……♥！」,「您、您覺得如何…♥！」,"""H-How is it...♥?""","「어, 어떻습니까……♥!」"
,,,,,,
Record.AkihoDLC-32,,(何か……とても大事な事のような…？),(何か……とても大事な事のような…？),（好像有什麼……非常重要的事情…？）,(Something... Something very important...?),(뭔가…… 매우 중요한 일 같은…?)
,,,,,,
Record.AkihoDLC-33,,(何故？…私が幹部様にこんな感情？を…？),(何故？…私が幹部様にこんな感情？を…？),（為什麼？…我對幹部大人會有這種感覺？）,(Why? Why would I have these... feelings toward an executive...?),(왜?… 내가 간부님께 이런 감정?을…?)
,,,,,,
Record.AkihoDLC-34,明穂,「……ねえ072号ちゃん？なんかサボってない？ホントに集中してやってるの？」,「……ねえ072号ちゃん？なんかサボってない？ホントに集中してやってるの？」,「……喂072號醬？是不是有點偷懶了？妳真的有專心在做嗎？」,"""...Hey 072? Are you slacking off? Are you really focusing?""",「……이봐 072호쨩? 뭔가 게으름 피우고 있지 않아? 정말 집중해서 하고 있어?」
,,,,,,
Record.AkihoDLC-35,072号,「――――っ！」,「――――っ！」,「――――！」,"""...!""",「――――잇!」
,,,,,,
Record.AkihoDLC-36,明穂,「それに072号ちゃんちょっと他のクローンちゃんに比べて体力なくない？真面目にやらないとホントに下級戦闘員にするよ？」,「それに072号ちゃんちょっと他のクローンちゃんに比べて体力なくない？真面目にやらないとホントに下級戦闘員にするよ？」,「而且072號醬妳的體力是不是比其他克隆妹妹們差一點？不認真做的話，我真的會把妳降級成下級戰鬥員喔？」,"""And 072, don't you have less stamina than the other clones? If you don't take this seriously, I'll really demote you to a junior soldier, you know?""",「게다가 072호쨩 조금 다른 클론쨩에 비해 체력 없지 않아? 제대로 안 하면 정말 하급 전투원으로 만들 거야?」
,,,,,,
Record.AkihoDLC-37,072号,「も、申し訳ございません明穂様っ！」,「も、申し訳ございません明穂様っ！」,「非、非常抱歉明穗大人！」,"""M-My deepest apologies, Lady Akiho!""","「죄, 죄송합니다 아키호 님!」"
,,,,,,
Record.AkihoDLC-38,Akiho DLC 1-6,「幹部様を敬う気持ちが足りてないんじゃない？誰に向かってご奉仕してるのかな？」,「幹部様を敬う気持ちが足りてないんじゃない？誰に向かってご奉仕してるのかな？」,「妳是不是不夠尊敬幹部大人？妳是在侍奉誰你知道嗎？」,"""Maybe you don't have enough respect for an executive? Who exactly are you serving?""",「간부님을 존경하는 마음이 부족한 거 아니야? 누구에게 봉사하고 있는 거야?」
,,,,,,
Record.AkihoDLC-39,072号,「―――そ、それは！」,「―――そ、それは！」,「―――這、這個！」,"""Th-That's...""","「―――그, 그것은!」"
,,,,,,
Record.AkihoDLC-40,,「私とあなたじゃ全然立場が違うんだからぁ？もっとちゃんとご奉仕しなきゃだよね？」,「私とあなたじゃ全然立場が違うんだからぁ？もっとちゃんとご奉仕しなきゃだよね？」,「我和妳的立場完全不一樣喔？所以要更確實地侍奉才對吧？」,"""Our positions are completely different, you know? You need to serve me properly, right?""",「나랑 너랑은 전혀 입장이 다르니까아? 좀 더 제대로 봉사해야지?」
,,,,,,
Record.AkihoDLC-41,072号,「はっ、はいっ！明穂様！しっかりご奉仕させていただきます！」,「はっ、はいっ！明穂様！しっかりご奉仕させていただきます！」,「是、是的！明穗大人！我會好好侍奉您的！」,"""Y-Yes! Lady Akiho! I will serve you properly!""","「네, 넷! 아키호 님! 제대로 봉사하겠습니다!」"
,,,,,,
Record.AkihoDLC-42,,(そうっ！、私はクローン戦闘員072号…幹部様の命令には絶対服従……！),(そうっ！、私はクローン戦闘員072号…幹部様の命令には絶対服従……！),（沒錯！、我是克隆戰鬥員072號…對幹部大人的命令必須絕對服從…！）,(That's right! I am clone soldier 072... I must obey the executives...!),"(그래!, 나는 클론 전투원 072호… 간부님의 명령에는 절대 복종……!)"
,,,,,,
Record.AkihoDLC-43,,(余計なことを考えてないでしっかりと明穂様にご奉仕しなければ！),(余計なことを考えてないでしっかりと明穂様にご奉仕しなければ！),（不要想多餘的事，必須確實地侍奉明穗大人！）,(I must stop thinking unnecessary things and properly serve Lady Akiho!),(쓸데없는 생각 말고 제대로 아키호 님께 봉사해야 해!)
,,,,,,
Record.AkihoDLC-44,,(余計な思考と感情は戦闘員には不要……！),(余計な思考と感情は戦闘員には不要……！),（多餘的思考和情感，對戰鬥員來說是不需要的…！）,(Unnecessary thoughts and emotions are not needed for a soldier...!),(쓸데없는 사고와 감정은 전투원에게는 불필요……!)
,,,,,,
Record.AkihoDLC-45,,「―――――ッ！」,「―――――ッ！」,「―――――！」,"""...!""",「―――――잇!」
,,,,,,
Record.AkihoDLC-46,,パンッ！パンッ！パンッ！,パンッ！パンッ！パンッ！,啪！啪！啪！,Slap! Slap! Slap!,팡! 팡! 팡!
,,,,,,
Record.AkihoDLC-47,Akiho DLC 1-7,「アハッ♥、ちゃんと動くようになったっ！やればできるじゃんっ♥！」,「アハッ♥、ちゃんと動くようになったっ！やればできるじゃんっ♥！」,「啊哈♥、妳終於動起來了！只要肯做就能做到嘛♥！」,"""Aha♥, you're moving properly now! See, you can do it when you try♥!""","「아핫♥, 제대로 움직이게 됐네! 하면 되잖아♥!」"
,,,,,,
Record.AkihoDLC-48,,「はっ♥、はっ♥、恐れ入りますっ♥！」,「はっ♥、はっ♥、恐れ入りますっ♥！」,「是♥、是♥、感激不盡♥！」,"""Hah♥, hah♥, thank you very much♥!""","「핫♥, 핫♥, 황송합니다♥!」"
,,,,,,
Record.AkihoDLC-49,,「アハァ♥、いいよぉ？ほらっ、もっとおマンコきゅーってしてっ！」,「アハァ♥、いいよぉ？ほらっ、もっとおマンコきゅーってしてっ！」,「啊哈♥、很棒喔？來、把小穴夾得更緊一點♥！」,"""Ahaa♥, that's good! Come on, squeeze your pussy more!""","「아하아♥, 좋아? 자!, 좀 더 보지 뀨-욱 해줘!」"
,,,,,,
Record.AkihoDLC-50,072号,「はっ、はいっ！了解しましたっ！」,「はっ、はいっ！了解しましたっ！」,「是、是的！遵命！」,"""Y-Yes! Understood!""","「네, 넷! 알겠습니다!」"
,,,,,,
Record.AkihoDLC-51,,「はあっ♥、はあっ♥、はあっ♥！」,「はあっ♥、はあっ♥、はあっ♥！」,「哈啊♥、哈啊♥、哈啊♥！」,"""Haa♥, haa♥, haa♥!""","「하앗♥, 하앗♥, 하앗♥!」"
,,,,,,
Record.AkihoDLC-52,,(明穂様にっ♥、ご満足していただかなくてはっ♥！),(明穂様にっ♥、ご満足していただかなくてはっ♥！),（必須讓明穗大人♥、感到滿足才行♥！）,(I must♥ satisfy Lady Akiho♥!),"(아키호 님께♥, 만족시켜 드려야 해♥!)"
,,,,,,
Record.AkihoDLC-53,,(それが私っ、クローン戦闘員の役目っ♥！),(それが私っ、クローン戦闘員の役目っ♥！),（這就是我、克隆戰鬥員的職責♥！）,(That's my role as a clone soldier♥!),"(그것이 나, 클론 전투원의 역할♥!)"
,,,,,,
Record.AkihoDLC-54,,パンッ！パンッ！パンッ！,パンッ！パンッ！パンッ！,啪！啪！啪！,Slap! Slap! Slap!,팡! 팡! 팡!
,,,,,,
Record.AkihoDLC-55,,「あ～でそうかもっ♥、072号ちゃん！しっかり受け止めてねッ♥！」,「あ～でそうかもっ♥、072号ちゃん！しっかり受け止めてねッ♥！」,「啊～我好像要射了♥、072號醬！要好好地接住喔♥！」,"""Ahhhh, I'm getting close♥, 072! Make sure to take it all♥!""","「아~ 쌀 것 같아♥, 072호쨩! 제대로 받아줘♥!」"
,,,,,,
Record.AkihoDLC-56,072号,「…！い、いつでもご射精くださいっ♥！」,「…！い、いつでもご射精くださいっ♥！」,「…！隨、隨時請您射精♥！」,"""...! P-Please ejaculate whenever you're ready♥!""","「…! 아, 언제든지 싸주세요♥!」"
,,,,,,
Record.AkihoDLC-57,Akiho DLC 1-8,ドクッ！ドクドクッ！,ドクッ！ドクドクッ！,噗滋——咕嚕咕嚕——！,Throb! Throb throb!,도큣! 도크도크!
,,,,,,
Record.AkihoDLC-58,明穂,「あっ♥、アハっ♥、出てるっ！おちんぽ汁っ、クローンちゃんのの中にっ♥！」,「あっ♥、アハっ♥、出てるっ！おちんぽ汁っ、クローンちゃんのの中にっ♥！」,「啊♥、啊哈♥、出來了！肉棒汁、射到克隆醬的體內了♥！」,"""Ah♥, Aha♥, it's coming out! I'm coming inside the clone♥!""","「앗♥, 아핫♥, 나온다! 자지즙, 클론쨩 안에♥!」"
,,,,,,
Record.AkihoDLC-59,,「あ～クローンちゃんの中にぴゅっぴゅするの最高～！」,「あ～クローンちゃんの中にぴゅっぴゅするの最高～！」,「啊～射在克隆醬體內真是太爽了～！」,"""Ahhhhhh, finishing inside a clone is the best!""",「아~ 클론쨩 안에 퓻퓻하는 거 최고~!」
,Akiho DLC 1-9,,,,,
Record.AkihoDLC-60,072号,「はあっ♥、はあっ♥、どうですかっ…♥！」,「はあっ♥、はあっ♥、どうですかっ…♥！」,「哈啊♥、哈啊♥、您覺得怎麼樣…♥！」,"""Haa♥, haa♥, how was it...♥?""","「하앗♥, 하앗♥, 어떻습니까…♥!」"
,,,,,,
Record.AkihoDLC-61,,「アハハッ♥、まあよかったんじゃない？」,「アハハッ♥、まあよかったんじゃない？」,「啊哈哈♥、嘛，還不錯吧？」,"""Ahaha♥, well, it was pretty good, I guess?""","「아하핫♥, 뭐 좋지 않았어?」"
,,,,,,
Record.AkihoDLC-62,072号,「はあっ、はあっ……ありがとうございます…。」,「はあっ、はあっ……ありがとうございます…。」,「哈啊、哈啊……非常感謝您…。」,"""Haa, haa... Thank you very much...""","「하앗, 하앗…… 감사합니다….」"
,,,,,,
Record.AkihoDLC-63,,(……そう…クローン戦闘員に余計な思考は不要…財団に忠誠を誓うもの言わぬ機械です…！),(……そう…クローン戦闘員に余計な思考は不要…財団に忠誠を誓うもの言わぬ機械です…！),（…沒錯…克隆戰鬥員不需要多餘的思考…是宣誓忠誠於財團、沉默的機械…！）,(...Yes... Clone soldiers don't need unnecessary thoughts... We are silent machines that have pledged loyalty to the Foundation...!),(……맞아… 클론 전투원에게 쓸데없는 사고는 불필요… 재단에 충성을 맹세한 복종 기계일뿐…!)
,,,,,,
Record.AkihoDLC-64,明穂,「アハハッ♥、かわいいクローンちゃん達…私がもっと可愛がってあげるからね…♥？」,「アハハッ♥、かわいいクローンちゃん達…私がもっと可愛がってあげるからね…♥？」,「啊哈哈♥、可愛的克隆醬們…我會更加疼愛你們的…♥？」,"""Ahaha♥, my cute clone girls... I'll give you even more attention...♥?""","「아하핫♥, 귀여운 클론쨩들… 내가 좀 더 귀여워해 줄게…♥?」"
,,,,,,
Record.AkihoDLC-65,,そしてクローン戦闘員と072号の明穂への奉仕は一晩中続くのだった,そしてクローン戦闘員と072号の明穂への奉仕は一晩中続くのだった,於是，克隆戰鬥員和072號對明穗的侍奉持續了一整晚,And so the clone soldiers and 072 continued serving Akiho throughout the night.,그렇게 클론 전투원과 072호의 아키호에 대한 봉사는 밤새도록 계속되는 것이었다
,,,,,,
Record.AkihoDLC-66,,――――――――,――――――――,――――――――,――――――――,――――――――
,,,,,,
Record.AkihoDLC-67,,――――,――――,――――,――――,――――
,,,,,,
Record.AkihoDLC-68,,ー,ー,ー,ー,ー
,,,,,,
,,,,,,
,,,,,,
,,,,,,
,,,,,,
,,,,,,
,,,,,,
Erena DLC,注釈,,,,,
,,,,,,
Record.ErenaDLC,,【清藤 エレナ】,【清藤 エレナ】,【清藤艾蓮娜】 ,,
Record.ErenaDLC-1,,―――ヌルッ…ズルルッ……,―――ヌルッ…ズルルッ……,―――咕嚕…滋溜……,"Slurp, squelch...",―――미끌… 스르륵……
,,,,,,
Record.ErenaDLC-2,,財団の地下アジトの一室、薄暗い部屋の中はドロドロとした湿気に満たされ、無数の触手が絡まりあう。,財団の地下アジトの一室、薄暗い部屋の中はドロドロとした湿気に満たされ、無数の触手が絡まりあう。,在財團地下基地的一間房間裡，昏暗的房間裡充滿了黏糊糊的濕氣，無數的觸手相互纏繞。,"In a room in the Foundation's underground hideout, the dimly lit space was filled with thick humidity as countless tentacles intertwined.","재단의 지하 아지트 한 방, 어두컴컴한 방 안은 질척이는 습기로 가득 차 있고, 무수한 촉수가 서로 얽혀 있다."
,,,,,,
Record.ErenaDLC-3,,グチュッ、ズルルッ、ヌルッ、ズルルルッ……,グチュッ、ズルルッ、ヌルッ、ズルルルッ……,咕啾、滋溜、咕嚕、滋嚕嚕嚕……,"Squelch, slurp, slip, slurrrp...","질척, 스르륵, 미끌, 스르르륵……"
,,,,,,
Record.ErenaDLC-4,Erena　DLC 1-1,「んっ♥、ああっ…はあっ…♥」,「んっ♥、ああっ…はあっ…♥」,「嗯♥、啊啊…哈啊…♥」,"""Mmm♥ Ahh... haa...♥""","「응읏♥, 아앗… 하앗…♥」"
,エレナ,,,,,
Record.ErenaDLC-5,,「ああっ♥…愛しい私のご主人様……♥もっと私にっ…貴方様の粘液を……♥」,「ああっ♥…愛しい私のご主人様……♥もっと私にっ…貴方様の粘液を……♥」,「啊啊♥…我親愛的主人……♥請給我更多…您的黏液…♥」,"""Ahh♥... My beloved Master...♥ Give me more... Your slime...♥""",「아앗♥… 사랑스러운 나의 주인님……♥ 더 저에게… 당신의 점액을……♥」
,,,,,,
Record.ErenaDLC-6,,ズルルルッ……ズルルッ……,ズルルルッ……ズルルッ……,滋嚕嚕嚕……滋溜……,Slurrrp... Slurp...,즈르르르릇…… 즈르릇……
,,,,,,
Record.ErenaDLC-7,触手怪人,「ぐふふっ…いいだろう」,「ぐふふっ…いいだろう」,「咕呼呼…好吧」,"""Gufufu... Very well.""",「크흐흐… 좋다」
,,,,,,
Record.ErenaDLC-8,,部屋では怪人となったエレナとその主である触手怪人が文字通り体を絡ませあっていた。,部屋では怪人となったエレナとその主である触手怪人が文字通り体を絡ませあっていた。,房間裡，已經變為怪人的艾蓮娜和她的主人——觸手怪人，正字面上地纏繞在一起。,"In the room, Erena, who had become a fiend, and her master, the Tentacle Man, were literally entwining their bodies together.",방에서는 괴인이 된 엘레나와 그 주인인 촉수 괴인이 말 그대로 몸을 얽고 있었다.
,,,,,,
Record.ErenaDLC-9,触手怪人,「どうやら先日の作戦で何本か触手を切り落とされたらしいな…全く可哀そうに。」,「どうやら先日の作戦で何本か触手を切り落とされたらしいな…全く可哀そうに。」,「看來妳在上次的作戰中被切掉了幾根觸手呢…真是可憐。」,"""It seems you had several tentacles cut off in the recent operation... How pitiful.""",「아무래도 얼마 전 작전에서 몇 가닥 촉수가 잘려나간 모양이군… 정말 가엾게도.」
,,,,,,
Record.ErenaDLC-10,エレナ,「あんっ♥…お恥ずかしい……でもそうなんですっ♥…」,「あんっ♥…お恥ずかしい……でもそうなんですっ♥…」,「嗯♥…讓您見笑了……不過是那樣沒錯♥…」,"""Ahh♥... How embarrassing... But yes♥...""",「아앙♥… 부끄럽습니다…… 하지만 그렇습니다♥…」
,,,,,,
Record.ErenaDLC-11,,「でもおっ…♥…私っ、頑張ってその忌々しい聖核戦姫を倒したんですっ…♥」,「でもおっ…♥…私っ、頑張ってその忌々しい聖核戦姫を倒したんですっ…♥」,「但是呢♥…我、我很努力地打倒了那個可恨的聖核戰姫呢♥…」,"""But I...♥ I worked hard and defeated that hateful Holy Core Battlemaiden...♥""","「하지만요…♥… 저, 열심히 그 괘씸한 성핵전희를 쓰러뜨렸습니다…♥」"
,,,,,,
Record.ErenaDLC-12,,そしてエレナは怪人へ向かって自らの秘所を差し出し、ぐぱあと開く,そしてエレナは怪人へ向かって自らの秘所を差し出し、ぐぱあと開く,接著艾蓮娜將自己的私處朝向怪人，大張開來,"Then Erena presented her private parts to the fiend, spreading it wide open","그리고 엘레나는 괴인을 향해 자신의 은밀한 곳을 내밀고, 활짝 벌린다"
,,,,,,
Record.ErenaDLC-13,,「ですからっ…♥頑張ったエレナを今日は沢山私を可愛がってくださいっ……♥」,「ですからっ…♥頑張ったエレナを今日は沢山私を可愛がってくださいっ……♥」,「所以呢♥…今天請好好地疼愛努力的艾蓮娜吧……♥」,"""So...♥ Please show me lots of affection today for working so hard...♥""",「그러니까…♥ 열심히 한 엘레나를 오늘은 잔뜩 귀여워해주세요……♥」
,,,,,,
Record.ErenaDLC-14,触手怪人,「ぐふふっ…もちろんだ。沢山可愛がってやる…！」,「ぐふふっ…もちろんだ。沢山可愛がってやる…！」,「咕呼呼…當然。我會好好疼愛妳的…！」,"""Gufufu... Of course. I'll give you plenty of affection...!""",「크흐흐… 물론이다. 잔뜩 귀여워해주마…!」
,,,,,,
Record.ErenaDLC-15,Erena　DLC 1-２,そして触手怪人はエレナの割れ目に生殖に特化したグロテスクで巨大な触手をあてがう。,そして触手怪人はエレナの割れ目に生殖に特化したグロテスクで巨大な触手をあてがう。,然後觸手怪人將一根專門用於生殖的、巨大又噁心的觸手對準艾蓮娜的裂縫。,"Then the Tentacle Man pressed a grotesque, massive tentacle specialized for reproduction against Erena's slit.",그리고 촉수 괴인은 엘레나의 갈라진 틈에 생식에 특화된 흉측하고 거대한 촉수를 갖다 댄다.
,,,,,,
Record.ErenaDLC-16,エレナ,「ああんっ♥…ご主人様…こんな大きなおちんぽ触手……♥！また大きくなってる…？♥」,「ああんっ♥…ご主人様…こんな大きなおちんぽ触手……♥！また大きくなってる…？♥」,「啊嗯♥…主人…這麼大的肉棒觸手……♥！又變大了嗎…？♥」,"""Ahhh♥... Master... Such a large cock tentacle...♥! It's gotten even bigger...?♥""",「아앙♥… 주인님… 이렇게 큰 자지 촉수……♥! 또 커졌어요…?♥」
,,,,,,
Record.ErenaDLC-17,触手怪人,「ぐふふっ…エレナ君のために育てた生殖用触手だ…！」,「ぐふふっ…エレナ君のために育てた生殖用触手だ…！」,「咕呼呼…這是為了艾蓮娜妳而培育的生殖用觸手…！」,"""Gufufu... It's a reproductive tentacle I grew just for you, Erena...!""",「크흐흐… 엘레나 군을 위해 키운 생식용 촉수다…!」
,,,,,,
Record.ErenaDLC-18,エレナ,「あんっ♥、はあっ♥、かっこいいですっ♥、私の為にこんな事までっ……♥」,「あんっ♥、はあっ♥、かっこいいですっ♥、私の為にこんな事までっ……♥」,「啊嗯♥、哈啊♥、好帥氣♥、竟然為了我做這種事……♥」,"""Ahh♥ Haa♥ How wonderful♥ To do this just for me...♥""","「아앙♥, 하앗♥, 멋있어요♥, 저를 위해 이런 것까지……♥」"
,,,,,,
Record.ErenaDLC-19,,「ああんっ♥、身に余る幸福ですッ♥、ご主人様ぁっ♥」,「ああんっ♥、身に余る幸福ですッ♥、ご主人様ぁっ♥」,「啊嗯♥、這真是過分的幸福♥、主人啊♥」,"""Ahhh♥ I'm unworthy of such happiness♥ Master♥""","「아앙♥, 분에 넘치는 행복입니다♥, 주인님아♥」"
,,,,,,
Record.ErenaDLC-20,,「はあっ♥、はあっ♥、私っ♥、待ちきれないですっ♥……早くご主人様の立派なおちんぽ…っ♥！」,「はあっ♥、はあっ♥、私っ♥、待ちきれないですっ♥……早くご主人様の立派なおちんぽ…っ♥！」,「哈啊♥、哈啊♥、我♥、我等不及了♥……快點把主人那雄偉的肉棒…♥！」,"""Haa♥ Haa♥ I♥ I can't wait♥... Please hurry with your magnificent cock tentacle...♥!""","「하앗♥, 하앗♥, 저♥, 기다릴 수 없어요♥…… 빨리 주인님의 멋진 자지를…윽♥!」"
,,,,,,
Record.ErenaDLC-21,触手怪人,「グフフッ…そんなに必死におねだりしおって…いいだろう…！」,「グフフッ…そんなに必死におねだりしおって…いいだろう…！」,「咕呼呼…竟然這麼拼命地央求…好吧…！」,"""Gufufu... Begging so desperately... Very well...!""",「크흐흐… 그렇게 필사적으로 조르다니… 좋다…!」
,,,,,,
Record.ErenaDLC-22,,「ご褒美だっ…今日は満足するまでイキ果てさせてやろうっ！」,「ご褒美だっ…今日は満足するまでイキ果てさせてやろうっ！」,「這是獎勵…今天就讓妳滿足地高潮到極限吧！」,"""As a reward... Today I'll make you come until you're satisfied!""",「포상이다… 오늘은 만족할 때까지 가버리게 해주마!」
,,,,,,
Record.ErenaDLC-23,,そして怪人は触手で狙いを定め―――――,そして怪人は触手で狙いを定め―――――,接著怪人用觸手瞄準了目標―――――,Then the fiend took aim with its tentacle...,그리고 괴인은 촉수로 조준하고―――――
,,,,,,
Record.ErenaDLC-24,,ズリュリュリュリュリュッ！ドチュッ！！,ズリュリュリュリュリュッ！ドチュッ！！,滋溜嚕嚕嚕嚕嚕！咚啾！！,Schluurrrrp! Squelch!,즈르르르르르릇! 도츗!!
,Erena　DLC 1-5,,,,,
Record.ErenaDLC-25,エレナ,「―――――お゛おっ♥、ご主人様のぉっ♥♥！来たああっ♥！！」,「―――――お゛おっ♥、ご主人様のぉっ♥♥！来たああっ♥！！」,「―――――喔喔♥、主人的♥♥！進來了啊♥！！」,"""Ohhh♥ Master's♥♥! It's heeere♥!!""","「―――――오옷 옷♥, 주인님의ぉ♥♥! 왔다아앗♥!!」"
,Erena　DLC 1-4,,,,,
Record.ErenaDLC-26,,グチュッ！ドチュッ！ドチュッ！ドチュッ！,グチュッ！ドチュッ！ドチュッ！ドチュッ！,咕啾！咚啾！咚啾！咚啾！,Squelch! Squelch! Squelch!,질척! 질퍽! 질척! 질퍽!
,,,,,,
Record.ErenaDLC-27,,「お゛おっ♥！しゅごいっ♥、ご主人様の触手チンポっ♥、すきっ♥、すきいっ♥！」,「お゛おっ♥！しゅごいっ♥、ご主人様の触手チンポっ♥、すきっ♥、すきいっ♥！」,「喔喔♥！好棒♥、主人的觸手肉棒♥、喜歡♥、喜歡♥！」,"""Ohhh♥! Amazing♥ Master's cock tentacle♥ I love it♥ Love it♥!""","「오옷 오옷♥! 굉장해♥, 주인님의 촉수 자지♥, 좋아♥, 좋아앗♥!」"
,,,,,,
Record.ErenaDLC-28,Erena　DLC 1-5,「ぶっといおちんぽ触手がっ♥、奥までとどいてっ♥、お゛おおっ♥」,「ぶっといおちんぽ触手がっ♥、奥までとどいてっ♥、お゛おおっ♥」,「粗大的肉棒觸手♥、頂到了最深處♥、喔喔♥」,"""The thick cock tentacle♥ is going deep♥ Ohhh♥""","「굵은 자지 촉수가♥, 안쪽까지 닿아서♥, 오옷 오오옷♥」"
,,,,,,
Record.ErenaDLC-29,触手怪人,「グフフっ！気に入ってくれたかね？」,「グフフっ！気に入ってくれたかね？」,「咕呼呼！喜歡嗎？」,"""Gufufu! Do you like it?""",「크흐흐! 마음에 들었나?」
,Erena　DLC 1-4,,,,,
Record.ErenaDLC-30,,「はいっ♥、ご主人様のおちんぽ触手ッ♥、大好きッ♥、大好きですッ♥！」,「はいっ♥、ご主人様のおちんぽ触手ッ♥、大好きッ♥、大好きですッ♥！」,「是的♥、主人的肉棒觸手♥、最喜歡♥、最喜歡了♥！」,"""Yes♥ Master's cock tentacle♥ I love it♥ I love it so much♥!""","「네엣♥, 주인님의 자지 촉수♥, 너무 좋아요♥, 너무 좋아요♥!」"
,,,,,,
Record.ErenaDLC-31,,「もっとっ♥、めちゃくちゃにしてっ♥、ご主人様の触手でっ♥、ぐちゃぐちゃにしてくださいっ♥！」,「もっとっ♥、めちゃくちゃにしてっ♥、ご主人様の触手でっ♥、ぐちゃぐちゃにしてくださいっ♥！」,「再更♥、更混亂一點♥、用主人的觸手♥、把我弄得亂七八糟吧♥！」,"""More♥ Fuck me up♥ With Master's tentacles♥ Fuck me like crazy♥!""","「더♥, 엉망진창으로♥, 주인님의 촉수로♥, 너덜너덜하게 만들어주세요♥!」"
,,,,,,
Record.ErenaDLC-32,触手怪人,「グフフっ、もちろんだっ！」,「グフフっ、もちろんだっ！」,「咕呼呼、當然！」,"""Gufufu, of course!""","「크흐흐, 물론이다!」"
,,,,,,
Record.ErenaDLC-33,,グチュッ！ドチュッ！ドチュッ！ドチュッ！,グチュッ！ドチュッ！ドチュッ！ドチュッ！,咕啾！咚啾！咚啾！咚啾！,Squelch! Squelch! Squelch!,질척! 질퍽! 질척! 질퍽!
,,,,,,
Record.ErenaDLC-34,Erena　DLC 1-5,「お゛おおっ～～～～♥いぎっ♥いいですうっ♥！」,「お゛おおっ～～～～♥いぎっ♥いいですうっ♥！」,「喔喔喔喔～～～～♥要去了♥好棒啊♥！」,"""Ohhhhh♥ Yesss♥ So goood♥!""",「오옷 오오옷~~~~♥ 이잇♥ 좋아요오♥!」
,,,,,,
Record.ErenaDLC-35,,「ご主人様のおチンポが私の中を埋め尽くしてっ♥、一緒になってるみたいっ♥」,「ご主人様のおチンポが私の中を埋め尽くしてっ♥、一緒になってるみたいっ♥」,「主人的肉棒將我的體內填滿♥、就像變成一體一樣♥」,"""Master's cock is filling me up♥ Like we're becoming one♥""","「주인님의 자지가 제 안을 가득 채워서♥, 하나가 된 것 같아요♥」"
,,,,,,
Record.ErenaDLC-36,,「あっ♥、はあっ♥、早くっ…ご主人様の…精液ッ…欲しいですッ♥！」,「あっ♥、はあっ♥、早くっ…ご主人様の…精液ッ…欲しいですッ♥！」,「啊♥、哈啊♥、快點…主人的…精液…我想要♥！」,"""Ah♥ Haa♥ Hurry... Master's... jizz... I want it♥!""","「앗♥, 하앗♥, 빨리… 주인님의… 정액♥… 원해요♥!」"
,,,,,,
Record.ErenaDLC-37,,エレナは甘えるようにマンコで触手怪人の生殖触手を締め付ける。,エレナは甘えるようにマンコで触手怪人の生殖触手を締め付ける。,艾蓮娜像撒嬌般地用小穴夾緊觸手怪人的生殖觸手。,Erena squeezed the tentacle fiend's reproductive appendage affectionately with her body.,엘레나는 애교 부리듯 보지로 촉수 괴인의 생식 촉수를 조인다.
,,,,,,
Record.ErenaDLC-38,触手怪人,「グフフっ、エレナ君は欲しがりだな…。心配するな…沢山出してやるともっ…！」,「グフフっ、エレナ君は欲しがりだな…。心配するな…沢山出してやるともっ…！」,「咕呼呼、艾蓮娜妳真是個貪婪的傢伙啊…。別擔心…我會射很多給妳的…！」,"""Gufufu, Erena, you're so greedy... Don't worry... I'll give you plenty...!""","「크흐흐, 엘레나 군은 욕심쟁이구나…. 걱정 마라… 잔뜩 싸주마…!」"
,,,,,,
Record.ErenaDLC-39,,「！はいっ♥、エレナのおマンコにっ♥、沢山出してくださいっ♥」,「！はいっ♥、エレナのおマンコにっ♥、沢山出してくださいっ♥」,「！是♥、請在艾蓮娜的小穴裡♥、射很多♥」,"""...! Yes♥ Please shoot a huge load inside me♥""","「! 네엣♥, 엘레나의 보지에♥, 잔뜩 싸주세요♥」"
,,,,,,
Record.ErenaDLC-40,,「ご主人様との愛の結晶…♥、沢山怪人の赤ちゃん作りますっ♥！ご主人様と私の遺伝子で出来た怪人っ♥！」,「ご主人様との愛の結晶…♥、沢山怪人の赤ちゃん作りますっ♥！ご主人様と私の遺伝子で出来た怪人っ♥！」,「和主人愛的結晶…♥、我要生很多怪人寶寶♥！由主人和我的基因誕生的怪人♥！」,"""The fruit of our love...♥ I'll make lots of fiend babies♥! Monsters made from Master's and my genes♥!""","「주인님과의 사랑의 결정…♥, 잔뜩 괴인을 만들겠습니다♥! 주인님과 제 유전자로 만들어진 괴인♥!」"
,,,,,,
Record.ErenaDLC-41,,「繁殖するっ♥、もっと怪人の子供たちを作ってっ♥、世界を私達の触手で埋め尽くすのっ♥！」,「繁殖するっ♥、もっと怪人の子供たちを作ってっ♥、世界を私達の触手で埋め尽くすのっ♥！」,「要繁殖♥、要生更多怪人的孩子♥、用我們的觸手將世界填滿♥！」,"""We'll breed♥ Make more fiend children♥ Fill the world with our tentacles♥!""","「번식해서♥, 더 많은 괴인들을 만들어서♥, 세상을 우리들의 촉수로 가득 채울 거예요♥!」"
,,,,,,
Record.ErenaDLC-42,,ズリュリュリュリュリュッ！ドチュッ！！,ズリュリュリュリュリュッ！ドチュッ！！,滋溜嚕嚕嚕嚕嚕！咚啾！！,Schluurrrrp! Squelch!,즈르르르르르릇! 도츗!!
,,,,,,
Record.ErenaDLC-43,触手怪人,「グフフっ、今出してやるッ！さあ、しっかり受精しろっ！」,「グフフっ、今出してやるッ！さあ、しっかり受精しろっ！」,「咕呼呼、我現在就射給妳！來，好好地受精吧！」,"""Gufufu, I'm coming now! Now, make sure you conceive!""","「크흐흐, 지금 싸주마! 자, 제대로 수정해라!」"
,,,,,,
Record.ErenaDLC-44,Erena　DLC 1-6,ドクンッ！ドクドクドクッ！！,ドクンッ！ドクドクドクッ！！,噗滋！噗滋噗滋！！,"Throb!! Throb, throb!!",도쿤! 도크도크도크!!
,,,,,,
Record.ErenaDLC-45,,「お゛おおっ♥！、ご主人様の怪人遺伝子っ♥、私のおまんこにっ♥！」,「お゛おおっ♥！、ご主人様の怪人遺伝子っ♥、私のおまんこにっ♥！」,「喔喔喔♥！、主人的怪人基因♥、射到我的小穴裡了♥！」,"""Ohhh♥! Master's fiend genes♥ Inside me♥!""","「오옷 오오옷♥!, 주인님의 괴인 유전자♥, 제 보지에♥!」"
,,,,,,
Record.ErenaDLC-46,,ドクッ！ドクンッ！！,ドクッ！ドクンッ！！,噗滋！噗滋！！,Throb! Throb!,도큣! 도쿤!!
,,,,,,
Record.ErenaDLC-47,Erena　DLC 1-7,「お゛ほっ♥、いきおいすごいぃっ♥、私の怪人おまんこっ♥、満たされてるっ♥！！」,「お゛ほっ♥、いきおいすごいぃっ♥、私の怪人おまんこっ♥、満たされてるっ♥！！」,「喔齁♥、好強勁♥、我的怪人小穴♥、被填滿了♥！！」,"""Ohh♥ So powerful♥ My fiend pussy♥ Being filled♥!!""","「오옷 홋♥, 기세 굉장해요♥, 제 괴인 보지♥, 채워지고 있어♥!!」"
,,,,,,
Record.ErenaDLC-48,,「お゛おおっ～～♥まだっ、出てるっ♥、こんなのっ♥、最強の触手怪人できちゃうううっ♥！！」,「お゛おおっ～～♥まだっ、出てるっ♥、こんなのっ♥、最強の触手怪人できちゃうううっ♥！！」,「喔喔喔喔～～♥還在、流出來♥、這樣的話♥、最強的觸手怪人就要誕生了♥！！」,"""Ohhh♥ Still coming♥ Like this♥ We'll make the strongest tentacle fiends♥!!""","「오옷 오오옷~~♥ 아직, 나오고 있어♥, 이런 건♥, 최강의 촉수 괴인이 태어나버려어어엇♥!!」"
,,,,,,
Record.ErenaDLC-49,,ドクンッ！ドクドクドクッ！！,ドクンッ！ドクドクドクッ！！,噗滋！噗滋噗滋！！,"Throb!! Throb, throb!!",도쿤! 도크도크도크!!
,,,,,,
Record.ErenaDLC-50,,「あはっ…♥、ご主人様の精液がこんなにっ♥…うれしいっ♥…！」,「あはっ…♥、ご主人様の精液がこんなにっ♥…うれしいっ♥…！」,「啊哈…♥、主人的精液這麼多♥…好開心♥…！」,"""Aha...♥ So much of Master's jizz♥... I'm so happy♥...!""","「아핫…♥, 주인님의 정액이 이렇게나…♥… 기뻐요…♥!」"
,,,,,,
Record.ErenaDLC-51,,「ああっ♥…沢山受精しているのが分かりますっ…♥沢山の怪人の赤ちゃんが今私の中に…♥」,「ああっ♥…沢山受精しているのが分かりますっ…♥沢山の怪人の赤ちゃんが今私の中に…♥」,「啊啊♥…我知道有很多受精了♥…好多怪人寶寶現在在我的體內…♥」,"""Ahh♥... I can feel so much fertilization happening...♥ So many fiend babies inside me now...♥""",「아앗♥… 잔뜩 수정되고 있는 게 느껴져요…♥ 많은 괴인의 씨앗이 지금 제 안에…♥」
,,,,,,
Record.ErenaDLC-52,,「はいっ♥、触手の赤ちゃんっ…沢山産みますッ♥！」,「はいっ♥、触手の赤ちゃんっ…沢山産みますッ♥！」,「是的♥、觸手寶寶♥…我會生很多的♥！」,"""Yes♥ I'll give birth♥ To lots of tentacle babies♥""","「네엣♥, 촉수쨩들… 잔뜩 낳을게요♥!」"
,,,,,,
Record.ErenaDLC-53,,「怪人に改造してもらってよかったっ♥、だってっ♥…こんなに沢山ご主人様と愛し合えるんですからっ…♥」,「怪人に改造してもらってよかったっ♥、だってっ♥…こんなに沢山ご主人様と愛し合えるんですからっ…♥」,「還好有被改造成怪人♥、因為♥…這樣就能和主人盡情地相愛了♥…」,"""I'm so glad I was turned into a fiend♥ So I can have so much sex with you, Master♥""","「괴인으로 개조받아서 다행이야♥, 왜냐면♥… 이렇게나 많이 주인님과 사랑을 나눌 수 있으니까요…♥」"
,,,,,,
Record.ErenaDLC-54,,「あはっ♥、もっと繁殖っ♥、もっとご主人様の遺伝子をもらってっ♥、繁殖したいですっ♥！」,「あはっ♥、もっと繁殖っ♥、もっとご主人様の遺伝子をもらってっ♥、繁殖したいですっ♥！」,「啊哈♥、要更多繁殖♥、得到更多主人的基因♥、我想繁殖♥！」,"""Haha♥ We'll breed more♥ I want more of your genes♥ So I can give birth to more babies!""","「아핫♥, 좀 더 번식♥, 더욱 주인님의 유전자를 받아서♥, 번식하고 싶어요♥!」"
,,,,,,
Record.ErenaDLC-55,,「グフフっ、可愛い奴めっ…！私も期待に応えてやらんとなっ…！」,「グフフっ、可愛い奴めっ…！私も期待に応えてやらんとなっ…！」,「咕呼呼、真是可愛的傢伙…！我也得回應妳的期待才行啊…！」,"""You're an adorable one. I must live up to your expectations!""","「크흐흐, 귀여운 녀석…! 나도 기대에 부응해야겠군…!」"
,,,,,,
Record.ErenaDLC-56,,そして触手怪人の繁殖用触手が再びエレナの膣内でうごめき始める。,そして触手怪人の繁殖用触手が再びエレナの膣内でうごめき始める。,接著觸手怪人的繁殖用觸手再次在艾蓮娜的陰道內蠕動起來。,The reproductive tentacle started moving again inside Elena's vagina.,그리고 촉수 괴인의 번식용 촉수가 다시 엘레나의 질 내에서 꿈틀거리기 시작한다.
,,,,,,
Record.ErenaDLC-57,,「ああんっ♥、すごいっ♥、またっ♥、ご主人様のおちんぽっ♥…おおきくなってっ…♥」,「ああんっ♥、すごいっ♥、またっ♥、ご主人様のおちんぽっ♥…おおきくなってっ…♥」,「啊嗯♥、好厲害♥、又♥、主人的肉棒♥…變大了…♥」,"""Annnn♥ So great♥ Your cock♥ It's getting bigger again♥""","「아앙♥, 굉장해♥, 또♥, 주인님의 자지♥… 커지고 있어…♥」"
,,,,,,
Record.ErenaDLC-58,,「あはっ♥、こんな世界があったなんてっ♥…わたしっ♥、怪人になれてっ…幸せですうっ♥」,「あはっ♥、こんな世界があったなんてっ♥…わたしっ♥、怪人になれてっ…幸せですうっ♥」,「啊哈♥、竟然有這樣一個世界♥…我♥、能成為怪人♥…好幸福啊♥」,"""I never knew about this happy world♥ I... am so happy♥ to have become a fiend♥""","「아핫♥, 이런 세계가 있었다니♥… 나♥, 괴인이 되어서… 행복해요♥」"
,,,,,,
Record.ErenaDLC-59,,グチュッ、ズルルッ、ヌルッ、ズルルルッ……,グチュッ、ズルルッ、ヌルッ、ズルルルッ……,咕啾、滋溜、咕嚕、滋嚕嚕嚕……,"Squelch, slurp, slip, slurrrp...","질척, 스르륵, 미끌, 스르르륵……"
,,,,,,
Record.ErenaDLC-60,,もはやどちらの触手かもわからないほど絡まりあい、大量の粘液が部屋を満たす。,もはやどちらの触手かもわからないほど絡まりあい、大量の粘液が部屋を満たす。,已經分不清到底是誰的觸手，它們相互纏繞，大量的黏液充滿了整個房間。,"Their tentacles became so entwined that no one could tell whose tentacles they were, and the room was filled with slimes.","이제 어느 쪽의 촉수인지 알 수 없을 정도로 얽히고, 대량의 점액이 방을 채운다."
,,,,,,
Record.ErenaDLC-61,,グチュッ、ズルルッ、ヌルッヌルッ、ズルルルッ,グチュッ、ズルルッ、ヌルッヌルッ、ズルルルッ,咕啾、滋溜、咕嚕咕嚕、滋嚕嚕嚕,"Squelch, slurp, slip, slurrrp...","질척, 스르륵, 미끌미끌, 스르르륵"
,,,,,,
Record.ErenaDLC-62,,そして2体の触手怪人はその後も幸せな繁殖を続け、大量の怪人を産み続けるのだった。,そして2体の触手怪人はその後も幸せな繁殖を続け、大量の怪人を産み続けるのだった。,之後，這兩隻觸手怪人也持續著幸福的繁殖，不斷地生出大量的怪人。,The two tentacle fiends kept breeding happy and gave birth to more fiends.,"그리고 두 마리의 촉수 괴인은 그 후로도 행복한 번식을 계속하며, 대량의 괴인을 계속 낳는 것이었다."
,,,,,,
Record.ErenaDLC-63,,―――――――――,―――――――――,―――――――――,―――――――――,―――――――――
,,,,,,
Record.ErenaDLC-64,,――――――,――――――,――――――,――――――,――――――
,,,,,,
Record.ErenaDLC-65,,―――,―――,―――,―――,―――