Key,Japanese,English,Traditional Chinese,Simplified Chinese,Japanese_Steam,English_Steam,Traditional Chinese_Steam,Simplified Chinese_Steam,Korean_Steam
TitleScene,タイトル画面,TitleScene,タイトル画面,タイトル画面,タイトル画面,TitleScene,タイトル畫面,タイトル画面,타이틀 화면
System.NewGame,New Game,New Game,New Game,New Game,New Game,New Game,New Game,New Game,New Game
System.Load,Load,Load,Load,Load,Load,Load,Load,Load,Load
System.Gallery,Gallery,Gallery,Gallery,Gallery,Gallery,Gallery,Gallery,Gallery,Gallery
System.Option,Option,Option,Option,Option,Option,Option,Option,Option,Option
System.Credit,Credit,Credit,Credit,Credit,Credit,Credit,Credit,Credit,Credit
System.Exit,Exit,Exit,Exit,Exit,Exit,Exit,Exit,Exit,Exit
HomeScene,ホーム画面,HomeScene,ホーム画面,ホーム画面,ホーム画面,HomeScene,ホーム畫面,ホーム画面,홈 화면
System.Memory,回想,Memory,回想,回想,回想,Memory,回想,回想,회상
System.SwitchCharacter,画面キャラ変更,Change Character,更換角色,更换角色,画面キャラ変更,Change Character,更換角色,更换角色,캐릭터 변경
System.BlackMarket,闇市,Black Market,黑市,黑市,闇市,Black Market,黑市,黑市,암시장
System.Record,侵食記録,Record,侵蝕記録,侵蚀记录,侵食記録,Record,侵蝕記録,侵蚀记录,침식 기록
System.Action,活動,Operation,活動,活动,活動,Operation,活動,活动,활동
System.Training,調教,Training,調教,调教,調教,Training,調教,调教,조교
System.CharacterBuilding,キャラクター育成,Character Building,角色育成,角色育成,キャラクター育成,Character Building,角色育成,角色育成,캐릭터 육성
System.Formation,キャラクター編成,Formation,角色編成,角色编成,キャラクター編成,Formation,角色編成,角色编成,캐릭터 편성
System.ResearchPoint,研究ポイント,Research Pts,研究點數,研究点数,研究ポイント,Research Pts,研究點數,研究点数,연구 포인트
System.Money,資金,Money,資金,资金,資金,Money,資金,资金,자금
System.Mood,心情：,Mood:,心情：,心情：,心情：,Mood:,心情：,心情：,심정:
System.Dark,闇落ち,Corrupt,惡墮,恶堕,闇落ち,Corrupt,惡墮,恶堕,타락
System.CoreResearch,聖核研究進度,Core Research,聖核研究進度,圣核研究进度,聖核研究進度,Core Research,聖核研究進度,圣核研究进度,성핵 연구 진척도
System.PickTraining,調教方法を選択：,Pick your training:,選擇調教方法：,选择调教方法：,調教方法を選択：,Pick your training:,選擇調教方法：,选择调教方法：,조교 방법 선택:
System.HornyTraining,淫乱調教,Horniness,淫亂調教,淫乱调教,淫乱調教,Horniness,淫亂調教,淫乱调教,음란 조교
System.BrainwashTraining,洗脳調教,Brainwash,洗腦調教,洗脑调教,教育調教,Re-education,教育調教,教育调教,교육 조교
System.HolyCoreTraining,聖核研究,Seikaku Research,聖核研究,圣核研究,聖核研究,Seikaku Research,聖核研究,圣核研究,성핵 연구
System.ResearchPointCost,研究ポイント消耗：,Research Pts Cost:,消耗研究點數：,消耗研究点数：,研究ポイント消耗：,Research Pts Cost:,消耗研究點數：,消耗研究点数：,연구 포인트 소모:
System.ResearchComplete,調教完了,Training Complete,調教結束,调教结束,調教完了,Training Complete,調教結束,调教结束,조교 완료
System.ResearchConditionDaiya,洗脳調教の終わりに解放,,調教結束後開放,调教结束后开放,教育調教の終わりに解放,Unlock after Re-education,調教結束後開放,调教结束后开放,조교 완료 시 해금
System.Back,戻る,Back,退出,退出,戻る,Back,退出,退出,확정
System.Confirm,確定,Confirm,確定,确定,確定,Confirm,確定,确定,설정
System.OptionPanel,設定,Option,設定,设定,設定,Option,設定,设定,공격력:
System.Attack,攻撃力：,ATK: ,攻撃力：,攻撃力：,攻撃力：,ATK: ,攻擊力：,攻撃力：,LV:
System.Level,LV：,LV: ,LV：,LV：,LV：,LV: ,LV：,LV：,체력:
System.HP,体力：,HP: ,HP：,HP：,体力：,HP: ,HP：,HP：,SP:
System.MP,SP：,SP: ,SP：,SP：,SP：,SP: ,SP：,SP：,방어력:
System.Defense,防御力：,DEF: ,防御：,防御：,防御力：,DEF: ,防禦：,防御：,민첩성:
System.Speed,素早さ：,SPD: ,敏捷：,敏捷：,素早さ：,SPD: ,敏捷：,敏捷：,특수기:
System.Skill,特殊技：,Skill: ,技能：,技能：,特殊技：,Skill: ,技能：,技能：,장비
System.Equipment,装備,Equipment,装備,装备,装備,Equipment,裝備,装备,자료
System.CharacterData,資料,Info,資料,资料,資料,Info,資料,资料,육성
System.CharacterUpgrade,育成,Upgrade,育成,育成,育成,Upgrade,育成,育成,레벨 상승
System.LevelUp,レベルアップ,Level up,升級,升级,レベルアップ,Level up,升級,升级,레벨 상한
System.LevelMax,レベル上限,Max,滿級,满级,レベル上限,Max,滿級,满级,자금 비용
System.Cost,資金コスト,Cost,資金消耗,资金消耗,資金コスト,Cost,資金消耗,资金消耗,미개방
System.Locked,未開放,Locked,未開放,未开放,未開放,Locked,未開放,未开放,개방
System.Unlock,解放,Unlock,解放,解放,解放,Unlock,解放,解放,회복
System.Regenerate,回復,Regenerate,回復,回复,回復,Regenerate,回復,回复,회복 비용
System.RegenerateCost,回復コスト,Cost,所需資金,所需资金,回復コスト,Cost,所需資金,所需资金,인벤토리
System.Inventory,インベントリ,Inventory,物品欄,物品栏,インベントリ,Inventory,物品欄,物品栏,SP 소모:
System.SPCost,SP消耗：,SP Cost: ,SP消耗：,SP消耗：,SP消耗：,SP Cost: ,SP消耗：,SP消耗：,효과 대상:
System.EffectTarget,効果対象：,Target: ,効果対象：,効果対象：,効果対象：,Target: ,效果對象：,効果対象：,적 단일
System.EffectEnemy,敵単体,Single,敵単体,敌単体,敵単体,Single,對單體敵人,敌単体,적 (복수)
System.EffectEnemyAoE,敵(複数),AoE,敵(複数),敌(复数),敵(複数),AoE,全體敵人,敌(复数),사용자
System.EffectSelf,使用者,Self,使用者,使用者,使用者,Self,使用者,使用者,아군 전체
System.EffectSelfAoE,味方全体,Teammate (AoE),隊友全体,队友全体,味方全体,Teammate (AoE),隊友全體,队友全体,아군
System.EffectTeam,味方,Teammate,隊友,队友,味方,Teammate,隊友,队友,종류
System.AbilityType,種類,Category,種類,种类,種類,Category,種類,种类,공격
System.AbilityAttack,攻撃,Attack,攻撃,攻撃,攻撃,Attack,攻擊,攻撃,회복
System.AbilityHeal,回復,Heal,回復,回复,回復,Heal,回復,回复,상태
System.AbilityBuff,状態,Buff,状態,状态,状態,Buff,狀態,状态,특수
System.AbilitySpecial,特殊,Special,特殊,特殊,特殊,Special,特殊,特殊,턴
System.Turn,ターン,Turn,回合,回合,ターン,Turn,回合,回合,없음
System.None,なし,None,無,无,なし,None,無,无,차지
System.Cooldown,チャージ,Charge,冷卻,冷却,チャージ,Charge,冷卻,冷却,특수기 미보유
System.AbilityAbsent,特殊技を持っていない,No usable skill,沒有可以用的技能,没有可以用的技能,特殊技を持っていない,No usable skill,沒有可以用的技能,没有可以用的技能,데이터 이상
System.FileCorrupted,データ異常,File corrupted,資料異常,资料异常,データ異常,File corrupted,資料異常,资料异常,저장하기
System.Save,セーブ,Save,保存,保存,セーブ,Save,保存,保存,불러오기
System.LoadFile,ロード,Load,讀取,读取,ロード,Load,讀取,读取,자동저장
System.AutoSave,オートセーブ,Auto Save,自動存檔,自动存档,オートセーブ,Auto Save,自動存檔,自动存档,취소하기
System.Cancel,キャンセル,Cancel,取消,取消,キャンセル,Cancel,取消,取消,
System.ConfirmSave,スロット<color=yellow>{0}</color>にセーブしますか？,Save to file <color=yellow>{0}</color>?,保存到位置<color=yellow>{0}</color>嗎？,保存到位置<color=yellow>{0}</color>吗？,スロット<color=yellow>{0}</color>にセーブしますか？,Save to file <color=yellow>{0}</color>?,保存到位置<color=yellow>{0}</color>嗎？,保存到位置<color=yellow>{0}</color>吗？,슬롯 <color=yellow>{0}</color>에 저장하시겠습니까?
System.ConfirmReplace,スロット<color=yellow>{0}</color>のデータを上書きしますか？,Replace the save file on slot <color=yellow>{0}</color>?,確定要覆蓋掉位置<color=yellow>{0}</color>的存檔嗎？,确定要覆盖掉位置<color=yellow>{0}</color>的存档吗？,スロット<color=yellow>{0}</color>のデータを上書きしますか？,Replace the save file on slot <color=yellow>{0}</color>?,確定要覆蓋掉位置<color=yellow>{0}</color>的存檔嗎？,确定要覆盖掉位置<color=yellow>{0}</color>的存档吗？,슬롯 <color=yellow>{0}</color>의 데이터를 덮어쓰시겠습니까?
System.ConfirmLoad,スロット<color=yellow>{0}</color>をロードしますか？,Load data <color=yellow>{0}</color>?,讀取位置<color=yellow>{0}</color>的存檔？,读取位置<color=yellow>{0}</color>的存档？,スロット<color=yellow>{0}</color>をロードしますか？,Load data <color=yellow>{0}</color>?,讀取位置<color=yellow>{0}</color>的存檔？,读取位置<color=yellow>{0}</color>的存档？,슬롯 <color=yellow>{0}</color>을 불러오시겠습니까?
System.InsertComment,注釈を付ける...,Add note...,加上注釋...,加上注释...,注釈を付ける...,Add note...,加上注釋...,加上注释...,주석 달기...
System.Close,閉じる,Close,關閉,关闭,閉じる,Close,關閉,关闭,닫기
System.NewAbility,特殊技習得！,New ability learned!,獲取新技能！,获取新技能！,特殊技習得！,New ability learned!,獲取新技能！,获取新技能！,특수기 습득!
System.EquipmentType,品質,Quality,品質,品质,品質,Quality,品質,品质,품질
System.EquipmentNormal,普通,Normal,普通,普通,普通,Normal,普通,普通,보통
System.EquipmentRare,逸品,Rare,逸品,逸品,逸品,Rare,逸品,逸品,일품
System.EquipmentHoly,聖核装備,Seikaku Equipment,聖核装備,圣核装备,聖核装備,Seikaku Equipment,聖核裝備,圣核装备,성핵 장비
System.ReturnToTitle,タイトルメニューに戻る,Return to title,回到主菜單,回到主菜单,タイトルメニューに戻る,Return to title,回到主選單,回到主菜单,타이틀 메뉴로 돌아가기
System.Retry,リトライ,Retry,重試,重试,リトライ,Retry,重試,重试,재시도
System.Understood,了解,Understood,了解,了解,了解,Understood,瞭解,了解,확인
System.PanelUnavailable,"未開放
聖核戦姫を捕獲せよ","Not available
Go capture a Seikaku-princess!","未開放
請去抓捕聖核戦姫","未开放
请去抓捕圣核戦姫","未開放
聖核戦姫を捕獲せよ","Not available
Go capture a Seikaku-princess!","未開放
請去抓捕聖核戰姬","未开放
请去抓捕圣核戦姫","미개방
성핵전희를 포획하라"
System.RewardItem,アイテム獲得,Item reward,獲得物品,获得物品,アイテム獲得,Item reward,獲得物品,获得物品,아이템 획득
System.Reward,成果報酬,Reward,報酬,报酬,成果報酬,Reward,報酬,报酬,성과 보수
System.Receive,受取,Accept,接受,接受,受取,Accept,接受,接受,수령
System.Heroin,聖核戦姫,Seikaku-princess,聖核戦姫,圣核戦姫,聖核戦姫,Seikaku-princess,聖核戰姬,圣核戦姫,성핵전희
System.Trapped,{s}を捕獲完了！,{s} captured!,成功捕獲{s}！,成功捕获{s}！,{s}を捕獲完了！,{s} captured!,成功捕獲{s}！,成功捕获{s}！,{s} 포획 완료!
System.KeiDowngrade,「{0}」が下級戦闘員「{1}」に降格されました。,,「{0}」被降級成了「{1}」。,「{0}」被降级成了「{1}」。,「{0}」が下級戦闘員「{1}」に降格されました。,"""{0}"" has been relegated to ""{1}.""",「{0}」被降級成了「{1}」。,「{0}」被降级成了「{1}」。,조교 화면이 업데이트되었습니다
System.TrainPanelUpdate,調教画面がアップデートされました,Training panel have been updated.,調教画面的內容更新了。,调教画面的内容更新了。,調教画面がアップデートされました,Training panel have been updated.,調教畫面的內容更新了。,调教画面的内容更新了。,로그
System.NovelLog,ログ,Log,記錄,记录,ログ,Log,記錄,记录,자동 시작・정지
System.NovelAuto,オート開始・停止,Auto (ON/OFF),自動播放 (ON/OFF),自动播放 (ON/OFF),オート開始・停止,Auto (ON/OFF),自動播放 (ON/OFF),自动播放 (ON/OFF),스킵
System.NovelSkip,スキップ,Skip,跳過,跳过,スキップ,Skip,跳過,跳过,UI 숨기기
System.NovelHide,UI非表示,Hide UI,隱藏UI,隐藏UI,UI非表示,Hide UI,隱藏UI,隐藏UI,
System.NewBattler,{s}をチームに編入することが可能となりました,You can now include {s} into party! ,現在可以把{s}編入進隊伍裡了！,现在可以把{s}编入进队伍里了！,{s}をチームに編入することが可能となりました,You can now include {s} into party! ,現在可以把{s}編入進隊伍裡了！,现在可以把{s}编入进队伍里了！,"{s}, 팀에 편입할 수 있게 되었습니다"
System.NewCoreEquipment,"{s}を獲得しました！
キャラクター育成画面でアイテムを装備できます。","Get new item {s}!
Equip item at Character Building Panel.","獲得裝備: {s}！
可以到角色育成畫面裝備到角色上。","获得装备: {s}！
可以到角色育成画面装备到角色上。","{s}を獲得しました！
キャラクター育成画面でアイテムを装備できます。","Get new item {s}!
Equip item at Character Building Panel.","獲得裝備: {s}！
可以到角色育成畫面裝備到角色上。","获得装备: {s}！
可以到角色育成画面装备到角色上。","{s}, 획득했습니다!
캐릭터 육성 화면에서 아이템을 장비할 수 있습니다."
System.Storage,収納庫,Storage,收納庫,收纳库,収納庫,Storage,收納庫,收纳库,수납고
Systeｍ.Requirement,解放条件:,Requirement: ,解放条件:,解放条件:,解放条件:,Requirement: ,解放條件:,解放条件:,개방 조건:
System.HornyTrained,淫乱調教完了,Horniness Training,淫乱調教完成,淫乱调教完成,淫乱調教完了,Horniness Training,淫亂調教完成,淫乱调教完成,음란 조교 완료
System.NewAbilityTraining,{s}が新しい特殊技を覚えました。,{s} learnt new special ability.,{s}學到新特殊技能了。,{s}学到新特殊技能了。,{s}が新しい特殊技を覚えました。,{s} learnt new special ability.,{s}學到新特殊技能了。,{s}学到新特殊技能了。,"{s}, 새로운 특수기를 익혔습니다."
System.NewRecord,"オペレーションの間にアジトである起き事が発生しました
今記録を見ますか？","During the operation, some event happened in the hideout.
Check the record now?","行動中基地裡發生了一點事情。
現在觀看記錄嗎？","行动中基地里发生了一点事情。
现在观看记录吗？","オペレーションの間にアジトである起き事が発生しました
今記録を見ますか？","During the operation, some event happened in the hideout.
Check the record now?","行動期間基地裡發生了一點事情。
現在觀看記錄嗎？","行动中基地里发生了一点事情。
现在观看记录吗？","오퍼레이션 중에 아지트에서 어떤 일이 발생했습니다
지금 기록을 보시겠습니까?"
System.CheckRecordNow,今見る,Yes,現在觀看,现在观看,今見る,Yes,現在觀看,现在观看,지금 본다
System.CheckRecordLater,後にする,Later,等下才看,等下才看,後にする,Later,稍後觀看,等下才看,추후 확인
System.RecordTutorial,画面左側の「{s}」ボタンで記録を確認できます。,You can check records at [{s}] button.,您可以在左側的「{s}」查看記錄。,您可以在左侧的「{s}」查看记录。,画面左側の「{s}」ボタンで記録を確認できます。,You can check records at [{s}] button.,您可以在左側的「{s}」查看記錄。,您可以在左侧的「{s}」查看记录。,화면 왼쪽의 「{s}」 버튼으로 기록을 확인할 수 있습니다.
System.EndCredit,終わり,,結束,结束,終わり,End,結束,结束,끝
System.BackToTitle,"タイトル画面に戻りますか？
セーブしていないデータが消えます。","Back to title scene?
Unsaved data will be gone forever.",回到主菜單,回到主菜单,"タイトル画面に戻りますか？
セーブしていないデータが消えます。","Back to title scene?
Unsaved data will be gone forever.",回到主選單,回到主菜单,"타이틀 화면으로 돌아가시겠습니까?
저장하지 않은 데이터가 사라집니다."
Memory,回想,Memory,回想,回想,回想,Memory,回想,回想,회상
Memory.Akiho_1,明穂 - 痴漢,Akiho - Chikan,明穗 - 痴漢,明穗 - 痴汉,明穂 - 痴漢,Akiho - Chikan,明穗 - 痴漢,明穗 - 痴汉,아키호 - 치한
Memory.Akiho_2,明穂 - 敗北,Akiho - Defeat,明穗 - 敗北,明穗 - 败北,明穂 - 敗北,Akiho - Defeat,明穗 - 失敗,明穗 - 败北,아키호 - 패배
Memory.Rikka_1,立花 - 身体検査,Rikka - Body check,立花 - 身体検査,立花 - 身体検查,立花 - 身体検査,Rikka - Body check,立花 - 身體檢查,立花 - 身体検查,릿카 - 신체검사
Memory.Erena_1,エレナ - オナニー,Erena - Masturbation,艾蓮娜 - 自慰,艾莲娜 - 自慰,エレナ - オナニー,Erena - Masturbation,艾蓮娜 - 自慰,艾莲娜 - 自慰,엘레나 - 자위
Memory.Erena_2,エレナ - 性奉仕 I,Erena - Sex service I,艾蓮娜 - 性奉仕 I,艾莲娜 - 性奉仕 I,エレナ - 性奉仕 I,Erena - Sex service I,艾蓮娜 - 性侍奉 I,艾莲娜 - 性侍奉 I,엘레나 - 성봉사 I
Memory.Erena_3,エレナ - 性奉仕 II,Erena - Sex service II,艾蓮娜 - 性奉仕 II,艾莲娜 - 性奉仕 II,エレナ - 性奉仕 II,Erena - Sex service II,艾蓮娜 - 性侍奉 II,艾莲娜 - 性侍奉 II,엘레나 - 성봉사 II
Memory.Kei_1,京 - ハッキング,Kei - Hacking,京 - 黑客,京 - 黑客,京 - ハッキング,Kei - Hacking,京 - 黑客,京 - 黑客,케이 - 해킹
Memory.Kei_2,京 - 捕獲,Kei - Captured,京 - 捕獲,京 - 捕获,京 - 捕獲,Kei - Captured,京 - 捕獲,京 - 捕获,케이 - 포획
Memory.Nayuta_1,那由多 - 捕獲,Nayuta - Captured,那由多 - 捕獲,那由多 - 捕获,那由多 - 捕獲,Nayuta - Captured,那由多 - 捕獲,那由多 - 捕获,나유타 - 포획
Memory.Nayuta_2,決戦,Final Battle,決戰,决战,決戦,Final Battle,決戰,决战,결전
Memory.AkihoBrainWash_1,明穂 - おっぱい改造実験 I,Akiho - Tits experiment I,明穗 - 胸部改造實驗 I,明穗 - 胸部改造实验 I,明穂 - おっぱい改造実験 I,Akiho - Tits experiment I,明穗 - 胸部改造實驗 I,明穗 - 胸部改造实验 I,아키호 - 가슴 개조 실험 I
Memory.AkihoBrainWash_2,明穂 - おっぱい改造実験 II,Akiho - Tits experiment II,明穗 - 胸部改造實驗 II,明穗 - 胸部改造实验 II,明穂 - おっぱい改造実験 II,Akiho - Tits experiment II,明穗 - 胸部改造實驗 II,明穗 - 胸部改造实验 II,아키호 - 가슴 개조 실험 II
Memory.AkihoBrainWash_3,明穂 - おっぱい改造実験 III,Akiho - Tits experiment III,明穗 - 胸部改造實驗 III,明穗 - 胸部改造实验 III,明穂 - おっぱい改造実験 III,Akiho - Tits experiment III,明穗 - 胸部改造實驗 III,明穗 - 胸部改造实验 III,아키호 - 가슴 개조 실험 III
Memory.AkihoCore_1,明穂 - 聖核研究 I,Akiho - Seikaku Research I,明穗 - 聖核研究 I,明穗 - 圣核研究 I,明穂 - 聖核研究 I,Akiho - Seikaku Research I,明穗 - 聖核研究 I,明穗 - 圣核研究 I,아키호 - 성핵 연구 I
Memory.AkihoCore_2,明穂 - 聖核研究 II,Akiho - Seikaku Research II,明穗 - 聖核研究 II,明穗 - 圣核研究 II,明穂 - 聖核研究 II,Akiho - Seikaku Research II,明穗 - 聖核研究 II,明穗 - 圣核研究 II,아키호 - 성핵 연구 II
Memory.AkihoHorny_1,明穂 - 性奉仕 I,Akiho - Sex service I,明穗 - 性侍奉 I,明穗 - 性侍奉 I,明穂 - 性奉仕 I,Akiho - Sex service I,明穗 - 性侍奉 I,明穗 - 性侍奉 I,아키호 - 성봉사 I
Memory.AkihoHorny_2,明穂 - 性奉仕 II,Akiho - Sex service II,明穗 - 性侍奉 II,明穗 - 性侍奉 II,明穂 - 性奉仕 II,Akiho - Sex service II,明穗 - 性侍奉 II,明穗 - 性侍奉 II,아키호 - 성봉사 II
Memory.RikkaBrainWash_1,立花 - 戦闘員化 I,Rikka - Normalization I,立花 - 戰鬥員化 I,立花 - 战斗员化 I,立花 - 戦闘員化 I,Rikka - Normalization I,立花 - 戰鬥員化 I,立花 - 战斗员化 I,릿카 - 전투원화 I
Memory.RikkaBrainWash_2,立花 - 戦闘員化 II,Rikka - Normalization II,立花 - 戰鬥員化 III,立花 - 战斗员化 III,立花 - 戦闘員化 II,Rikka - Normalization II,立花 - 戰鬥員化 III,立花 - 战斗员化 III,릿카 - 전투원화 II
Memory.RikkaBrainWash_3,立花 - 戦闘員化 III,Rikka - Normalization III,立花 - 戰鬥員化 III,立花 - 战斗员化 III,立花 - 戦闘員化 III,Rikka - Normalization III,立花 - 戰鬥員化 III,立花 - 战斗员化 III,릿카 - 전투원화 III
Memory.RikkaCore_1,立花 - 聖核研究 I,Rikka - Seikaku Research I,立花 - 聖核研究 I,立花 - 圣核研究 I,立花 - 聖核研究 I,Rikka - Seikaku Research I,立花 - 聖核研究 I,立花 - 圣核研究 I,릿카 - 성핵 연구 I
Memory.RikkaCore_2,立花 - 聖核研究 II,Rikka - Seikaku Research II,立花 - 聖核研究 II,立花 - 圣核研究 II,立花 - 聖核研究 II,Rikka - Seikaku Research II,立花 - 聖核研究 II,立花 - 圣核研究 II,릿카 - 성핵 연구 II
Memory.RikkaHorny_1,立花 - オナニーショー I,Rikka - Masturbation Show I,立花 - 自慰節目 I,立花 - 自慰节目 I,立花 - オナニーショー I,Rikka - Masturbation Show I,立花 - 自慰節目 I,立花 - 自慰节目 I,릿카 - 자위 쇼 I
Memory.RikkaHorny_2,立花 - オナニーショー II,Rikka - Masturbation Show II,立花 - 自慰節目 II,立花 - 自慰节目 II,立花 - オナニーショー II,Rikka - Masturbation Show II,立花 - 自慰節目 II,立花 - 自慰节目 II,릿카 - 자위 쇼 II
Memory.ErenaBrainWash_1,エレナ - 家畜化 I,Erena - Domestication I,艾蓮娜 - 家畜化 I,艾莲娜 - 家畜化 I,エレナ - 家畜化 I,Erena - Domestication I,艾蓮娜 - 家畜化 I,艾莲娜 - 家畜化 I,엘레나 - 가축화 I
Memory.ErenaBrainWash_2,エレナ - 家畜化 II,Erena - Domestication II,艾蓮娜 - 家畜化 II,艾莲娜 - 家畜化 II,エレナ - 家畜化 II,Erena - Domestication II,艾蓮娜 - 家畜化 II,艾莲娜 - 家畜化 II,엘레나 - 가축화 II
Memory.ErenaBrainWash_3,エレナ - 家畜化 III,Erena - Domestication III,艾蓮娜 - 家畜化 III,艾莲娜 - 家畜化 III,エレナ - 家畜化 III,Erena - Domestication III,艾蓮娜 - 家畜化 III,艾莲娜 - 家畜化 III,엘레나 - 가축화 III
Memory.ErenaCore_1,エレナ - 聖核研究 I,Erena - Seikaku Research I,艾蓮娜 - 聖核研究 I,艾莲娜 - 圣核研究 I,エレナ - 聖核研究 I,Erena - Seikaku Research I,艾蓮娜 - 聖核研究 I,艾莲娜 - 圣核研究 I,엘레나 - 성핵 연구 I
Memory.ErenaCore_2,エレナ - 聖核研究 II,Erena - Seikaku Research II,艾蓮娜 - 聖核研究 II,艾莲娜 - 圣核研究 II,エレナ - 聖核研究 II,Erena - Seikaku Research II,艾蓮娜 - 聖核研究 II,艾莲娜 - 圣核研究 II,엘레나 - 성핵 연구 II
Memory.ErenaHorny_1,エレナ - AVデビュー I,Erena - Porn Star Debut I,艾蓮娜 - AV出道 I,艾莲娜 - AV出道 I,エレナ - AVデビュー I,Erena - Porn Star Debut I,艾蓮娜 - AV出道 I,艾莲娜 - AV出道 I,엘레나 - AV 데뷔 I
Memory.ErenaHorny_2,エレナ - AVデビュー II,Erena - Porn Star Debut II,艾蓮娜 - AV出道 II,艾莲娜 - AV出道 II,エレナ - AVデビュー II,Erena - Porn Star Debut II,艾蓮娜 - AV出道 II,艾莲娜 - AV出道 II,엘레나 - AV 데뷔 II
Memory.KeiBrainWash_1,京 - 洗脳調教 I,Kei - Brainwash Sex I,京 - 洗腦調教 I,京 - 洗脑调教 I,京 - 教育調教 I,Kei - Re-education Sex I,京 - 教育調教 I,京 - 教育调教 I,케이 - 교육 조교 I
Memory.KeiBrainWash_2,京 - 洗脳調教 II,Kei - Brainwash Sex II,京 - 洗腦調教 II,京 - 洗脑调教 II,京 - 教育調教 II,Kei - Re-education Sex II,京 - 教育調教 II,京 - 教育调教 II,케이 - 교육 조교 II
Memory.KeiBrainWash_3,京 - 洗脳調教 III,Kei - Brainwash Sex III,京 - 洗腦調教 III,京 - 洗脑调教 III,京 - 教育調教 III,Kei - Re-education Sex III,京 - 教育調教 III,京 - 教育调教 III,케이 - 교육 조교 III
Memory.KeiCore_1,京 - 聖核研究 I,Kei - Seikaku Research I,京 - 聖核研究 I,京 - 圣核研究 I,京 - 聖核研究 I,Kei - Seikaku Research I,京 - 聖核研究 I,京 - 圣核研究 I,케이 - 성핵 연구 I
Memory.KeiCore_2,京 - 聖核研究 II,Kei - Seikaku Research II,京 - 聖核研究 II,京 - 圣核研究 II,京 - 聖核研究 II,Kei - Seikaku Research II,京 - 聖核研究 II,京 - 圣核研究 II,케이 - 성핵 연구 II
Memory.KeiHorny_1,京 - エロ配信 I,Kei - Livestream I,京 - 成人直播 I,京 - 成人直播 I,京 - エロ配信 I,Kei - Livestream I,京 - 成人直播 I,京 - 成人直播 I,케이 - 에로 방송 I
Memory.KeiHorny_2,京 - エロ配信 II,Kei - Livestream II,京 - 成人直播 II,京 - 成人直播 II,京 - エロ配信 II,Kei - Livestream II,京 - 成人直播 II,京 - 成人直播 II,케이 - 에로 방송 II
Memory.NayutaBrainWash_1,那由多 - 聖核回収 I,Nayuta - Seikaku Drain I,那由多 - 聖核回收 I,那由多 - 圣核回收 I,那由多 - 聖核回収 I,Nayuta - Seikaku Drain I,那由多 - 聖核回收 I,那由多 - 圣核回收 I,나유타 - 성핵 회수 I
Memory.NayutaBrainWash_2,那由多 - 聖核回収 II,Nayuta - Seikaku Drain II,那由多 - 聖核回收 II,那由多 - 圣核回收 II,那由多 - 聖核回収 II,Nayuta - Seikaku Drain II,那由多 - 聖核回收 II,那由多 - 圣核回收 II,나유타 - 성핵 회수 II
Memory.NayutaBrainWash_3,那由多 - 聖核回収 III,Nayuta - Seikaku Drain III,那由多 - 聖核回收 III,那由多 - 圣核回收 III,那由多 - 聖核回収 III,Nayuta - Seikaku Drain III,那由多 - 聖核回收 III,那由多 - 圣核回收 III,나유타 - 성핵 회수 III
Memory.NayutaCore_1,那由多 - 聖核研究 I,Nayuta - Seikaku Research I,那由多 - 聖核研究 I,那由多 - 圣核研究 I,那由多 - 聖核研究 I,Nayuta - Seikaku Research I,那由多 - 聖核研究 I,那由多 - 圣核研究 I,나유타 - 성핵 연구 I
Memory.NayutaCore_2,那由多 - 聖核研究 II,Nayuta - Seikaku Research II,那由多 - 聖核研究 II,那由多 - 圣核研究 II,那由多 - 聖核研究 II,Nayuta - Seikaku Research II,那由多 - 聖核研究 II,那由多 - 圣核研究 II,나유타 - 성핵 연구 II
Memory.NayutaHorny_1,那由多 - VIP招待 I,Nayuta - VIP Service I,那由多 - VIP服務 I,那由多 - VIP服务 I,那由多 - VIP招待 I,Nayuta - VIP Service I,那由多 - VIP服務 I,那由多 - VIP服务 I,나유타 - VIP 초대 I
Memory.NayutaHorny_2,那由多 - VIP招待 II,Nayuta - VIP Service II,那由多 - VIP服務 II,那由多 - VIP服务 II,那由多 - VIP招待 II,Nayuta - VIP Service II,那由多 - VIP服務 II,那由多 - VIP服务 II,나유타 - VIP 초대 II
Memory.AkihoPaizuri,明穂のパイズリ奉仕,Akiho's Tit Fucking,明穗的乳交服務,明穗的乳交服务,明穂のパイズリ奉仕,Akiho's Tit Fucking,明穗的乳交服務,明穗的乳交服务,아키호의 파이즈리 봉사
Memory.CloneTask,クローンの通常業務,Clones' Daily Task,克隆人的日常業務,克隆人的日常业务,クローンの通常業務,Clones' Daily Task,克隆人的日常業務,克隆人的日常业务,클론의 통상 업무
Memory.Nursery,変身ヒロイン苗床化,Seedbed of Magical Girls,變身女主的苗床化,变身女主的苗床化,変身ヒロイン苗床化,Seedbed of Magical Girls,變身女主的苗床化,变身女主的苗床化,변신 히로인 묘상화
Memory.Final,最後の二人の聖核戦姫,The Last Two Seikaku Princess,最後的聖核戰姬,最后的圣核战姬,最後の二人の聖核戦姫,The Last Two Seikaku Princess,最後的聖核戰姬,最后的圣核战姬,마지막 2명의 성핵전희
Memory.Kei,小悪魔の日常,A Succubus' Day,小惡魔的日常,小恶魔的日常,小悪魔の日常,A Succubus' Day,小惡魔的日常,小恶魔的日常,소악마의 일상
Memory.Erenayuta,最強の二人,The Strongest Duo,最強的兩人,最强的两人,最強の二人,The Strongest Duo,最強的兩人,最强的两人,최강의 두 사람
Memory.SeikakuEquip,聖核加工工場,Seikaku Factory,聖核加工厂,圣核加工厂,聖核加工工場,Seikaku Factory,聖核加工工廠,圣核加工厂,성핵 가공 공장
Memory.Prologue,プロローグ,Prologue,序章,序章,プロローグ,Prologue,序章,序章,서장
Memory.DLC1-1,最後の作戦,Final Operation,最後的作戰,最后的作战,最後の作戦,Final Operation,最後的作戰,最后的作战,최후의 작전
Memory.DLC1-2,潜入成功,Infiltration Successful,潛入成功,潜入成功,潜入成功,Infiltration Successful,潛入成功,潜入成功,잠입 성공
Memory.DLC1-3,旧識,Old Acquaintances,舊識,旧识,旧識,Old Acquaintances,舊識,旧识,옛 지인
Memory.DaiyaCapture,ダイヤモンド捕獲,Diamond Captured,捕獲黛雅,捕获黛雅,ダイヤモンド捕獲,Daiya Captured,捕獲黛雅,捕获黛雅,다이아 포획
Memory.DLC2-1,秘密兵器,Secret Weapon,秘密兵器,秘密兵器,秘密兵器,Secret Weapon,秘密兵器,秘密兵器,비밀 병기
Memory.DLC2-2,京の計画,Kei's Plan,京的計畫,京的计划,京の計画,Kei's Plan,京的計畫,京的计划,쿄의 계획
Memory.DLC2-3,反乱,Rebellion,反亂,反乱,反乱,Rebellion,叛變,反乱,반란
Memory.DaiyaBrainWash_1,ダイヤモンド - 財団の犬 I,Diamond - The Foundation's Dog I,黛雅 - 財團的狗 I,黛雅 - 财团的狗 I,ダイヤモンド - 財団の犬 I,Diamond - The Foundation's Dog I,黛雅 - 財團的狗 I,黛雅 - 财团的狗 I,다이아몬드 - 재단의 개 I
Memory.DaiyaBrainWash_2,ダイヤモンド - 財団の犬 II,Diamond - The Foundation's Dog II,黛雅 - 財團的狗 II,黛雅 - 财团的狗 II,ダイヤモンド - 財団の犬 II,Diamond - The Foundation's Dog II,黛雅 - 財團的狗 II,黛雅 - 财团的狗 II,다이아몬드 - 재단의 개 II
Memory.DaiyaBrainWash_3,ダイヤモンド - 財団の犬 III,Diamond - The Foundation's Dog III,黛雅 - 財團的狗 III,黛雅 - 财团的狗 III,ダイヤモンド - 財団の犬 III,Diamond - The Foundation's Dog III,黛雅 - 財團的狗 III,黛雅 - 财团的狗 III,다이아몬드 - 재단의 개 III
Memory.DaiyaHorny_1,ダイヤモンド - ペット同士 I,Diamond - Among Pets I,黛雅 - 寵物之間 I,黛雅 - 宠物之间 I,ダイヤモンド - ペット同士 I,Diamond - Among Pets I,黛雅 - 寵物之間 I,黛雅 - 宠物之间 I,다이아몬드 - 애완동물 사이 I
Memory.DaiyaHorny_2,ダイヤモンド - ペット同士 II,Diamond - Among Pets II,黛雅 - 寵物之間 II,黛雅 - 宠物之间 II,ダイヤモンド - ペット同士 II,Diamond - Among Pets II,黛雅 - 寵物之間 II,黛雅 - 宠物之间 II,다이아몬드 - 애완동물 사이 II
Memory.DaiyaCore_1,ダイヤモンド - 聖核研究 I,Diamond - Holy Core Research I,黛雅 - 聖核研究 I,黛雅 - 圣核研究 I,ダイヤモンド - 聖核研究 I,Diamond - Holy Core Research I,黛雅 - 聖核研究 I,黛雅 - 圣核研究 I,다이아몬드 - 성핵 연구 I
Memory.HisuiBrainWash_1,ヒスイ - 下級戦闘員 I,Hisui - Low-Ranking Combatant I,翡翠 - 下級戰鬥員 I,翡翠 - 下级战斗员 I,ヒスイ - 下級戦闘員 I,Hisui - Low-Ranking Combatant I,翡翠 - 下級戰鬥員 I,翡翠 - 下级战斗员 I,비취 - 하급 전투원 I
Memory.HisuiBrainWash_2,ヒスイ - 下級戦闘員 II,Hisui - Low-Ranking Combatant II,翡翠 - 下級戰鬥員 II,翡翠 - 下级战斗员 II,ヒスイ - 下級戦闘員 II,Hisui - Low-Ranking Combatant II,翡翠 - 下級戰鬥員 II,翡翠 - 下级战斗员 II,비취 - 하급 전투원 II
Memory.HisuiBrainWash_3,ヒスイ - 下級戦闘員 III,Hisui - Low-Ranking Combatant III,翡翠 - 下級戰鬥員 III,翡翠 - 下级战斗员 III,ヒスイ - 下級戦闘員 III,Hisui - Low-Ranking Combatant III,翡翠 - 下級戰鬥員 III,翡翠 - 下级战斗员 III,비취 - 하급 전투원 III
Memory.HisuiHorny_1,ヒスイ - 昔いの憧れ I,Hisui - Old Admiration I,翡翠 - 以往的憧憬 I,翡翠 - 以往的憧憬 I,ヒスイ - 昔いの憧れ I,Hisui - Old Admiration I,翡翠 - 以往的憧憬 I,翡翠 - 以往的憧憬 I,비취 - 지난 동경 I
Memory.HisuiHorny_2,ヒスイ - 昔いの憧れ II,Hisui - Old Admiration II,翡翠 - 以往的憧憬 II,翡翠 - 以往的憧憬 II,ヒスイ - 昔いの憧れ II,Hisui - Old Admiration II,翡翠 - 以往的憧憬 II,翡翠 - 以往的憧憬 II,비취 - 지난 동경 II
Memory.HisuiCore_1,ヒスイ - 聖核研究 I,Hisui - Holy Core Research I,翡翠 - 聖核研究 I,翡翠 - 圣核研究 I,ヒスイ - 聖核研究 I,Hisui - Holy Core Research I,翡翠 - 聖核研究 I,翡翠 - 圣核研究 I,비취 - 성핵 연구 I
Memory.K22BrainWash_1,K22 - 底辺日常 I,K22 - Bottom-tier Daily Life I,K22 - 底層日常 I,K22 - 底层日常 I,K22 - 底辺日常 I,K22 - Bottom-tier Daily Life I,K22 - 底層日常 I,K22 - 底层日常 I,K22 - 밑바닥 일상 I
Memory.K22BrainWash_2,K22 - 底辺日常 II,K22 - Bottom-tier Daily Life II,K22 - 底層日常 II,K22 - 底层日常 II,K22 - 底辺日常 II,K22 - Bottom-tier Daily Life II,K22 - 底層日常 II,K22 - 底层日常 II,K22 - 밑바닥 일상 II
Memory.AkihoDLC,明穂＆クローン戦闘員,Akiho & Clone Combatants,明穗＆克隆戰鬥員,明穗＆克隆战斗员,明穂＆クローン戦闘員,Akiho & Clone Combatants,明穗＆克隆戰鬥員,明穗＆克隆战斗员,아키호 & 클론 전투원
Memory.ErenaDLC,清藤 エレナ,Seidō Erena,清藤 艾蓮娜,清藤 艾莲娜,清藤 エレナ,Seidō Erena,清藤 艾蓮娜,清藤 艾莲娜,세이토 엘레나
WorldMapScene,ワールドマップ,World Map,ワールドマップ,ワールドマップ,ワールドマップ,World Map,ワールドマップ,ワールドマップ,월드 맵
System.Story,ストーリー進行,Continue story,繼續故事,继续故事,ストーリー進行,Continue story,繼續故事,继续故事,스토리 진행
System.EndGameContent,高難易度コンテンツ,Endgame\nContent,番外篇劇情,番外篇剧情,高難易度コンテンツ,Endgame\nContent,番外篇劇情,番外篇剧情,고난도 콘텐츠
System.DLCContent,追加コンテンツ,Extra\nContent,追加內容,追加内容,追加コンテンツ,Extra\nContent,追加內容,追加内容,추가 콘텐츠
System.SideMission,資源調達クエスト,Resource Gathering,其他任務,其他任务,資源調達クエスト,Resource Gathering,其他任務,其他任务,자원 조달 퀘스트
System.QuestList,クエスト一覧,Operation List,任務一覧,任务一覧,クエスト一覧,Operation List,任務一覧,任务一覧,퀘스트 목록
System.FoodQuest,[食料調達],[Food Gather],[搶奪糧食],[抢夺粮食],[食料調達],[Food Gather],[搶奪糧食],[抢夺粮食],[식량 약탈]
System.BankQuest,[銀行強盗],[Bank Robe],[銀行強盗],[银行强盗],[銀行強盗],[Bank Robe],[銀行強盜],[银行强盗],[은행 강도]
System.ResearchQuest,[戦闘研究],[Battle Research],[戦闘研究],[戦闘研究],[戦闘研究],[Battle Research],[戰鬥研究],[戦闘研究],[전투 연구]
System.RewardQuest,報酬,Reward,報酬,报酬,報酬,Reward,報酬,报酬,보상
System.AlertLevel,警戒度,Security Level,警戒度,警戒度,警戒度,Security Level,警戒度,警戒度,경계도
System.Star,★,★,★,★,★,★,★,★,★
System.NotEnoughItemSlot,インベントリ不足,Not enough inventory slot.,物品欄位不足,物品栏位不足,インベントリ不足,Not enough inventory slot.,物品欄位不足,物品栏位不足,인벤토리 부족
Names,名詞/名称,名詞/名称,名詞/名称,名词/名称,名詞/名称,名詞/名称,名詞/名稱,名词/名称,명사/명칭
Name.Akiho,笹谷 明穂,Sasaya Akiho,笹谷 明穗,笹谷 明穗,笹谷 明穂,Sasaya Akiho,笹谷 明穗,笹谷 明穗,사사야 아키호
Name.Rikka,水無瀬 六花,Minase Rikka,水無瀬 六花,水无瀬 六花,水無瀬 六花,Minase Rikka,水無瀬 六花,水无瀬 六花,미나세 릿카
Name.Kei,猫宮 京,Nekomiya Kei,猫宮 京,猫宫 京,猫宮 京,Nekomiya Kei,貓宮 京,猫宫 京,네코미야 케이
Name.Erena,清藤 エレナ,Seidō Erena,清藤 艾蓮娜,清藤 艾莲娜,清藤 エレナ,Seidō Erena,清藤 艾蓮娜,清藤 艾莲娜,세이토 엘레나
Name.Nayuta,八雲 那由多,Yakumo Nayuta,八雲 那由多,八云 那由多,八雲 那由多,Yakumo Nayuta,八雲 那由多,八云 那由多,야쿠모 나유타
Name.Diamond,ダイヤモンド,Diamond,黛雅,黛雅,ダイヤモンド,Diamond,黛雅,黛雅,다이아몬드
Name.Hisui,西園寺 ヒスイ,Saionji Hisui,西園寺 翡翠,西园寺 翡翠,西園寺 ヒスイ,Saionji Hisui,西園寺 翡翠,西园寺 翡翠,사이온지 히스이
Name.No5,005号,No.005,005号,005号,005号,No.005,005號,005号,005호
Name.No23,023号,No.023,023号,023号,023号,No.023,023號,023号,023호
Name.Battler,戦闘員,Combatant,戦鬥員,戦闘员,戦闘員,Combatant,戰鬥員,戦闘员,전투원
Name.Tentacle,触手怪人,TentacleMan,触手怪人,触手怪人,触手怪人,TentacleMan,觸手怪人,触手怪人,촉수 괴인
Name.Clone,005号,No.005,005号,005号,005号,No.005,005號,005号,005호
Name.RikkaDisguise,水無瀬 六花？,Minase Rikka??,水無瀬 六花？,水无瀬 六花？,水無瀬 六花？,Minase Rikka??,水無瀬 六花？,水无瀬 六花？,미나세 릿카?
Name.Drone,パトロールドローン,Patrol Drone,巡邏無人機,巡逻无人机,パトロールドローン,Patrol Drone,巡邏無人機,巡逻无人机,순찰 드론
Name.GoldDrone,進化型ドローン,Improved Drone,進化型無人機,进化型无人机,進化型ドローン,Improved Drone,進化型無人機,进化型无人机,진화형 드론
Name.DarkDrone,攻撃特化型ドローン,Attacker Drone,攻撃特化型無人機,攻撃特化型无人机,攻撃特化型ドローン,Attacker Drone,攻擊特化型無人機,攻撃特化型无人机,공격 특화형 드론
Name.Android,警備ドロイド,Patrol Android,警備機器人,警备机器人,警備ドロイド,Patrol Android,警備機器人,警备机器人,경비 드로이드
Name.GoldAndroid,進化型ドロイド,Improved Android,進化型機器人,进化型机器人,進化型ドロイド,Improved Android,進化型機器人,进化型机器人,진화형 드로이드
Name.DarkAndroid,攻撃特化型ドロイド,Attacker Android,攻撃特化型機器人,攻撃特化型机器人,攻撃特化型ドロイド,Attacker Android,攻擊特化型機器人,攻撃特化型机器人,공격 특화형 드로이드
Name.Tank,四脚タンク,Quad Leg Tank,四脚坦克,四脚坦克,四脚タンク,Quad Leg Tank,四腳坦克,四脚坦克,사각 탱크
Name.DarkTank,軍用歩行型タンク,Military Tank,軍用歩行型坦克,军用歩行型坦克,軍用歩行型タンク,Military Tank,軍用步行型坦克,军用歩行型坦克,군용 보행형 탱크
Name.PrivateDrone,私兵ドローン,Private Drone,私兵無人機,私兵无人机,私兵ドローン,Private Drone,私兵無人機,私兵无人机,"촉수 괴인, 전투원"
Name.PrivateAndroid,私兵ドロイド,Private Droid,私兵機器人,私兵机器人,私兵ドロイド,Private Droid,私兵機器人,私兵机器人,남자
Name.RogueTank,コーポ仕様タンク,Corporate-Spec Tank,企業規格坦克,企业规格坦克,コーポ仕様タンク,Corporate-Spec Tank,企業規格坦克,企业规格坦克,이사장
Name.Battler+Tentacle,触手怪人、戦闘員,"Combatant, TentacleMan",触手怪人、戦闘員,触手怪人、戦闘员,触手怪人、戦闘員,"Combatant, TentacleMan",觸手怪人、戰鬥員,触手怪人、戦闘员,촉수 괴인 (인간형)
Name.Man,男,Man,男,男,男,Man,男,男,감독
Name.Chairman,理事長,Chairman,理事長,理事长,理事長,Chairman,理事長,理事长,여학생
Name.Tentacle_Human,触手怪人(人間体),Tentacle (HumanForm),触手怪人(人類形態),触手怪人(人类形态),触手怪人(人間体),Tentacle (HumanForm),觸手怪人(人類形態),触手怪人(人类形态),성핵전희
Name.Director,監督,Director,監督,监督,監督,Director,監督,监督,역무원
Name.FemaleStudent,女生徒,Female Student,女學生,女学生,女隊員,Female Worker,女隊員,女队员,사회자
Name.SeikakuSenki,聖核戦姫,Seikaku Princess,聖核戰姬,圣核战姬,聖核戦姫,Seikaku Princess,聖核戰姬,圣核战姬,관객
Name.GuardMan,駅員,Station Staff,駅員,駅员,駅員,Station Staff,駅員,駅员,조수
Name.Host,司会者,Host,主持人,主持人,司会者,Host,主持人,主持人,고블린형 괴인
Name.Audience,観客,Audience,觀眾,观众,観客,Audience,觀眾,观众,괴인
Name.Assistant,助手,Assistant,助手,助手,助手,Assistant,助手,助手,관객１
Name.Goblin,ゴブリン型怪人,Goblin,哥布林型怪物,哥布林型怪物,ゴブリン型怪人,Goblin,哥布林型怪物,哥布林型怪物,관객２
Name.Mutant,怪人,Mutant,怪物,怪物,怪人,Mutant,怪物,怪物,관객３
Name.Audience1,観客１,Audience1,觀眾１,观众１,観客１,Audience1,觀眾１,观众１,시민A
Name.Audience2,観客２,Audience2,觀眾２,观众２,観客２,Audience2,觀眾２,观众２,시민B
Name.Audience3,観客３,Audience3,觀眾３,观众３,観客３,Audience3,觀眾３,观众３,시민C
Name.Citizen1,市民A,Citizen1,市民A,市民A,市民A,Citizen1,市民A,市民A,시민AB
Name.Citizen2,市民B,Citizen2,市民B,市民B,市民B,Citizen2,市民B,市民B,연구원
Name.Citizen3,市民C,Citizen3,市民C,市民C,市民C,Citizen3,市民C,市民C,슬라임
Name.Citizen12,市民AB,CitizenAB,市民AB,市民AB,市民AB,CitizenAB,市民AB,市民AB,릿카??
Name.Researcher,研究員,Researcher,研究員,研究员,研究員,Researcher,研究員,研究员,아키호＆릿카
Name.Slime,スライム,Slime,史萊姆,史莱姆,スライム,Slime,史萊姆,史莱姆,촉수 괴수
Name.Rikka_Core,立花？？,Rikka??,立花？？,立花？？,立花？？,Rikka??,立花？？,立花？？,072호＆다른 클론
Name.AkihoRikka,明穂＆六花,Akiho&Rikka,明穗＆立花,明穗＆立花,明穂＆六花,Akiho&Rikka,明穗＆立花,明穗＆立花,005호 (통신)
Name.Tentacle_Monster,触手怪獣,Tentacle Monster,触手怪獣,触手怪獣,触手怪獣,Tentacle Monster,觸手怪獸,触手怪獣,엘레나＆나유타
Name.Clones,072号＆他のクローン,No.072 and others,072号＆其他克隆體,072号＆其他克隆体,072号＆他のクローン,No.072 and others,072號＆其他克隆體,072号＆其他克隆体,클론 전투원
Name.No5_Call,005号(通信),No.005 (Call),005号(通信),005号(通信),005号(通信),No.005 (Call),005號(通信),005号(通信),전투원 (통신)
Name.ErenaNayuta,エレナ＆那由多,Erena&Nayuta,艾蓮娜&那由多,艾莲娜&那由多,エレナ＆那由多,Erena&Nayuta,艾蓮娜&那由多,艾莲娜&那由多,네코미야 케이 (통신)
Name.CloneBattler,クローン戦闘員,Clone,克隆,克隆,クローン戦闘員,Clone,克隆,克隆,클론 (통신)
Name.Battler_Call,戦闘員(通信),Combatant (Call),戦闘員(通信),戦闘员(通信),戦闘員(通信),Combatant (Call),戰鬥員(通信),戦闘员(通信),사사야 아키호
Name.Kei_Call,猫宮京(通信),Nekomiya Kei (Call),猫宮京(通信),猫宫京(通信),猫宮京(通信),Nekomiya Kei (Call),貓宮京(通信),猫宫京(通信),072호
Name.Clone_Call,クローン(通信),Clone(Call),克隆(通信),克隆(通信),クローン(通信),Clone(Call),克隆(通信),克隆(通信),네코미야 케이
Name.Akiho_Corrupted,笹谷 明穂,Sasaya Akiho,笹谷 明穗,笹谷 明穗,笹谷 明穂,Sasaya Akiho,笹谷 明穗,笹谷 明穗,세이토 엘레나
Name.Rikka_Corrupted,072号,No.072,072号,072号,072号,No.072,072號,072号,야쿠모 나유타
Name.Kei_Corrupted,猫宮 京,Nekomiya Kei,猫宮 京,猫宫 京,猫宮 京,Nekomiya Kei,貓宮 京,猫宫 京,다이아쨩
Name.Erena_Corrupted,清藤 エレナ,Seidō Erena,清藤 艾蓮娜,清藤 艾莲娜,清藤 エレナ,Seidō Erena,清藤 艾蓮娜,清藤 艾莲娜,K22호
Name.Nayuta_Corrupted,八雲 那由多,Yakumo Nayuta,八雲 那由多,八云 那由多,八雲 那由多,Yakumo Nayuta,八雲 那由多,八云 那由多,여성 전투원
Name.Diamond_Corrupted,ダイヤ,Diamond,黛雅,黛雅,ダイヤ,Diamond,黛雅,黛雅,하급 전투원
Name.Kei_Battler,K22号,K22,K22,K22,K22号,K22,K22號,K22,H46호
Name.Woman_Battler,女戦闘員,Woman Combatant,女戰斗員,女战斗员,女戦闘員,Woman Combatant,女戰鬥員,女战斗员,K46호
Name.Noob_Battler,下級戦闘員,Low Rank Combatant,低級戰斗員,低级战斗员,下級戦闘員,Low Rank Combatant,低級戰鬥員,低级战斗员,K47호
Name.Hisui_Battler,H46号,H46,K47,K47,H46号,H46,H46號,K47,K46호&K47호
Name.Hisui_Battler2,K46号,K46,K46,K46,K46号,K46,K46號,K46,세이토 그룹 경비원
Name.K47,K47号,K47,K47,K47,K47号,K47,K47號,K47,XXX
Name.K46&47,K46号&K47号,"K46, K47",K46和K47,K46和K47,K46号&K47号,"K46, K47",K46號和K47號,K46和K47,망보는 남자
Name.Security,清藤グループ警備員,Seidō Group Guard,清藤集團的保安,清藤集团的保安,清藤グループ警備員,Seidō Group Guard,清藤集團的保安,清藤集团的保安,
Name.Unknown,XXX,XXX,XXX,XXX,XXX,XXX,XXX,XXX,
Name.Watchman,見張り役の男,Lookout Man,看守的男人,看守的男人,見張り役の男,Lookout Man,看守的男人,看守的男人,
Mood,心情,Mood,心情,心情,心情,Mood,心情,心情,심정
Mood.Rebel,反抗的,Rebel,反抗,反抗,反抗的,Rebel,反抗,反抗,반항
Mood.Pleasure,享楽,Pleasure,享樂,享乐,享楽,Pleasure,享樂,享乐,향락
Mood.Despair,絶望,Despair,絶望,绝望,絶望,Despair,絕望,绝望,절망
Mood.Submissive,従順,Submissive,順從,顺从,従順,Submissive,順從,顺从,순종
Mood.Resist,忍耐,Resist,忍耐,忍耐,忍耐,Resist,忍耐,忍耐,인내
Mood.Contempt,軽蔑,Contempt,軽蔑,軽蔑,軽蔑,Contempt,輕蔑,軽蔑,경멸
Mood.Deprave,堕落,Deprave,堕落,堕落,堕落,Deprave,墮落,堕落,타락
Mood.Angry,憤怒,Angry,憤怒,愤怒,憤怒,Angry,憤怒,愤怒,분노
Mood.Expect,期待,Expecting,期待,期待,期待,Expecting,期待,期待,기대
Mood.Disgust,嫌悪,Disgust,嫌悪,嫌悪,嫌悪,Disgust,嫌棄,嫌悪,혐오
Mood.Loyal,忠実,Loyal,忠実,忠実,忠実,Loyal,忠實,忠実,충실
OptionSetting,オプション設定,Option,オプション設定,オプション设定,オプション設定,Option,オプション設定,オプション设定,옵션 설정
Option.BGM,BGM音量,BGM Volume,背景音量,背景音量,BGM音量,BGM Volume,背景音量,背景音量,BGM 음량
Option.SE,効果音音量,SE Volume,音效音量,音效音量,効果音音量,SE Volume,音效音量,音效音量,효과음 음량
Option.Voice,ボイス音量,Voice Volume,人物配音音量,人物配音音量,ボイス音量,Voice Volume,人物配音音量,人物配音音量,보이스 음량
Option.TextSpeed,テキスト速度,Text Spd,文本速度,文本速度,テキスト速度,Text Spd,文本速度,文本速度,텍스트 속도
Option.AutoSpeed,オート速度,Auto Spd,自動播放速度,自动播放速度,オート速度,Auto Spd,自動播放速度,自动播放速度,자동 속도
Option.Apply,適用,Apply,適用,适用,適用,Apply,適用,适用,적용
Option.Default,デフォルト,Default,預設值,预设值,デフォルト,Default,預設值,预设值,기본
Option.Second,秒,Sec,秒,秒,秒,Sec,秒,秒,초
Option.WindowMode,画面設定,Window Mode,画面設定,画面设定,画面設定,Window Mode,畫面設定,画面设定,화면설정
Option.FullScreen,フルスクリーン,Fullscreen,全屏,全屏,フルスクリーン,Fullscreen,全螢幕,全屏,풀스크린
Option.WindowedScreen,ウィンドウモード,Windowed Screen,窗口模式,窗口模式,ウィンドウモード,Windowed Screen,視窗模式,窗口模式,윈도모드
BattleScene,戦闘シーン,Battle Scene,戦闘シーン,戦闘シーン,戦闘シーン,Battle Scene,戦闘シーン,戦闘シーン,전투 장면
Battle.Attack,攻撃,Attack,攻撃,攻撃,攻撃,Attack,攻擊,攻撃,공격
Battle.Skill,特殊技,Skill,技能,技能,特殊技,Skill,技能,技能,특수
Battle.Item,道具,Item,道具,道具,道具,Item,道具,道具,도구
Battle.Idle,待機,Idle,待機,待机,待機,Idle,待機,待机,대기
Battle.Level,Lv.,Lv.,Lv.,Lv.,Lv.,Lv.,Lv.,Lv.,Lv.
Battle.HP,HP,HP,HP,HP,HP,HP,HP,HP,HP
Battle.MP,SP,SP,SP,SP,SP,SP,SP,SP,SP
Battle.ActionOrder,行動順序,Order,行動順序,行动顺序,行動順序,Order,行動順序,行动顺序,행동 순서
Battle.Cancel,右クリックで取り消し,Right click to cancel action,右鍵取消行動,右键取消行动,右クリックで取り消し,Right click to cancel action,右鍵取消行動,右键取消行动,우클릭으로 취소
Battle.Start,任務開始,Operation Start,任務開始,任务开始,任務開始,Operation Start,任務開始,任务开始,임무 시작
Battle.Victory,任務クリア,Operation Success,任務完成,任务完成,任務クリア,Operation Success,任務完成,任务完成,임무 클리어
Battle.Defeat,敗北,Defeat,敗北,败北,敗北,Defeat,失敗,败北,패배
Battle.SkipTutorial,スキップ,Skip,跳過,跳过,スキップ,Skip,跳過,跳过,스킵
Battle.EscapeConfirm,撤退しますか？,Sure to escape?,確定要撤退嗎？,确定要撤退吗？,撤退しますか？,Sure to escape?,確定要撤退嗎？,确定要撤退吗？,후퇴하시겠습니까?
Battle.Escape,撤退,Run,撤退,撤退,撤退,Run,撤退,撤退,후퇴
Battle.CannotAttack,普通攻撃を行えない,Can not attack,不能普通攻撃,不能普通攻撃,普通攻撃を行えない,Can not attack,不能普通攻擊,不能普通攻撃,일반 공격 불가능
Battle.OnCooldown,チャージ中 ({0}ターン),On cooldown ({0}turn),冷卻中 ({0}回合),冷却中 ({0}回合),チャージ中 ({0}ターン),On cooldown ({0}turn),冷卻中 ({0}回合),冷却中 ({0}回合),차지 중 ({0}턴)
Battle.NotEnoughSP,SP不足 ({0}),Not enough SP ({0}),SP不足 ({0}),SP不足 ({0}),SP不足 ({0}),Not enough SP ({0}),SP不足 ({0}),SP不足 ({0}),SP 부족 ({0})
Battle.AbilityDisabled,使用不可,Disabled,不能使用,不能使用,使用不可,Disabled,不能使用,不能使用,사용 불가
Battle.AutoBattle,"オートバトル
ON",AutoBattling,自動戰鬥,自动战斗,"オートバトル
ON",AutoBattling,自動戰鬥,自动战斗,"자동 전투
ON"
Buff,状態,Buff,状態,状态,状態,Buff,狀態,状态,상태
Buff.Stun,行動不能,Stunned,行動不能,行动不能,行動不能,Stunned,無法行動,无法行动,행동 불능
Buff.Hurt,継続ダメージ,Hurt,持續傷害,持续伤害,継続ダメージ,Hurt,持續傷害,持续伤害,지속 데미지
Buff.Heal,継続回復,Heal,持續恢復,持续恢复,継続回復,Heal,持續恢復,持续恢复,지속 회복
Buff.Shield_up,防御力上昇,DEF UP,防御力上升,防御力上升,防御力上昇,DEF UP,防禦力上升,防御力上升,방어력 상승
Buff.Shield_down,防御力下降,DEF DOWN,防御力下降,防御力下降,防御力下降,DEF DOWN,防禦力下降,防御力下降,방어력 하강
Buff.Attack_up,攻撃力上昇,ATK UP,攻擊力上升,攻击力上升,攻撃力上昇,ATK UP,攻擊力上升,攻击力上升,공격력 상승
Buff.Attack_down,攻撃力下降,ATK DOWN,攻擊力下降,攻击力下降,攻撃力下降,ATK DOWN,攻擊力下降,攻击力下降,공격력 하강
Buff.Speed_up,素早さ上昇,SPD UP,敏捷度上升,敏捷度上升,素早さ上昇,SPD UP,敏捷度上升,敏捷度上升,민첩성 상승
Buff.Speed_down,素早さ下降,SPD DOWN,敏捷度下降,敏捷度下降,素早さ下降,SPD DOWN,敏捷度下降,敏捷度下降,민첩성 하강
Buff.ContinuousAction,連続行動,Continuous Action,連続行動,连続行动,連続行動,Continuous Action,連續行動,连続行动,연속 행동
Buff.Repel,反撃,Return damage,反擊,反撃,反撃,Return damage,反擊,反撃,반격
Buff.Disarm,無力化,Disarm,無力化,无力化,無力化,Disarm,無力化,无力化,무력화
Buff.Horny,発情,Estrus,發情,发情,発情,Estrus,發情,发情,
Equipment,アイテム名とその説明文,Items,アイテム名とその説明文,アイテム名とその说明文,アイテム名とその説明文,Items,アイテム名とその説明文,アイテム名とその说明文,아이템명과 그 설명문
Equipment.NiceT-Shirt,気持ち良いTシャツ,Comfortable T-Shirt,穿起來很舒服的T衫,穿起来很舒服的T衫,気持ち良いTシャツ,Comfortable T-Shirt,穿起來很舒服的T恤,穿起来很舒服的T衫,기분 좋은 티셔츠
Equipment.NiceT-Shirt_Info,気持ちよすぎるTシャツ、すごく動きやすい。,"A T-shirt that's too comfortable, extremely easy to move around in.",舒服過頭了，很方便行動。,舒服过头了，很方便行动。,気持ちよすぎるTシャツ、すごく動きやすい。,"A T-shirt that's too comfortable, extremely easy to move around in.",這件T恤穿著非常舒適，方便行動。,舒服过头了，很方便行动。,"너무 기분 좋은 티셔츠, 굉장히 움직이기 편하다."
Equipment.Helmet,スマートヘッドギア,Smart Headgear,智能頭盔,智能头盔,スマートヘッドギア,Smart Headgear,智能頭盔,智能头盔,스마트 헤드기어
Equipment.Helmet_Info,"頭部の守りだけでなく、情報のリアルタイム表示も可能な最新型ヘルメット。
かの過酷な戦場「クォンタム戦役」での生存率を確実に向上させてきたアイテム。","A cutting-edge helmet that not only protects the head but also provides real-time information display.
Proven to significantly increase survival rates in the harsh battlefield known as the 'Quantum War.'","不只能夠用來保護頭部，這是個能夠隨時顯示戰場情報的頭盔。
再那個有名的「原子戦役」裡被證實有助於提升生存率的物品。","不只能够用来保护头部，这是个能够随时显示战场情报的头盔。
再那个有名的「原子戦役」里被证实有助于提升生存率的物品。","頭部の守りだけでなく、情報のリアルタイム表示も可能な最新型ヘルメット。
かの過酷な戦場「クォンタム戦役」での生存率を確実に向上させてきたアイテム。","A cutting-edge helmet that not only protects the head but also provides real-time information display.
Proven to significantly increase survival rates in the harsh battlefield known as the 'Quantum War.'","能夠用來保護頭部，是個能夠隨時顯示戰場情報的頭盔。
再那個有名的「原子戰役」裡被證實有助於提升生存率的物品。","不只能够用来保护头部，这是个能够随时显示战场情报的头盔。
再那个有名的「原子戦役」里被证实有助于提升生存率的物品。","머리 보호뿐만 아니라, 정보의 실시간 표시도 가능한 최신형 헬멧.
그 혹독한 전장 「퀀텀 전역」에서의 생존율을 확실히 향상시켜 온 아이템."
Equipment.Collar,忠誠の首輪,Collar of Loyalty,忠誠的項圈,忠诚的项圈,忠誠の首輪,Collar of Loyalty,忠誠的項圈,忠诚的项圈,충성의 목걸이
Equipment.Collar_Info,組織への忠誠の証明として着用する首輪。,A collar worn as proof of loyalty to the organization.,代表對組織的忠誠的證明而佩戴的項圈。,代表对组织的忠诚的证明而佩戴的项圈。,組織への忠誠の証明として着用する首輪。,A collar worn as proof of loyalty to the organization.,象徵對組織忠誠度的項圈。,代表对组织的忠诚的证明而佩戴的项圈。,조직에 대한 충성의 증명으로서 착용하는 목걸이.
Equipment.Stick,鉄パイプ,Iron Pipe,鐵製排水管,铁制排水管,鉄パイプ,Iron Pipe,鐵製排水管,铁制排水管,쇠 파이프
Equipment.Sitck_Info,道端に偶然良い棒に出会ったら本能的に拾いたいのは男だ。名付けてナイスステック。,"When a man encounters a nice stick on the roadside, his instinct tells him to pick it up. Call it ""Nice Stick.""",是男人的話在路邊看到好看的棒子就是會有想要撿起來的衝動。被稱為Nice stick。,是男人的话在路边看到好看的棒子就是会有想要捡起来的冲动。被称为Nice stick。,道端に偶然良い棒に出会ったら本能的に拾いたいのは男だ。名付けてナイスステック。,"When a man encounters a nice stick on the roadside, his instinct tells him to pick it up. Call it ""Nice Stick.""",是男人的話在路邊看到好看的棒子就是會有想要撿起來的衝動。被稱為Nice stick。,是男人的话在路边看到好看的棒子就是会有想要捡起来的冲动。被称为Nice stick。,길가에서 우연히 좋은 막대기를 만나면 본능적으로 줍고 싶은 것이 남자다. 이름하여 나이스 스틱.
Equipment.Umbrella,高強度繊維傘,High-Strength Fiber Umbrella,高強度繊維傘,高强度繊维伞,高強度繊維傘,High-Strength Fiber Umbrella,高強度纖維傘,高强度繊维伞,고강도 섬유 우산
Equipment.Umbrella_Info,最新のナノテクノロジーを駆使した日本製の傘。攻撃と防御の二面性を持ち、まさに武器としての芸術品。,A Japanese-made umbrella utilizing the latest nanotechnology. It serves both offensive and defensive roles—truly an artistic weapon.,使用最新的納米技術製造的日本製的雨傘。攻防性能兼具，堪稱武器界的藝術品。,使用最新的纳米技术制造的日本制的雨伞。攻防性能兼具，堪称武器界的艺术品。,最新のナノテクノロジーを駆使した日本製の傘。攻撃と防御の二面性を持ち、まさに武器としての芸術品。,A Japanese-made umbrella utilizing the latest nanotechnology. It serves both offensive and defensive roles—truly an artistic weapon.,使用最新的納米技術製造的日本製雨傘。攻防性能兼具，堪稱武器界的藝術品。,使用最新的纳米技术制造的日本制的雨伞。攻防性能兼具，堪称武器界的艺术品。,"최신 나노 기술을 구사한 일본제 우산. 공격과 방어의 양면성을 가지며, 그야말로 무기로서의 예술품."
Equipment.Stungun,ショックウェーブ・パルサー,Shockwave Pulsar,衝擊波電擊槍,冲击波电击枪,ショックウェーブ・パルサー,Shockwave Pulsar,衝擊波電擊槍,冲击波电击枪,쇼크웨이브・펄서
Equipment.Stungun_Info,"都市伝説として語り継がれるスタンガン、名が囁かれるだけで、敵対者を感電させてしまうという噂が立つ。
敵を行動不能にする特殊技を使えるようになる。","A stun gun passed down as an urban legend; rumors say its mere whisper is enough to shock opponents.
Allows the use of special skills to incapacitate enemies.","作為都市傳說存在的武器。聽說單單是念出名字都足以震懾住敵人。
能暫時封住敵人的行動。","作为都市传说存在的武器。听说单单是念出名字都足以震慑住敌人。
能暂时封住敌人的行动。","都市伝説として語り継がれるスタンガン、名が囁かれるだけで、敵対者を感電させてしまうという噂が立つ。
敵を行動不能にする特殊技を使えるようになる。","A stun gun passed down as an urban legend; rumors say its mere whisper is enough to shock opponents.
Allows the use of special skills to incapacitate enemies.","作為都市傳說存在的武器。聽說單單是念出名字都足以震懾住敵人。
能暫時封住敵人的行動。","作为都市传说存在的武器。听说单单是念出名字都足以震慑住敌人。
能暂时封住敌人的行动。","도시 전설로 전해지는 스턴건, 이름이 속삭여지는 것만으로도, 적대자를 감전시킨다는 소문이 돈다.
적을 행동 불능으로 만드는 특수기를 사용할 수 있게 된다."
Equipment.Glove,雷鋼製の手袋,Thundersteel Gloves,雷鋼手套,雷钢手套,雷鋼製の手袋,Thundersteel Gloves,雷鋼手套,雷钢手套,뇌강제 장갑
Equipment.Glove_Info,"新しく発明された「雷鋼」で作った手袋。
変形可能で攻撃力が向上しますが、非常に重く、実用性が課題となっている。","Gloves crafted from newly invented 'Thundersteel.'
They can transform and increase attack power, but are extremely heavy, raising practical usage issues.","用最新材料技術的結晶「雷鋼」做出來的手套。
因為是可以變形的鋼鐵所以可以用來提升攻擊力，但是非常重所以科學家們正在煩惱怎麼提高實用性。","用最新材料技术的结晶「雷钢」做出来的手套。
因为是可以变形的钢铁所以可以用来提升攻击力，但是非常重所以科学家们正在烦恼怎么提高实用性。","新しく発明された「雷鋼」で作った手袋。
変形可能で攻撃力が向上しますが、非常に重く、実用性が課題となっている。","Gloves crafted from newly invented 'Thundersteel.'
They can transform and increase attack power, but are extremely heavy, raising practical usage issues.","用最新材料技術的結晶「雷鋼」做出來的手套。
因為是可以變形的鋼鐵所以可以提升攻擊力，但是非常重所以科學家們正在煩惱怎麼提高實用性。","用最新材料技术的结晶「雷钢」做出来的手套。
因为是可以变形的钢铁所以可以用来提升攻击力，但是非常重所以科学家们正在烦恼怎幺提高实用性。","새롭게 발명된 「뇌강」으로 만든 장갑.
변형 가능하며 공격력이 향상되지만, 매우 무거워 실용성이 과제가 되고 있다."
Equipment.StolenUndie,聖核戦姫から盗んだパンティ,Panties Stolen from Holy Core Valkyrie,聖核戰姬的內褲,圣核战姬的内裤,聖核戦姫から盗んだパンティ,Panties Stolen from Holy Core Valkyrie,聖核戰姬的內褲,圣核战姬的内裤,성핵전희에게서 훔친 팬티
Equipment.StolenUndie_Info,"身につけた者には、神秘の輝きが満ち、疲れた心と体を癒す力を持っている。
装備者は毎ターンSPを少量回復する。","Those who wear these panties are filled with a mysterious glow, healing both mind and body.
The wearer recovers a small amount of SP each turn.","穿上之後會被迷之光輝圍繞、治愈疲勞的心靈。
裝備者每局會回復少量SP。","穿上之后会被迷之光辉围绕、治愈疲劳的心灵。
装备者每局会回复少量SP。","身につけた者には、神秘の輝きが満ち、疲れた心と体を癒す力を持っている。
装備者は毎ターンSPを少量回復する。","Those who wear these panties are filled with a mysterious glow, healing both mind and body.
The wearer recovers a small amount of SP each turn.","穿上之後會被謎之光輝圍繞、治癒疲勞的心靈。
裝備者每局會回復少量SP。","穿上之后会被迷之光辉围绕、治愈疲劳的心灵。
装备者每局会回复少量SP。","몸에 지닌 자에게는, 신비의 광채가 가득하며, 지친 마음과 몸을 치유하는 힘을 가지고 있다.
장비자는 매 턴 SP를 소량 회복한다."
Equipment.Cushion,フワフワクッション,Fluffy Cushion,軟綿綿枕頭,软绵绵枕头,フワフワクッション,Fluffy Cushion,軟綿綿枕頭,软绵绵枕头,푹신푹신 쿠션
Equipment.Cushion_Info,"触れると心地よい柔らかさが広がり、まるで空気そのものが抱擁しているよう。
装備者は待機時にＳＰとＨＰも回復される。","When touched, it spreads a pleasant softness, like being embraced by air itself.
The wearer recovers SP and HP while waiting.","單單是觸碰就會感覺自己被空氣圍繞一般，非常的軟。
裝備者在待機回合時會回復SP和HP。","单单是触碰就会感觉自己被空气围绕一般，非常的软。
装备者在待机回合时会回复SP和HP。","触れると心地よい柔らかさが広がり、まるで空気そのものが抱擁しているよう。
装備者は待機時にＳＰとＨＰも回復される。","When touched, it spreads a pleasant softness, like being embraced by air itself.
The wearer recovers SP and HP while waiting.","光是觸碰就會感覺自己被柔軟包圍一般，非常的軟。
裝備者在待機回合時會回復SP和HP。","单单是触碰就会感觉自己被空气围绕一般，非常的软。
装备者在待机回合时会回复SP和HP。","닿으면 기분 좋은 부드러움이 퍼져, 마치 공기 자체가 포옹하는 듯하다.
장비자는 대기 시 SP와 HP도 회복된다."
Equipment.Shoes,スプリントシューズ,Sprint Shoes,迅步鞋,迅步鞋,スプリントシューズ,Sprint Shoes,迅步鞋,迅步鞋,스프린트 슈즈
Equipment.Shoes_Info,ただの運動靴、しかし企業が何年もかけたその科学の粋は侮れない。,"Just regular sports shoes, but don't underestimate the culmination of corporate science behind their development over many years.",只是單純的運動鞋、但是不能小看企業花了那麼多年研究出來的技術結晶。,只是单纯的运动鞋、但是不能小看企业花了那么多年研究出来的技术结晶。,ただの運動靴、しかし企業が何年もかけたその科学の粋は侮れない。,"Just regular sports shoes, but don't underestimate the culmination of corporate science behind their development over many years.",只是單純的運動鞋，但是不能小看企業花了那麼多年研究出來的技術結晶。,只是单纯的运动鞋、但是不能小看企业花了那幺多年研究出来的技术结晶。,"단순한 운동화지만, 기업이 몇 년이나 들인 그 과학의 정수는 얕볼 수 없다."
Equipment.Akiho,明穂の聖核,Akiho's Holy Core,明穗的聖核,明穗的圣核,明穂の聖核,Akiho's Holy Core,明穗的聖核,明穗的圣核,아키호의 성핵
Equipment.Akiho_Info,装備者は毎ターンHPとSPを回復する。,The wearer recovers HP and SP each turn.,裝備者在每回合會回復HP和SP。,装备者在每回合会回复HP和SP。,装備者は毎ターンHPとSPを回復する。,The wearer recovers HP and SP each turn.,裝備者在每回合會回復HP和SP。,装备者在每回合会回复HP和SP。,장비자는 매 턴 HP와 SP를 회복한다.
Equipment.Rikka,立花の聖核,Tachibana's Holy Core,立花的聖核,立花的圣核,立花の聖核,Tachibana's Holy Core,立花的聖核,立花的圣核,릿카의 성핵
Equipment.Rikka_Info,ダメージ受けた時に自動的に反撃する。,Automatically counterattacks when taking damage.,裝備者在收到攻擊時會自動反擊。,装备者在收到攻击时会自动反击。,ダメージ受けた時に自動的に反撃する。,Automatically counterattacks when taking damage.,裝備者在受到攻擊時會自動反擊。,装备者在收到攻击时会自动反击。,데미지를 입었을 때 자동적으로 반격한다.
Equipment.Erena,エレナの聖核,Erena's Holy Core,艾蓮娜的聖核,艾莲娜的圣核,エレナの聖核,Erena's Holy Core,艾蓮娜的聖核,艾莲娜的圣核,엘레나의 성핵
Equipment.Erena_Info,攻撃でたまに敵を行動不能にする。,Occasionally incapacitates enemies when attacking.,裝備者的攻擊目標有幾率會陷入昏迷。,装备者的攻击目标有几率会陷入昏迷。,攻撃でたまに敵を行動不能にする。,Occasionally incapacitates enemies when attacking.,裝備者的攻擊目標有機率會陷入昏迷。,装备者的攻击目标有几率会陷入昏迷。,공격으로 가끔 적을 행동 불능으로 만든다.
Equipment.Kei,京の聖核,Kei's Holy Core,京的聖核,京的圣核,京の聖核,Kei's Holy Core,京的聖核,京的圣核,케이의 성핵
Equipment.Kei_Info,装備者以外のパーティーメンバーが全員15点攻撃力増加。,All party members except the wearer gain +15 attack power.,装備者以外的隊友全員增加15點攻擊力。,装备者以外的队友全员增加15点攻击力。,装備者以外のパーティーメンバーが全員15点攻撃力増加。,All party members except the wearer gain +15 attack power.,裝備者以外的隊友全員增加15點攻擊力。,装备者以外的队友全员增加15点攻击力。,장비자 이외의 파티 멤버 전원이 15점 공격력 증가.
Equipment.Nayuta,那由多の聖核,Nayuta's Holy Core,那由多的聖核,那由多的圣核,那由多の聖核,Nayuta's Holy Core,那由多的聖核,那由多的圣核,나유타의 성핵
Equipment.Nayuta_Info,装備者は毎ターン攻撃力を5~15点増加する。,The wearer gains +5~15 attack power each turn.,装備者的攻撃力在每回合增加5~15点。,装备者的攻撃力在每回合增加5~15点。,装備者は毎ターン攻撃力を5~15点増加する。,The wearer gains +5~15 attack power each turn.,裝備者的攻擊力在每回合增加5~15點。,装备者的攻撃力在每回合增加5~15点。,장비자는 매 턴 공격력을 5~15점 증가한다.
Equipment.Diamond,ダイヤモンドの聖核,Diamond's Holy Core,黛雅的聖核,黛雅的圣核,ダイヤモンドの聖核,Diamond's Holy Core,黛雅的聖核,黛雅的圣核,다이아몬드의 성핵
Equipment.Diamond_Info,行動不能になる時35%のHPで一回復活する。,"When incapacitated, revives once with 35% HP.",在行動不能時，將以35%的HP復活一次。,在行动不能时，将以35%的HP复活一次。,行動不能になる時35%のHPで一回復活する。,"When incapacitated, revives once with 35% HP.",在無法行動時，將以35%的HP復活一次。,在无法行动时，将以35%的HP复活一次。,전투 불능이 될 때 HP 35%로 1회 부활한다
Equipment.Hisui,ヒスイの聖核,Hisui's Holy Core,翡翠的聖核,翡翠的圣核,ヒスイの聖核,Hisui's Holy Core,翡翠的聖核,翡翠的圣核,비취의 성핵
Equipment.Hisui_Info,装備者が必ずバトルの最初に行動する。,The wearer always acts first in battle.,裝備者必定在戰鬥開始時先行動。,装备者必定在战斗开始时先行动。,装備者が必ずバトルの最初に行動する。,The wearer always acts first in battle.,裝備者必定在戰鬥開始時先行動。,装备者必定在战斗开始时先行动。,장착자는 반드시 전투 시작 시 가장 먼저 행동한다
Items,アイテム名とその説明文,アイテム名とその説明文,アイテム名とその説明文,アイテム名とその说明文,アイテム名とその説明文,アイテム名とその説明文,アイテム名とその説明文,アイテム名とその说明文,아이템명과 그 설명문
Item.Croissant,クロワッサン,Croissant,可頌,可颂,クロワッサン,Croissant,可頌,可颂,크루아상
Item.Croissant_Info,エレガントな味覚を楽しむための特別な軽食。,A special snack to enjoy an elegant taste.,能夠隨時體驗優雅的味道的方便輕食。,能够随时体验优雅的味道的方便轻食。,エレガントな味覚を楽しむための特別な軽食。,A special snack to enjoy an elegant taste.,享受優雅味蕾體驗的方便輕食。,能够随时体验优雅的味道的方便轻食。,엘레강스한 미각을 즐기기 위한 특별한 간식.
Item.Bread,食パン,Bread,白麵包,白面包,食パン,Bread,吐司,白面包,식빵
Item.Bread_Info,一切の準備が必要なく、どこでも手軽に摂取できるため、忙しい人々に力強い支えを提供している。,"Requires no preparation and can be easily consumed anywhere, providing strong support for busy individuals.",完全不需要準備隨時都可以補充體力的食物。這麼多年來一直支撐著忙碌的人們的生活。,完全不需要准备随时都可以补充体力的食物。这么多年来一直支撑著忙碌的人们的生活。,一切の準備が必要なく、どこでも手軽に摂取できるため、忙しい人々に力強い支えを提供している。,"Requires no preparation and can be easily consumed anywhere, providing strong support for busy individuals.",完全不需要準備，隨時都可以補充體力的食物。這麼多年來一直支撐著忙碌的人們的生活。,完全不需要准备随时都可以补充体力的食物。这幺多年来一直支撑着忙碌的人们的生活。,"일절 준비가 필요 없고, 어디서든 간편하게 섭취할 수 있어, 바쁜 사람들에게 강력한 버팀목을 제공하고 있다."
Item.Melonpan,メロンパン,Melon Bread,哈密瓜面包,哈密瓜面包,メロンパン,Melon Bread,哈密瓜麵包,哈密瓜面包,멜론빵
Item.Melonpan_Info,甘さとふんわりとした食感が特徴の美味しい軽食。,Nice to eat,有點甜甜的麵包。,有点甜甜的面包。,甘さとふんわりとした食感が特徴の美味しい軽食。,Nice to eat,有點甜甜的麵包。,有点甜甜的面包。,단맛과 폭신한 식감이 특징인 맛있는 간식.
Item.Pancake,パンケーキ,,鬆餅,松饼,パンケーキ,Pancake,鬆餅,松饼,팬케이크
Item.Pancake_Info,人気のある朝食料理。,,在年輕人間特別有人氣的早餐。,在年轻人间特别有人气的早餐。,人気のある朝食料理。,A popular breakfast dish loved by many.,在年輕人間特別有人氣的早餐。,在年轻人间特别有人气的早餐。,인기 있는 아침 식사 요리.
Item.Baguette,バゲット,,法國面包,法国面包,バゲット,Baguette,法國麵包,法国面包,바게트
Item.Baguette_Info,棒状の形をしているパン。,,棒状的麵包。,棒状的面包。,棒状の形をしているパン。,"A long, stick-shaped piece of bread.",棒狀造型麵包。,棒状的面包。,막대기 모양을 한 빵.
Item.Hotdog,ホットドッグ,,熱狗,热狗,ホットドッグ,Hot dog,熱狗堡,热狗,핫도그
Item.Hotdog_Info,ソーセージを長いバンに挟んだファーストフード。,,ソーセージを長いバンに挟んだファーストフード。,ソーセージを长いバンに挟んだファーストフード。,ソーセージを長いバンに挟んだファーストフード。,A classic fast food consisting of a sausage in a long bun.,將熱狗香腸夾入長型軟法的經典速食。,将热狗香肠夹入长型软法的经典速食。,소시지를 긴 빵에 끼운 패스트푸드.
Item.Spegetti,スパゲッティ,,スパゲッティ,スパゲッティ,スパゲッティ,Spagetti,義大利麵,意大利面,스파게티
Item.Spegetti_Info,,,,,,,,,
Item.Omelette,オムライス,,オムライス,オムライス,オムライス,Omelet rice,蛋包飯,蛋包饭,오므라이스
Item.Omelette_Info,,,,,,,,,
Item.SteakSet,ステーキ定食,Steak,ステーキ定食,ステーキ定食,ステーキ定食,Steak,牛排定食,牛排定食,스테이크 정식
Item.SteakSet_Info,ジューシーなステーキ肉と付け合わせを組み合わせた、満足感のある食事セット。,,ジューシーなステーキ肉と付け合わせを組み合わせた、満足感のある食事セット。,ジューシーなステーキ肉と付け合わせを组み合わせた、満足感のある食事セット。,ジューシーなステーキ肉と付け合わせを組み合わせた、満足感のある食事セット。,A satisfying meal featuring a juicy steak served with assorted sides.,鮮美多汁的牛排搭配精緻配菜，極具飽足感的超值套餐。,鲜美多汁的牛排搭配精致配菜，极具饱足感的超值套餐。,"육즙 가득한 스테이크 고기와 곁들임 요리를 조합한, 만족감 있는 식사 세트."
Item.Sandwich,サンドイッチ,,サンドイッチ,サンドイッチ,サンドイッチ,,三明治,三文治,샌드위치
Item.Sandwich_Info,,,,,,,,,
Item.Coffee,コーヒー,,コーヒー,コーヒー,コーヒー,Coffee,咖啡,咖啡,커피
Item.Coffee_Info,,,,,,,,,
Item.Tea,紅茶,,紅茶,红茶,紅茶,Black Tea,紅茶,红茶,홍차
Item.Tea_Info,,,,,,,,,
Item.Cola,コーラ,,コーラ,コーラ,コーラ,Coke,可樂,可乐,콜라
Item.Cola_Info,,,,,,,,,
Item.Parfait,パフェ,,パフェ,パフェ,パフェ,Sundae,聖代,圣代,파르페
Item.Parfait_Info,,,,,,,,,
Item.M24,柄付手榴弾,Stick Grenade,柄式手榴弾,柄式手榴弾,柄付手榴弾,Stick Grenade,柄式手榴彈,柄式手榴弾,막대 수류탄
Item.M24_Info,手投げ弾を投げてダメージを与える。,Throw this hand grenade to inflict damage.,向敵人投擲以造成傷害。,向敌人投掷以造成伤害。,手投げ弾を投げてダメージを与える。,Throw this hand grenade to inflict damage.,向敵人投擲以造成傷害。,向敌人投掷以造成伤害。,수류탄을 던져 데미지를 준다.
Item.FirstAid,救急箱,First Aid Kit,救急箱,救急箱,救急箱,First Aid Kit,救急箱,救急箱,구급상자
Item.FirstAid_Info,効果が不安定だが、緊急時には仕方ない。,"Its effectiveness is inconsistent, but in an emergency, there's no choice.",效果有點不穩定，但是緊急事沒辦法想那麼多。,效果有点不稳定，但是紧急事没办法想那么多。,効果が不安定だが、緊急時には仕方ない。,"Its effectiveness is inconsistent, but in an emergency, there's no choice.",效果有點不穩定，但在緊急關頭也別無他法。,效果有点不稳定，但是紧急事没办法想那幺多。,"효과가 불안정하지만, 긴급 시에는 어쩔 수 없다."
Ability,特殊技名とその説明文 (背景色でキャラを分ける),特殊技名とその説明文 (背景色でキャラを分ける),特殊技名とその説明文 (背景色でキャラを分ける),特殊技名とその说明文 (背景色でキャラを分ける),特殊技名とその説明文 (背景色でキャラを分ける),特殊技名とその説明文 (背景色でキャラを分ける),特殊技名とその説明文 (背景色でキャラを分ける),特殊技名とその说明文 (背景色でキャラを分ける),특수기명과 그 설명문 (배경색으로 캐릭터 구분)
Ability.DeepBreath,緊急回復,Emergency Heal,緊急回復,紧急回复,緊急回復,Emergency Heal,緊急回復,紧急回复,긴급 회복
Ability.DeepBreath_Info,"自身のHPを回復
残りHPが少ないほど回復量が多くなる","Restores your own HP.
Recovery increases as remaining HP decreases.","回復自身的HP
HP越少回復量越多","回复自身的HP
HP越少回复量越多","自身のHPを回復
残りHPが少ないほど回復量が多くなる","Restores your own HP.
Recovery increases as remaining HP decreases.","回復自身的HP
HP越少回復量越多","回复自身的HP
HP越少回复量越多","자신의 HP를 회복
남은 HP가 적을수록 회복량이 많아진다"
Ability.PowerfulPunch,パワフルパンチ,Powerful Punch,重拳,重拳,パワフルパンチ,Powerful Punch,重拳,重拳,파워풀 펀치
Ability.PowerfulPunch_Info,"敵１体に普通攻撃の2.5倍ダメージを与える。
使用者がその後の1ターン行動不能になる","Deals 2.5x normal attack damage to a single enemy.
User becomes unable to act for 1 turn afterward.","對敵人單體造成普通攻撃的2.5倍傷害。
使用者會陷入行動不能1回合。","对敌人单体造成普通攻撃的2.5倍伤害。
使用者会陷入行动不能1回合。","敵１体に普通攻撃の2.5倍ダメージを与える。
使用者がその後の1ターン行動不能になる","Deals 2.5x normal attack damage to a single enemy.
User becomes unable to act for 1 turn afterward.","對敵人單體造成普通攻擊的2.5倍傷害。
使用者會無法行動1回合。","对敌人单体造成普通攻撃的2.5倍伤害。
使用者会陷入行动不能1回合。","적 １체에게 일반 공격의 2.5배 데미지를 준다.
사용자가 그 후 1턴 행동 불능이 된다"
Ability.Tackle,共倒れ,Mutual Collapse,同歸於盡,同归于尽,共倒れ,Mutual Collapse,同歸於盡,同归于尽,동귀어진
Ability.Tackle_Info,敵１体と共に1ターン行動不能になる,Both you and a single enemy become unable to act for 1 turn.,與一名敵人一起行動不能1回合。,与一名敌人一起行动不能1回合。,敵１体と共に1ターン行動不能になる,Both you and a single enemy become unable to act for 1 turn.,與一名敵人一起無法行動1回合。,与一名敌人一起行动不能1回合。,적 １체와 함께 1턴 행동 불능이 된다
Ability.SuckingTentacle,吸収触手,Absorbing Tentacles,触手吸收,触手吸收,吸収触手,Absorbing Tentacles,觸手吸收,触手吸收,흡수 촉수
Ability.SuckingTentacle_Info,"相手のSPを半分吸収する

女性相手ならHPも吸収する","Absorbs half of the target’s SP.
If the target is female, also absorbs HP.","吸收一名敵人一半的SP

如果目標是女性連HP也一起吸","吸收一名敌人一半的SP

如果目标是女性连HP也一起吸","相手のSPを半分吸収する

女性相手ならHPも吸収する","Absorbs half of the target’s SP.
If the target is female, also absorbs HP.","吸收一名敵人一半的SP

如果目標是女性連HP也一起吸","吸收一名敌人一半的SP

如果目标是女性连HP也一起吸","상대의 SP를 절반 흡수한다

여성 상대라면 HP도 흡수한다"
Ability.TentacleService,触手サービス,Tentacle Service,触手服務,触手服务,触手サービス,Tentacle Service,觸手服務,触手服务,촉수 서비스
Ability.TentacleService_Info,SPを全部味方に分け与える。(女性相手のみ有効),Distributes all your SP to allies. (Only effective on female allies),將自己的SP全部轉給一名隊友 (只對女性對象有效),将自己的SP全部转给一名队友 (只对女性对象有效),SPを全部味方に分け与える。(女性相手のみ有効),Distributes all your SP to allies. (Only effective on female allies),將自己的SP全部轉給一名隊友 (只對女性對象有效),将自己的SP全部转给一名队友 (只对女性对象有效),SP를 전부 아군에게 나누어 준다. (여성 상대에게만 유효)
Ability.Capture,媚薬ガス,Aphrodisiac Gas,媚薬噴霧,媚薬喷雾,媚薬ガス,Aphrodisiac Gas,媚藥噴霧,媚薬喷雾,미약 가스
Ability.Capture_Info,"敵１体の攻撃力・スピードを一時25%ダウン

女性相手なら防御力と攻撃力をダウンさせる","Reduces a single enemy's attack and speed by 25% temporarily.
If the target is female, also reduces their defense.","讓一名敵人的攻撃力和速度暫時下降25%

如果對象是女性的話攻擊力與防御力也一起下降","让一名敌人的攻撃力和速度暂时下降25%

如果对象是女性的话攻击力与防御力也一起下降","敵１体の攻撃力・スピードを一時25%ダウン

女性相手なら防御力と攻撃力をダウンさせる","Reduces a single enemy's attack and speed by 25% temporarily.
If the target is female, also reduces their defense.","讓一名敵人的攻擊力和速度暫時下降25%
如果對象是女性的話攻擊力與防禦力也一起下降","让一名敌人的攻撃力和速度暂时下降25%

如果对象是女性的话攻击力与防御力也一起下降","적 １체의 공격력・속도를 일시적으로 25% 다운

여성 상대라면 방어력과 공격력을 다운시킨다"
Ability.SelfRepair,自己修復,Self-Repair,自我修復,自我修复,自己修復,Self-Repair,自我修復,自我修复,자가 수복
Ability.SelfRepair_Info,35% HP 回復,Restores 35% HP.,回復 35% HP ,回复 35% HP ,35% HP 回復,Restores 35% HP.,回復 35% HP,回复 35% HP,35% HP 회복
Ability.SelfEnchant,自己改造,Self-Mod,自我改造,自我改造,自己改造,Self-Mod,自我改造,自我改造,자가 개조
Ability.SelfEnchant_Info,ランダムのバフを獲得する,Grants a random buff.,獲得隨機的BUFF,获得随机的BUFF,ランダムのバフを獲得する,Grants a random buff.,獲得隨機的BUFF,获得随机的BUFF,랜덤 버프를 획득한다
Ability.Booster,ブースト,Boost,超頻,超频,ブースト,Boost,超頻,超频,부스트
Ability.Booster_Info,攻撃力 15% アップ,Increases attack by 15%.,攻撃力 增加 15% ,攻撃力 增加 15% ,攻撃力 15% アップ,Increases attack by 15%.,攻擊力 增加 15%,攻撃力 增加 15%,공격력 15% 업
Ability.HealAttack,エナジーレーザー,Energy Laser,能量攻擊,能量攻击,エナジーレーザー,Energy Laser,能量攻擊,能量攻击,에너지 레이저
Ability.HealAttack_Info,相手に30ダメージを与える,Inflicts 30 damage on the target.,對一名敵人造成30點傷害,对一名敌人造成30点伤害,相手に30ダメージを与える,Inflicts 30 damage on the target.,對一名敵人造成30點傷害,对一名敌人造成30点伤害,상대에게 30 데미지를 준다
Ability.GreatRegen,ヒーリング,Healing,回復,回复,ヒーリング,Healing,回復,回复,힐링
Ability.GreatRegen_Info,HPとSPを回復。HPは持続的回復する,"Restores HP and SP, with continuous HP recovery over time.",回復HP和SP。HP會持續回復。,回复HP和SP。HP会持续回复。,HPとSPを回復。HPは持続的回復する,"Restores HP and SP, with continuous HP recovery over time.",回復HP和SP。HP會持續回復。,回复HP和SP。HP会持续回复。,HP와 SP를 회복. HP는 지속적으로 회복된다
Ability.Milk,ミルク補給,Milk Supply,人奶補給,人奶补给,ミルク補給,Milk Supply,人奶補給,人奶补给,밀크 보급
Ability.Milk_Info,味方1体 HP 20~30 回復させる。,Restores 20~30 HP to one ally.,隊友單體回復 HP 20~30。,队友单体回复 HP 20~30。,味方1体 HP 20~30 回復させる。,Restores 20~30 HP to one ally.,隊友單體回復 HP 20~30。,队友单体回复 HP 20~30。,아군 1체 HP 20~30 회복시킨다.
Ability.MilkCookie,特濃ミルク,Extra-Rich Milk,特濃人奶,特浓人奶,特濃ミルク,Extra-Rich Milk,特濃人奶,特浓人奶,특농 밀크
Ability.MilkCookie_Info,行動不能以外のデバフをすべて解除する。,Removes all debuffs except incapacitation.,行動不能以外的DEBUFF全部解除。,行动不能以外的DEBUFF全部解除。,行動不能以外のデバフをすべて解除する。,Removes all debuffs except incapacitation.,行動不能以外的DEBUFF全部解除。,行动不能以外的DEBUFF全部解除。,행동 불능 이외의 디버프를 전부 해제한다.
Ability.MilkOverdrive,ミルク補給オーバードライブ,Milk Supply Overdrive,人奶補給 OVERDRIVE,人奶补给 OVERDRIVE,ミルク補給オーバードライブ,Milk Supply Overdrive,人奶補給 OVERDRIVE,人奶补给 OVERDRIVE,밀크 보급 오버드라이브
Ability.MilkOverdrive_Info,"過度にミルク搾って味方全員に分ける。
明穂以外の味方全員が全回復する。
使用後 ミルク補給 と ミルク補給オバードライブ が今回のバトルで使用不可となる。","Excessively milks oneself and distributes it to all allies.
Fully restores HP and SP of all allies except Akiho.
After use, Milk Supply and Milk Supply Overdrive become unusable for the current battle.","過度的榨取人奶來分給隊友全員。
明穗以外的隊友全員狀態全回復。
使用後 特濃人奶 和 人奶補給 將不能使用","过度的榨取人奶来分给队友全员。
明穗以外的队友全员状态全回复。
使用后 特浓人奶 和 人奶补给 将不能使用","過度にミルク搾って味方全員に分ける。
明穂以外の味方全員が全回復する。
使用後 ミルク補給 と ミルク補給オバードライブ が今回のバトルで使用不可となる。","Excessively milks oneself and distributes it to all allies.
Fully restores HP and SP of all allies except Akiho.
After use, Milk Supply and Milk Supply Overdrive become unusable for the current battle.","過度榨取人奶來分給隊友全員。
明穗以外的隊友全隊回復全狀態。
使用後 特濃人奶 和 人奶補給 將不能使用","过度的榨取人奶来分给队友全员。
明穗以外的队友全员状态全回复。
使用后 特浓人奶 和 人奶补给 将不能使用","과도하게 밀크를 짜서 아군 전원에게 나눈다.
아키호 이외의 아군 전원이 완전 회복한다.
사용 후 밀크 보급과 밀크 보급 오버드라이브가 이번 배틀에서 사용 불가 상태가 된다."
Ability.Overdrive,オーバードライブ,Overdrive,超速档,超速档,オーバードライブ,Overdrive,超速檔,超速档,오버드라이브
Ability.Overdrive_Info,"３ターン連続行動することができる。
その後３ターン行動不能となる。","Act continuously for 3 turns.
Unable to act for 3 turns afterward.","可以連續行動三次。
但是使用後將會陷入行動不能狀態3回合。","可以连续行动三次。
但是使用后将会陷入行动不能状态3回合。","３ターン連続行動することができる。
その後３ターン行動不能となる。","Act continuously for 3 turns.
Unable to act for 3 turns afterward.","可以連續行動三次。
但是使用後將會無法行動狀態3回合。","可以连续行动三次。
但是使用后将会陷入无法行动状态3回合。","３턴 연속 행동할 수 있다.
그 후 ３턴 행동 불능이 된다."
Ability.QuickAttack,連撃,Combo Attack,連擊,连击,連撃,Combo Attack,連擊,连击,연격
Ability.QuickAttack_Info,ランダム攻撃x3,Randomly attacks 3 times.,隨機攻擊敵人x3,随机攻击敌人x3,ランダム攻撃x3,Randomly attacks 3 times.,隨機攻擊敵人x3,随机攻击敌人x3,랜덤 공격x3
Ability.Fist,正拳突き,Straight Punch,正拳,正拳,正拳突き,Straight Punch,正拳,正拳,정권 찌르기
Ability.Fist_Info,ターンを消耗せずに敵単体を攻撃する。,Attack a single enemy without consuming your turn.,不消耗回合來攻擊一個敵人。,不消耗回合来攻击一个敌人。,ターンを消耗せずに敵単体を攻撃する。,Attack a single enemy without consuming your turn.,不消耗回合來攻擊一個敵人。,不消耗回合来攻击一个敌人。,턴을 소모하지 않고 적 단체를 공격한다.
Ability.Repel,反撃の意思,Intent to Counterattack,反擊的意志,反击的意志,反撃の意思,Intent to Counterattack,反擊的意志,反击的意志,반격의 의지
Ability.Repel_Info,一定時間内、攻撃されるたびに自身の防御力の割合に基づく反射ダメージを与える,"Reflects damage based on your defense whenever you're attacked, for a limited duration.",在一定時間內被攻擊時會反彈傷害。(反彈傷害依照自身的防御力計算),在一定时间内被攻击时会反弹伤害。(反弹伤害依照自身的防御力计算),一定時間内、攻撃されるたびに自身の防御力の割合に基づく反射ダメージを与える,"Reflects damage based on your defense whenever you're attacked, for a limited duration.",在一定時間內被攻擊時會反彈傷害。(反彈傷害依照自身的防禦力計算),在一定时间内被攻击时会反弹伤害。(反弹伤害依照自身的防御力计算),"일정 시간 내, 공격받을 때마다 자신의 방어력 비율에 기반한 반사 데미지를 준다"
Ability.GuardUp,不動のオーラ,Immovable Aura,堅定的光環,坚定的光环,不動のオーラ,Immovable Aura,堅定的光環,坚定的光环,부동의 오라
Ability.GuardUp_Info,2 ターン間防御力99アップ,Raises defense by 99 for 2 turns.,2回合內防御力增加99點,2回合内防御力增加99点,2 ターン間防御力99アップ,Raises defense by 99 for 2 turns.,2回合內防禦力增加99點,2回合内防御力增加99点,2 턴간 방어력 99 업
Ability.GuardianAngel,不滅の加護,Immortal Protection,不滅的加護,不灭的加护,不滅の加護,Immortal Protection,不滅的加護,不灭的加护,불멸의 가호
Ability.GuardianAngel_Info,１ターンの間味方全員が受けるダメージを無効にする。,Negates all damage received by allies for 1 turn.,本回合內隊友所受到的傷害全部無效。,本回合内队友所受到的伤害全部无效。,１ターンの間味方全員が受けるダメージを無効にする。,Negates all damage received by allies for 1 turn.,本回合內隊友所受到的傷害全部無效。,本回合内队友所受到的伤害全部无效。,１턴 동안 아군 전원이 받는 데미지를 무효로 한다.
Ability.Hacking,ハッキング,Hacking,駭客攻擊,骇客攻击,ハッキング,Hacking,駭客攻擊,骇客攻击,해킹
Ability.Hacking_Info,"ターゲットをハッキングしてバトル終了までの間傀儡として操る。京への攻撃をすべて傀儡が代わりに受ける (機械類の敵のみ有効)
ターゲットとのレベル差と目標の残りHPが成功確率を左右する","Hacks the target, controlling it as a puppet until the end of battle.
The puppet receives all damage intended for Kei.
(Only effective on mechanical enemies. Success rate depends on level difference and target's remaining HP.)","控制住一名敵人將其當做傀儡操控。以京為目標的攻擊全部會由該傀儡代為承受 (只對機械類的敵人有效)
該技能由幾率會失敗，成功率由雙方的等級差而定。","控制住一名敌人将其当做傀儡操控。以京为目标的攻击全部会由该傀儡代为承受 (只对机械类的敌人有效)
该技能由几率会失败，成功率由双方的等级差而定。","ターゲットをハッキングしてバトル終了までの間傀儡として操る。京への攻撃をすべて傀儡が代わりに受ける (機械類の敵のみ有効)
ターゲットとのレベル差と目標の残りHPが成功確率を左右する","Hacks the target, controlling it as a puppet until the end of battle.
The puppet receives all damage intended for Kei.
(Only effective on mechanical enemies. Success rate depends on level difference and target's remaining HP.)","控制住一名敵人將其當做傀儡操控。以京為目標的攻擊全部會由該傀儡代為承受 (只對機械類的敵人有效)
該技能由幾率會失敗，成功率由雙方的等級差而定。","控制住一名敌人将其当做傀儡操控。以京为目标的攻击全部会由该傀儡代为承受 (只对机械类的敌人有效)
该技能由几率会失败，成功率由双方的等级差而定。","타겟을 해킹하여 배틀 종료 시까지 꼭두각시로 조종한다. 케이를 향한 공격을 전부 꼭두각시가 대신 받는다 (기계류 적에게만 유효)
타겟과의 레벨 차이와 목표의 남은 HP가 성공 확률을 좌우한다"
Ability.SuicideAttack,自爆指示,Self-Destruct Command,自爆指示,自爆指示,自爆指示,Self-Destruct Command,自爆指示,自爆指示,자폭 지시
Ability.SuicideAttack_Info,"ハッキングした傀儡を自爆攻撃を行わせる。
傀儡の残りHPがダメージとする。","Forces the hacked puppet to self-destruct, dealing damage equal to its remaining HP.","命令傀儡進行自爆攻擊。
造成的傷害為該傀儡的剩餘HP。","命令傀儡进行自爆攻击。
造成的伤害为该傀儡的剩余HP。","ハッキングした傀儡を自爆攻撃を行わせる。
傀儡の残りHPがダメージとする。","Forces the hacked puppet to self-destruct, dealing damage equal to its remaining HP.","命令傀儡進行自爆攻擊。
造成的傷害為該傀儡的剩餘HP。","命令傀儡进行自爆攻击。
造成的伤害为该傀儡的剩余HP。","해킹한 꼭두각시에게 자폭 공격을 시킨다.
꼭두각시의 남은 HP가 데미지가 된다."
Ability.Suicide,自爆攻撃,Self-Destruct Attack,自爆攻撃,自爆攻撃,自爆攻撃,Self-Destruct Attack,自爆攻擊,自爆攻撃,자폭 공격
Ability.Suicide_Info,"自爆攻撃を行う。
残りHPがダメージとする。","Performs a self-destruct attack.
Deals damage equal to remaining HP.","進行自爆攻擊。
造成的傷害為自身剩餘的HP。","进行自爆攻击。
造成的伤害为自身剩余的HP。","自爆攻撃を行う。
残りHPがダメージとする。","Performs a self-destruct attack.
Deals damage equal to remaining HP.","進行自爆攻擊。
造成的傷害為自身剩餘的HP。","进行自爆攻击。
造成的伤害为自身剩余的HP。","자폭 공격을 한다.
남은 HP가 데미지가 된다."
Ability.Reprogram,リファクタリング,Refactoring,代碼優化,代码优化,リファクタリング,Refactoring,代碼優化,代码优化,리팩토링
Ability.Reprogram_Info,ターゲットのプログラムを再作成し、攻撃力と防御を上昇させる。(機械類の目標のみ有効),"Rewrites the target’s program, increasing its attack and defense. (Only effective on mechanical targets)",對該對象的代碼進行優化，提高攻擊力與防御力。（只對機械類目標有效）,对该对象的代码进行优化，提高攻击力与防御力。（只对机械类目标有效）,ターゲットのプログラムを再作成し、攻撃力と防御を上昇させる。(機械類の目標のみ有効),"Rewrites the target’s program, increasing its attack and defense. (Only effective on mechanical targets)",對該對象的代碼進行優化，提高攻擊力與防禦力。（只對機械類目標有效）,对该对象的代码进行优化，提高攻击力与防御力。（只对机械类目标有效）,"타겟의 프로그램을 재작성하여, 공격력과 방어를 상승시킨다. (기계류 목표에게만 유효)"
Ability.EffeciencyBoost,システム修復,System Restore,系統修復,系统修复,システム修復,System Restore,系統修復,系统修复,시스템 수복
Ability.EffeciencyBoost_Info,ターゲットのプログラムを最適化し、HPを回復させ、すぐに次の行動をとることができるようにする。(機械類の目標のみ有効),"Optimizes the target’s program, recovering its HP and immediately allowing it another action. (Only effective on mechanical targets)",對該對象的代碼進行優化、回復該對象的HP、並讓其能夠即刻進行下一回合的行動。(只對機械類敵人有效),对该对象的代码进行优化、回复该对象的HP、并让其能够即刻进行下一回合的行动。(只对机械类敌人有效),ターゲットのプログラムを最適化し、HPを回復させ、すぐに次の行動をとることができるようにする。(機械類の目標のみ有効),"Optimizes the target’s program, recovering its HP and immediately allowing it another action. (Only effective on mechanical targets)",對該對象的代碼進行優化、回復該對象的HP、並讓其能夠即刻進行下一回合的行動。(只對機械類敵人有效),对该对象的代码进行优化、回复该对象的HP、并让其能够即刻进行下一回合的行动。(只对机械类敌人有效),"타겟의 프로그램을 최적화하여, HP를 회복시키고, 즉시 다음 행동을 취할 수 있도록 한다. (기계류 목표에게만 유효)"
Ability.DroneSupport,火力支援,Fire Support,火力支援,火力支援,火力支援,Fire Support,火力支援,火力支援,화력 지원
Ability.DroneSupport_Info,"アンドロイドを召喚する
最大同時2体を召喚できる","Summons androids.
Can summon up to 2 simultaneously.","召喚機器人
最多召喚2個","召唤机器人
最多同时召唤两个","アンドロイドを召喚する
最大同時2体を召喚できる","Summons androids.
Can summon up to 2 simultaneously.","召喚機器人
最多召喚2個","召唤机器人
最多同时召唤两个","안드로이드를 소환한다
최대 동시에 2체를 소환할 수 있다"
Ability.RepairFriend,修理,Repair,維修,维修,修理,Repair,維修,维修,수리
Ability.RepairFriend_Info,仲間のHPを15%回復する,Restores 15% HP of an ally.,治療隊友的HP15%。,治疗队友的HP15%。,仲間のHPを15%回復する,Restores 15% HP of an ally.,治療隊友的HP15%。,治疗队友的HP15%。,아군의 HP를 15% 회복한다.
Ability.PowerMode,雷神之相,Thunder God's Form,雷神之相,雷神之相,雷神之相,Thunder God's Form,雷神之相,雷神之相,뇌신지상
Ability.PowerMode_On,雷神之相 (入),Thunder God's Form (On),雷神之相 (入),雷神之相 (入),雷神之相 (入),Thunder God's Form (On),雷神之相 (入),雷神之相 (入),뇌신지상 (입)
Ability.PowerMode_Off,雷神之相 (切),Thunder God's Form (Off),雷神之相 (切),雷神之相 (切),雷神之相 (切),Thunder God's Form (Off),雷神之相 (切),雷神之相 (切),뇌신지상 (절)
Ability.PowerMode_Info,"有効にすると攻撃が70%アップ。
常時 20 ダメージ受ける。

スキルを有効・無効にするときターンを消耗しない","When activated, increases attack by 70%, but continuously takes 20 damage.
Activating/deactivating does not consume a turn.","使用時攻擊力提升70%
但是每回合會受到 20 點傷害。

技能可以隨時開關切換且不會消耗回合","使用时攻击力提升70%
但是每回合会受到 20 点伤害。

技能可以随时开关切换且不会消耗回合","有効にすると攻撃が70%アップ。
常時 20 ダメージ受ける。

スキルを有効・無効にするときターンを消耗しない","When activated, increases attack by 70%, but continuously takes 20 damage.
Activating/deactivating does not consume a turn.","使用時攻擊力提升70%
但是每回合會受到 20 點傷害。

技能可以隨時開關切換且不會消耗回合","使用时攻击力提升70%
但是每回合会受到 20 点伤害。

技能可以随时开关切换且不会消耗回合","활성화하면 공격이 70% 업.
상시 20 데미지를 받는다.

스킬을 활성화・비활성화할 때 턴을 소모하지 않는다"
Ability.ChargeAttack,明鏡止水,Clear Mind,明鏡止水,明镜止水,明鏡止水,Clear Mind,明鏡止水,明镜止水,명경지수
Ability.ChargeAttack_Info,"次の攻撃のために力を貯めて、攻撃力を150%上げる。
連続使用でバフを重ねることができる。","Focuses energy for the next attack, increasing attack power by 150%.
Buff stacks with repeated use.","為了下一次攻擊而蓄力，攻擊力增加150%
連續使用可以重疊。","为了下一次攻击而蓄力，攻击力增加150%
连续使用可以重叠。","次の攻撃のために力を貯めて、攻撃力を150%上げる。
連続使用でバフを重ねることができる。","Focuses energy for the next attack, increasing attack power by 150%.
Buff stacks with repeated use.","為了下一次攻擊而蓄力，攻擊力增加150%
連續使用可以重疊。","为了下一次攻击而蓄力，攻击力增加150%
连续使用可以重叠。","다음 공격을 위해 힘을 모아, 공격력을 150% 올린다.
연속 사용으로 버프를 중첩할 수 있다."
Ability.Ultimate,絶命破斬,Fatal Slash,絕命破斬,绝命破斩,絶命破斬,Fatal Slash,絕命破斬,绝命破斩,절명파참
Ability.Ultimate_Info,"敵１体に大量のダメージを与える。HPが少ないほどダメージが高くなる。
与えたダメージを吸収してHPを回復する。","Deals massive damage to a single enemy. Damage increases as your HP decreases.
Absorbs the damage dealt to restore your HP.","對一名敵人造成大量傷害，使用者的HP越少傷害越高。
吸收造成的傷害來回復自身HP。","对一名敌人造成大量伤害，使用者的HP越少伤害越高。
吸收造成的伤害来回复自身HP。","敵１体に大量のダメージを与える。HPが少ないほどダメージが高くなる。
与えたダメージを吸収してHPを回復する。","Deals massive damage to a single enemy. Damage increases as your HP decreases.
Absorbs the damage dealt to restore your HP.","對一名敵人造成大量傷害，使用者的HP越少傷害越高。
吸收造成的傷害來回復自身HP。","对一名敌人造成大量伤害，使用者的HP越少伤害越高。
吸收造成的伤害来回复自身HP。","적 １체에게 대량의 데미지를 준다. HP가 적을수록 데미지가 높아진다.
준 데미지를 흡수하여 HP를 회복한다."
Ability.Stungun_Info,スタンガンでターゲットを1ターン行動不能にする。,Stuns a target for 1 turn.,使敵人麻痺一回合，陷入行動不能狀態。,使敌人麻痺一回合，陷入行动不能状态。,スタンガンでターゲットを1ターン行動不能にする。,Stuns a target for 1 turn.,使敵人麻痺一回合，陷入無法行動狀態。,使敌人麻痹一回合，陷入无法行动状态。,스턴건으로 타겟을 1턴 행동 불능으로 만든다.
Ability.DivineShield,エナジーシールド,Energy Shield,能量盾,能量盾,エナジーシールド,Energy Shield,能量盾,能量盾,에너지 실드
Ability.DivineShield_Info,次に受けたダメージを無効にする,Negates the next instance of damage received.,將下一次受到的傷害無效化,将下一次受到的伤害无效化,次に受けたダメージを無効にする,Negates the next instance of damage received.,將下一次受到的傷害無效化。,将下一次受到的伤害无效化,다음에 받은 데미지를 무효로 한다
Ability.DivineRapier,ディバインキャリバー,Divine Caliber,能量光劍,能量光剑,ディバインキャリバー,Divine Caliber,能量光劍,能量光剑,디바인 캘리버
Ability.DivineRapier_Info,敵単体を攻撃し、防御力を極端まで低下させてそして無力化する。,"Attacks a single enemy, drastically lowering its defense and disabling it.",對一名敵人造成傷害，並同時將對方的防御力降低至一個極端。,对一名敌人造成伤害，并同时将对方的防御力降低至一个极端。,敵単体を攻撃し、防御力を極端まで低下させてそして無力化する。,"Attacks a single enemy, drastically lowering its defense and disabling it.",對一名敵人造成傷害，並同時將對方的防禦力降低至一個極端。,对一名敌人造成伤害，并同时将对方的防御力降低至一个极端。,"적 단체를 공격하여, 방어력을 극한까지 저하시키고 무력화."
Ability.StunShield,トラップシールド,Trap Shield,陷阱盾,陷阱盾,トラップシールド,Trap Shield,陷阱盾,陷阱盾,트랩 실드
Ability.StunShield_Info,次にエレナを攻撃するものは一時行動不能になる。,The next attacker on Erena is temporarily incapacitated.,下一個攻擊艾蓮娜的敵人將會暫時陷入行動不能狀態。,下一个攻击艾莲娜的敌人将会暂时陷入行动不能状态。,次にエレナを攻撃するものは一時行動不能になる。,The next attacker on Erena is temporarily incapacitated.,下一個攻擊艾蓮娜的敵人將會暫時陷入無法行動的狀態。,下一个攻击艾莲娜的敌人将会暂时陷入行动不能状态。,다음에 엘레나를 공격하는 자는 일시적으로 행동 불능이 된다.
Ability.SitDown,お座り,Sit,坐下,坐下,お座り,Sit,坐下,坐下,앉아
Ability.SitDown_Info,ダイヤちゃんは犬としてよく躾されている。ご主人様のコマンドに応じて座ることができる。,Diamond is well-trained as a dog and obediently sits on command.,黛雅經常接受良好的訓練，能夠根據主人的指令坐下。,黛雅经常接受良好的训练，能够根据主人的指令坐下。,ダイヤちゃんは犬としてよく躾されている。ご主人様のコマンドに応じて座ることができる。,Diamond is well-trained as a dog and obediently sits on command.,黛雅經常接受良好的訓練，能夠根據主人的指令坐下。,黛雅经常接受良好的训练，能够根据主人的指令坐下。,다이아쨩은 개로서 잘 훈련되어 있다. 주인님의 명령에 따라 앉을 수 있다.
Ability.Bite,噛みつく,Bite,咬,咬,噛みつく,Bite,咬,咬,물어뜯기
Ability.Bite_Info,敵単体を噛んで1ターン行動不能にする。,"Bites a single enemy, incapacitating them for 1 turn.",對敵方單個目標進行咬擊，使其在1回合無法行動。,对敌方单个目标进行咬击，使其在1回合无法行动。,敵単体を噛んで1ターン行動不能にする。,"Bites a single enemy, incapacitating them for 1 turn.",對敵方單個目標進行咬擊，使其在1回合無法行動。,对敌方单个目标进行咬击，使其在1回合无法行动。,적 1명을 물어 1턴 동안 행동 불능으로 만든다.
Ability.StopThinking,思考停止,Thought Stop,停止思考,停止思考,思考停止,Thought Stop,停止思考,停止思考,사고 정지
Ability.StopThinking_Info,下級戦闘員には余計な思考は不要。集中力を上げてしばらく攻撃力アップ。,Lower-ranking soldiers don't need excessive thoughts. Temporarily increases attack power by enhancing concentration.,對於下級戰鬥員來說，不需要多餘的思考。集中精神，提升攻擊力一段時間。,对于下级战斗员来说，不需要多余的思考。集中精神，提升攻击力一段时间。,下級戦闘員には余計な思考は不要。集中力を上げてしばらく攻撃力アップ。,Lower-ranking soldiers don't need excessive thoughts. Temporarily increases attack power by enhancing concentration.,對於下級戰鬥員來說，不需要多餘的思考。集中精神，提升攻擊力一段時間。,对于下级战斗员来说，不需要多余的思考。集中精神，提升攻击力一段时间。,하급 전투원에게 불필요한 생각은 필요 없다. 집중력을 높여 잠시 공격력이 상승한다.
Ability.Horny,発情,In Heat,發情,发情,発情,In Heat,發情,发情,발정
Ability.Horny_Info,下級戦闘員の調教を最後まで受けたものはいつでも発情できる。発動者が3ターン発情状態になる。,"Soldiers who have completed their training can become ""in heat"" anytime. The user enters ""heat"" status for 3 turns.",接受過下級戰鬥員的調教的人隨時可以發情。發動者將進入發情狀態3回合。,接受过下级战斗员的调教的人随时可以发情。发动者将进入发情状态3回合。,下級戦闘員の調教を最後まで受けたものはいつでも発情できる。発動者が3ターン発情状態になる。,"Soldiers who have completed their training can become ""in heat"" anytime. The user enters ""heat"" status for 3 turns.",接受過下級戰鬥員的調教的人隨時可以發情。發動者將進入發情狀態3回合。,接受过下级战斗员的调教的人随时可以发情。发动者将进入发情状态3回合。,하급 전투원 조교를 끝까지 받은 자는 언제든 발정할 수 있다. 사용자는 3턴 동안 발정 상태가 된다.
Ability.DiamondSlash,袈裟上げ,Diagonal Slash,鈍擊,钝击,袈裟上げ,Diagonal Slash,鈍擊,钝击,케사 올려베기
Ability.DiamondSlash_Info,"ダイヤの技。
敵単体を２ターン行動不能にする。","Diamond’s skill.
Incapacitate a single enemy for 2 turns.",黛雅的技能。使單個敵人暈眩2回合。,黛雅的技能。使单个敌人晕眩2回合。,"ダイヤの技。
敵単体を２ターン行動不能にする。","Diamond’s skill.
Incapacitate a single enemy for 2 turns.",黛雅的技能。使單個敵人暈眩2回合。,黛雅的技能。使单个敌人晕眩2回合。,다이아의 기술. 적 1명을 2턴 동안 행동 불능으로 만든다.
HomeCharacter,ホーム台詞,ホーム台詞,ホーム台詞,ホーム台词,ホーム台詞,ホーム台詞,ホーム臺詞,ホーム台词,홈 대사
HomeChar.No5_1-1,「こんにちは、何かご用はありますか？」,"「Hello, how can I help you?」",「您好，找我有什麼事嗎？」,「您好，找我有什么事吗？」,「こんにちは、何かご用はありますか？」,"「Hello, how can I help you?」",「您好，找我有什麼事嗎？」,「您好，找我有什幺事吗？」,"「안녕하세요, 무슨 용무이신가요?」"
HomeChar.No5_1-2,「ドクター、貴方の活躍を期待しています。」,"「Docter, we look forward to seeing you in action.」",「博士，我很期待你的活躍。」,「博士，我很期待你的活跃。」,「ドクター、貴方の活躍を期待しています。」,"「Docter, we look forward to seeing you in action.」",「博士，我很期待你的活躍。」,「博士，我很期待你的活跃。」,"「닥터, 당신의 활약을 기대하고 있습니다.」"
HomeChar.No5_1-3,「準備は万全です。いつでも出撃できます。」,「All set. We're ready to action.」,「已經準備就緒，隨時可以出撃。」,「已经准备就绪，随时可以出撃。」,「準備は万全です。いつでも出撃できます。」,「All set. We're ready to action.」,「已經準備就緒，隨時可以出擊。」,「已经准备就绪，随时可以出撃。」,「준비는 완료되었습니다. 언제든 출격할 수 있습니다.」
HomeChar.No5_1-4,「状況は非常に悪いです。聖核戦姫を何とかしないと...」,「The situation is very bad. We have to do something about the Seikaku Princess...」,「財團的情況非常糟糕。必須對聖核戦姫做點什麼...」,「财团的情况非常糟糕。必须对圣核戦姫做点什么...」,「状況は非常に悪いです。聖核戦姫を何とかしないと...」,「The situation is very bad. We have to do something about the Seikaku Princess...」,「財團的情況非常糟糕。必須對聖核戰姬做點什麼...」,「财团的情况非常糟糕。必须对圣核戦姫做点什幺...」,「상황은 매우 나쁩니다. 성핵전희를 어떻게든 하지 않으면...」
HomeChar.No5_2-3,「オリジナルの研究開発は順調ですか？」,「How's the research of my 'original' doing?」,「對'本體'的研究還順利嗎？」,「对'本体'的研究还顺利吗？」,「オリジナルの研究開発は順調ですか？」,「How's the research of my 'original' doing?」,「對『本體』的研究還順利嗎？」,「对'本体'的研究还顺利吗？」,「오리지널의 연구 개발은 순조롭습니까?」
HomeChar.Akiho_2-1,「なんですか？おっぱい搾ってくれるんですか？」,「What is it? Are you going to squeeze my tits?」,「怎麼了？要幫我榨奶了嗎...？」,「怎么了？要帮我榨奶了吗...？」,「なんですか？おっぱい搾ってくれるんですか？」,「What is it? Are you going to squeeze my tits?」,「怎麼了？要幫我榨奶了嗎...？」,「怎幺了？要帮我榨奶了吗...？」,「뭐예요? 젖 짜주게요?」
HomeChar.Akiho_2-2,「どうせなら六花も一緒に…」,「Hope Rikka is here with me…」,「都這樣了還不如六花也一起來…」,「都这样了还不如六花也一起来…」,「どうせなら六花も一緒に…」,「Hope Rikka is here with me…」,「都這樣了還不如六花也一起來…」,「都这样了还不如六花也一起来…」,「이왕이면 릿카도 같이…」
HomeChar.Akiho_2-3,「おっぱいが張って来ちゃった…搾ってもらわなきゃ」,「My tits are getting so tight... I need to have them squeezed」,「胸部開始漲起來了... 得讓人幫我榨一下了」,「胸部开始涨起来了... 得让人帮我榨一下了」,「おっぱいが張って来ちゃった…搾ってもらわなきゃ」,「My tits are getting so tight... I need to have them squeezed」,「胸部開始漲起來了... 得讓人幫我榨一下了」,「胸部开始涨起来了... 得让人帮我榨一下了」,「젖이 불어버렸어… 짜줘야 해」
HomeChar.Akiho_2-4,「……？私のミルク飲みますか？」,「……? Want to drink my milk?」,「……？要喝我的奶嗎？」,「……？要喝我的奶吗？」,「……？私のミルク飲みますか？」,「……? Want to drink my milk?」,「……？要喝我的奶嗎？」,「……？要喝我的奶吗？」,「……? 제 우유 마실래요?」
HomeChar.No72_3-1,「こんにちは、何かご用はありますか？」,"「Hello, how can I help you?」",「您好，請問有什麼能幫您的嗎？」,「您好，请问有什么能帮您的吗？」,「こんにちは、何かご用はありますか？」,"「Hello, how can I help you?」",「您好，請問有什麼能幫您的嗎？」,「您好，请问有什幺能帮您的吗？」,"「안녕하세요, 무슨 용무이신가요?」"
HomeChar.No72_3-2,「…そのデータは私の中に存在していません」,「…That data doesn't exist in my memory」,「…我的記憶裡沒有這項數據」,「…我的记忆里没有这项数据」,「…そのデータは私の中に存在していません」,「…That data doesn't exist in my memory」,「…我的記憶裡沒有這項數據」,「…我的记忆里没有这项数据」,「…그 데이터는 제 안에 존재하지 않습니다」
HomeChar.No72_3-3,「何かご命令ですか？」,「Any order?」,「有什麼要命令我的嗎？」,「有什么要命令我的吗？」,「何かご命令ですか？」,「Any order?」,「有什麼要命令我的嗎？」,「有什幺要命令我的吗？」,「무슨 명령이십니까?」
HomeChar.No72_3-4,「私に感情はプログラムされていません。他のクローンと同様です」,「I am not programmed with emotions. I am like any other clone.」,「我並沒有被植入情感這項功能。就像其他克隆人一樣。」,「我并没有被植入情感这项功能。就像其他克隆人一样。」,「私に感情はプログラムされていません。他のクローンと同様です」,「I am not programmed with emotions. I am like any other clone.」,「我並沒有被植入情感這項功能。就像其他克隆人一樣。」,「我并没有被植入情感这项功能。就像其他克隆人一样。」,「제게 감정은 프로그램되어 있지 않습니다. 다른 클론과 마찬가지입니다」
HomeChar.Erena_5-1,「愚かな私ですが、存分にお使いください」,"「I am a fool, but use me to your heart's content」",「雖然是這樣愚笨的我，但是請主人盡情利用。」,「虽然是这样愚笨的我，但是请主人尽情利用。」,「愚かな私ですが、存分にお使いください」,"「I am a fool, but use me to your heart's content」",「雖然是這樣愚笨的我，但是請主人盡情利用。」,「虽然是这样愚笨的我，但是请主人尽情利用。」,"「어리석은 저입니다만, 마음껏 써 주십시오」"
HomeChar.Erena_5-2,「聖核戦姫に聖月生徒会…今はただの殲滅対象に過ぎません」,"「The Seikaku Princess, and the Student Council behind them... now they are merely targets for annihilation.」",「聖核戰姬和司令部…現在對我來說只不過是殲滅對象」,「圣核战姬和司令部…现在对我来说只不过是歼灭对象」,「聖核戦姫に対怪人特殊防衛組織…今はただの殲滅対象に過ぎません」,"「The Seikaku Princess, and the association behind them... now they are merely targets for annihilation.」",「聖核戰姬和司令部…現在對我來說只不過是殲滅對象」,「圣核战姬和司令部…现在对我来说只不过是歼灭对象」,「성핵전희에 성월학생회… 지금은 그저 섬멸 대상에 지나지 않습니다」
HomeChar.Erena_5-3,「そろそろご主人様にご奉仕する時間です」,「It's about time of the day to serve my master」,「是時候到主人的侍奉時間了」,「是时候到主人的侍奉时间了」,「そろそろご主人様にご奉仕する時間です」,「It's about time of the day to serve my master」,「是時候到侍奉主人的時間了」,「是时候到主人的侍奉时间了」,「슬슬 주인님께 봉사할 시간입니다」
HomeChar.Erena_5-4,「那由多…？その話はちょっと…」,「Nayuta…? I wouldn't like to talk about that now…」,「那由多…？這個話題有點…」,「那由多…？这个话题有点…」,「那由多…？その話はちょっと…」,「Nayuta…? I wouldn't like to talk about that now…」,「那由多…？這個話題有點…」,「那由多…？这个话题有点…」,「나유타…? 그 이야기는 좀…」
HomeChar.Kei_5-1,「暇だね…なんか楽しいことない？」,「I'm bored…Anything fun to do?」,「好閒啊…有沒有什麼快樂的活？」,「好闲啊…有没有什么快乐的活？」,「暇だね…なんか楽しいことない？」,「I'm bored…Anything fun to do?」,「好閒啊…有沒有什麼快樂的活動？」,「好闲啊…有没有什幺快乐的活？」,「심심하네… 뭔가 재밌는 일 없어?」
HomeChar.Kei_5-2,「なんか用？実験なら付き合うよ」,「What's up? I'd like to be part of your experiment」,「有什麼事嗎？實驗的話我隨時奉陪喔」,「有什么事吗？实验的话我随时奉陪喔」,「なんか用？実験なら付き合うよ」,「What's up? I'd like to be part of your experiment」,「有什麼事嗎？實驗的話我隨時奉陪喔」,「有什幺事吗？实验的话我随时奉陪喔」,「무슨 일이야? 실험이라면 어울려줄게」
HomeChar.Kei_5-3,「…ちょっと精液欲しくなってきたかも」,「…I think I might be craving for semen」,「…有點想要精液了」,「…有点想要精液了」,「…ちょっと精液欲しくなってきたかも」,「…I think I might be craving for semen」,「…有點想要精液了」,「…有点想要精液了」,「…좀 정액이 땡기기 시작했을지도」
HomeChar.Kei_5-4,「聖核戦姫狩りに行ってこようかな」,「I'm feeling like to hunt the Seikaku Princess」,「去狩獵一下聖核戰姬好了」,「去狩猎一下圣核战姬好了」,「聖核戦姫狩りに行ってこようかな」,「I'm feeling like to hunt the Seikaku Princess」,「去狩獵一下聖核戰姬好了」,「去狩猎一下圣核战姬好了」,「성핵전희 사냥하러 가볼까」
HomeChar.Nayuta_F-1,「私の力…その全てを捧げます…♥」,「I'd happy to devote my power... all of it.…♥」,「我的所有…全部獻給主人…♥」,「我的所有…全部献给主人…♥」,「私の力…その全てを捧げます…♥」,「I'd happy to devote my power... all of it.…♥」,「我的所有…全部獻給主人…♥」,「我的所有…全部献给主人…♥」,「저의 힘… 그 모든 것을 바치겠습니다…♥」
HomeChar.Nayuta_F-2,「聖核戦姫…私が一匹残らず捕獲します」,「The Seikaku Princess I will capture every last one of them」,「聖核戰姬…由我來一隻不剩的將其捕獲」,「圣核战姬…由我来一只不剩的将其捕获」,「聖核戦姫…私が一匹残らず捕獲します」,「The Seikaku Princess I will capture every last one of them」,「聖核戰姬…由我來一隻不剩的將其捕獲」,「圣核战姬…由我来一只不剩的将其捕获」,「성핵전희… 제가 한 마리 남김없이 포획하겠습니다」
HomeChar.Nayuta_F-3,「…弱者は強者に従うのみです」,「...the weak follow the strong. That's all I need to do」,「…弱者只有向強者屈服這個選擇」,「…弱者只有向强者屈服这个选择」,「…弱者は強者に従うのみです」,「...the weak follow the strong. That's all I need to do」,「…弱者只有向強者屈服這個選擇」,「…弱者只有向强者屈服这个选择」,「…약자는 강자에게 따를 뿐입니다」
HomeChar.Kei_DLC_1-1,「逃げ出した二人はどこにいるのかな？」,「I wonder where those two runaways went?」,「逃跑的兩人現在會在哪裡呢？」,「逃跑的两人现在会在哪里呢？」,「逃げ出した二人はどこにいるのかな？」,「I wonder where those two runaways went?」,「逃跑的兩人現在會在哪裡呢？」,「逃跑的两人现在会在哪里呢？」,「도망친 두 사람은 어디에 있을까?」
HomeChar.Kei_DLC_1-2,「戦闘員化の研究は順調だよ。」,「Research on combatant conversion is going smoothly.」,「戰鬥員化的研究進展很順利唷。」,「战斗员化的研究进展很顺利唷。」,「戦闘員化の研究は順調だよ。」,「Research on combatant conversion is going smoothly.」,「戰鬥員化的研究進展很順利唷。」,「战斗员化的研究进展很顺利唷。」,「전투원화 연구는 순조로워.」
HomeChar.Kei_DLC_1-3,「どうやらエレナの所が大変なことになっているみたいだね？」,"「Looks like things have gotten complicated at Erena's place, huh?」",「看來艾蓮娜那邊情況好像很不得了？」,「看来艾莲娜那边情况好像很不得了？」,「どうやらエレナの所が大変なことになっているみたいだね？」,"「Looks like things have gotten complicated at Erena's place, huh?」",「看來艾蓮娜那邊情況好像很不得了？」,「看来艾莲娜那边情况好像很不得了？」,"「키, 키ーーー엣! 무슨 용무이십니까……?」"
HomeChar.Kei_DLC_1-4,「聖核戦姫を発見したけど…状況は良くないみたい。」,"「We've found the Holy Core Valkyrie, but... the situation doesn't look good.」",「找到聖核戰姬了，但...狀況似乎不太妙。」,「找到圣核战姬了，但...状况似乎不太妙。」,「聖核戦姫を発見したけど…状況は良くないみたい。」,"「We've found the Holy Core Valkyrie, but... the situation doesn't look good.」",「找到聖核戰姬了，但...狀況似乎不太妙。」,「找到圣核战姬了，但...状况似乎不太妙。」,(……어딘가에 쓸만한 정보는……?)
HomeChar.Kei_DLC_1-5,「さて…残りは雑魚聖核戦姫一匹だ。」,「Well now... all that's left is one weak Holy Core Valkyrie.」,「好了...剩下的只有一隻小咖聖核戰姬了。」,「好了...剩下的只有一只小咖圣核战姬了。」,「さて…残りは雑魚聖核戦姫一匹だ。」,「Well now... all that's left is one weak Holy Core Valkyrie.」,「好了...剩下的只有一隻沒用的聖核戰姬了。」,「好了...剩下的只有一只小咖圣核战姬了。」,「키잇ーーーーーー!」
HomeChar.Kei_DLC_1-6,「作戦は計画通り…さ、とっとと終わらせちゃおう。」,「The operation's going according to plan... Let's finish this quickly.」,「作戰進行非常順利...來吧，趕快結束吧。」,「作战进行非常顺利...来吧，赶快结束吧。」,「作戦は計画通り…さ、とっとと終わらせちゃおう。」,「The operation's going according to plan... Let's finish this quickly.」,「作戰進行非常順利...來吧，趕快結束吧。」,「作战进行非常顺利...来吧，赶快结束吧。」,「키이ーーー잇! 재단에 충성을 바칩니다!」
HomeChar.Hisui_DLC_1-1,「き、キィーーーーッ！何かご用でしょうか……？」,「S-Screeeech! Did you need something...?」,「啊、啊啊啊啊！有什麼事嗎……？」,「啊、啊啊啊啊！有什么事吗……？」,「き、キィーーーーッ！何かご用でしょうか……？」,「S-Screeeech! Did you need something...?」,「啊、啊啊啊啊！有什麼事嗎……？」,「啊、啊啊啊啊！有什幺事吗……？」,「키잇ーーーーーー!」
HomeChar.Hisui_DLC_1-2,(……どこかに使えそうな情報は……？),(...Is there any useful information around here...?),(……有沒有什麼看起來可以利用的情報……？),(……有没有什么看起来可以利用的情报……？),(……どこかに使えそうな情報は……？),(...Is there any useful information around here...?),(……有沒有什麼看起來可以利用的情報……？),(……有没有什幺看起来可以利用的情报……？),"「키, 키ーーー잇!(언젠가 반드시 이 조직을 장악해주겠어…)!!」"
HomeChar.sentouin46_DLC_1-1,「キィーーーーーーッ！」,「Screeeeeeech!」,「啊啊啊啊啊啊！」,「啊啊啊啊啊啊！」,「キィーーーーーーッ！」,「Screeeeeeech!」,「啊啊啊啊啊啊！」,「啊啊啊啊啊啊！」,「와훗♥ 주인님이신가요…읏!?」
HomeChar.sentouin46_DLC_1-2,「キィーーーッ！財団に忠誠を捧げます！」,「Screeeech! I pledge my loyalty to the Foundation!」,「啊啊啊！我將忠誠奉獻給財團！」,「啊啊啊！我将忠诚奉献给财团！」,「キィーーーッ！財団に忠誠を捧げます！」,「Screeeech! I pledge my loyalty to the Foundation!」,「啊啊啊！我將忠誠奉獻給財團！」,「啊啊啊！我将忠诚奉献给财团！」,"「헤헷, 헤헷, 헤헷, 에헤헤…♥」"
HomeChar.sentouin22_DLC_1-1,「キィーーーーーーッ！」,「Screeeeeeech!」,「啊啊啊啊啊啊！」,「啊啊啊啊啊啊！」,「キィーーーーーーッ！」,「Screeeeeeech!」,「啊啊啊啊啊啊！」,「啊啊啊啊啊啊！」,「저는 주인님께 길들여진 충견입니다…♥」
HomeChar.sentouin22_DLC_1-2,「き、キィーーッ！(いつか絶対この組織を乗っ取ってやる…)！！」,「S-Screeeech! (Someday I'll definitely take over this organization...!)」,「啊、啊啊啊啊！（總有一天我一定會奪取這個組織…！！）」,「啊、啊啊啊啊！（总有一天我一定会夺取这个组织…！！）」,「き、キィーーッ！(いつか絶対この組織を乗っ取ってやる…)！！」,「S-Screeeech! (Someday I'll definitely take over this organization...!)」,「啊、啊啊啊啊！（總有一天我一定會奪取這個組織…！！）」,「啊、啊啊啊啊！（总有一天我一定会夺取这个组织…！！）」,「꺄앙♥…훈육 조교 시간인가요…? 이 못난 개에게 잔뜩 벌을 내려주세요…읏♥」
HomeChar.Daiya_DLC_1-1,「わふっ♥ご主人様ですか…っ！？」,"「Woof♥ Is that you, Master...?」",「汪！♥是主人嗎…！」,「汪！♥是主人吗…！」,「わふっ♥ご主人様ですか…っ！？」,"「Woof♥ Is that you, Master...?」",「汪！♥是主人嗎…！」,「汪！♥是主人吗…！」,「왈프♥ 주인님이신가요…!?」
HomeChar.Daiya_DLC_1-2,「へっ、へっ、へっ、えへへぇ…♥」,"「Heh, heh, heh, eheheh...♥」",「嘿、嘿、嘿、嘻嘻…♥」,「嘿、嘿、嘿、嘻嘻…♥」,「へっ、へっ、へっ、えへへぇ…♥」,"「Heh, heh, heh, eheheh...♥」",「嘿、嘿、嘿、嘻嘻…♥」,「嘿、嘿、嘿、嘻嘻…♥」,"「헤엑, 헤엑, 헤엑… 에헤헤…♥」"
HomeChar.Daiya_DLC_1-3,「私はご主人様に躾けられた忠犬です…♥」,"「I’m Master's obedient pet, trained to serve...♥」",「我是被主人完美訓練過的忠犬…♥」,「我是被主人完美训练过的忠犬…♥」,「私はご主人様に躾けられた忠犬です…♥」,"「I’m Master's obedient pet, trained to serve...♥」",「我是被主人完美訓練過的忠犬…♥」,「我是被主人完美训练过的忠犬…♥」,「저는 주인님께 길들여진 충견입니다…♥」
HomeChar.Daiya_DLC_1-4,「きゃんっ♥…躾けの時間ですか…？この駄犬に沢山お仕置きしてくださいっ…♥」,「Yelp♥ ...Is it time for training...? Please punish this worthless dog plenty...♥」,「喵♥…訓練時間到了嗎…？請多多懲罰這隻笨狗吧…♥」,「喵♥…训练时间到了吗…？请多多惩罚这只笨狗吧…♥」,「きゃんっ♥…躾けの時間ですか…？この駄犬に沢山お仕置きしてくださいっ…♥」,「Yelp♥ ...Is it time for training...? Please punish this worthless dog plenty...♥」,「喵♥…訓練時間到了嗎…？請多多懲罰這隻笨狗吧…♥」,「喵♥…训练时间到了吗…？请多多惩罚这只笨狗吧…♥」,「캥♥… 훈련 시간인가요…? 이 못난 개에게 잔뜩 벌을 내려주세요…♥」
WorldScene,ワールド画面台詞,WorldMap Dialogue,ワールド画面台詞,ワールド画面台词,ワールド画面台詞,WorldMap Dialogue,ワールド畫面臺詞,ワールド画面台词,월드 화면 대사
World.Chapter2-3,「今回の作戦には“笹谷 明穂”が必要です。急いで調教のほうを進みましょう。」,"「We need ""Sasaya Akiho"" for this mission. Let's hurry up and proceed with the training.」",「今回の作戦には“笹谷 明穗”が必要です。急いで調教のほうを進みましょう。」,「今回の作戦には“笹谷 明穗”が必要です。急いで调教のほうを进みましょう。」,「今回の作戦には“笹谷 明穂”が必要です。急いで調教のほうを進みましょう。」,"""We need 'Sasaya Akiho' for this mission. Let's hurry up and proceed with the training.""",「這次的作戰需要〈笹谷 明穗〉的參與。調教那邊，請儘快推進。」,「这次的作战需要〈笹谷 明穗〉的参与。调教那边，请尽快推进。」,「이번 작전에는 “사사야 아키호”가 필요합니다. 서둘러 조교를 진행합시다.」
World.Chapter3-3,「六花の調教は進んでますか？とっとと堕としちゃってください！」,「How is Rikka's training going? Just take her down already!」,「六花の調教は進んでますか？とっとと堕としちゃってください！」,「六花の调教は进んでますか？とっとと堕としちゃってください！」,「六花の調教は進んでますか？とっとと堕としちゃってください！」,"""How is Rikka's training going? Just take her down already!""",「六花的調教進展怎麼樣？快點讓她徹底墮落吧！」,「六花的调教进展怎幺样？快点让她彻底堕落吧！」,「릿카의 조교는 진행되고 있습니까? 빨리 타락시켜 주십시오!」
World.Chapter5-3,「八雲那由多は強敵です。“清藤エレナ”を戦力に出来ればいいのですが…」,"「Yakumo Nayuta is a formidable opponent. I hope we can make use of Seidō Erena here...""」",「八雲那由多は強敵です。“清藤エレナ”を戦力に出来ればいいのですが…」,「八云那由多は强敌です。“清藤エレナ”を戦力に出来ればいいのですが…」,「八雲那由多は強敵です。“清藤エレナ”を戦力に出来ればいいのですが…」,"""Yakumo Nayuta is a formidable opponent. I hope we can make use of Seidō Erena here...""",「八雲那由多是個強敵……若能把〈清藤艾蓮娜〉納入戰力就好了……」,「八云那由多是个强敌……若能把〈清藤艾莲娜〉纳入战力就好了……」,「야쿠모 나유타는 강적입니다. “세이토 엘레나”를 전력으로 삼을 수 있다면 좋겠습니다만…」
World.Chapter6-1,「ついに我々が世界を征服する時です。戦力は万全にしておきましょう」,,「我們終於要征服世界了。讓我們確保戰力充足再出征吧。」,「我们终于要征服世界了。让我们确保战力充足再出征吧。」,「ついに我々が世界を征服する時です。戦力は万全にしておきましょう」,"""The time has finally come for us to conquer the world. Ensure our forces are at peak readiness.""",「我們終於要征服世界了。讓我們確保戰力充足再出徵吧。」,「我们终于要征服世界了。让我们确保战力充足再出征吧。」,「드디어 우리가 세계를 정복할 때입니다. 전력은 만전으로 해둡시다」
World.DLC-2,「脱走者の捜索に人手を割けません。出動人数は2人が限界です。」,,「無法調派這麼多人手搜尋區區逃亡者。出動人數兩人就是極限了。」,「无法调派这么多人手搜寻区区逃亡者。出动人数两人就是极限了。」,「脱走者の捜索に人手を割けません。出動人数は2人が限界です。」,"""We cannot spare any more personnel to search for the escapees. The deployment limit is two people.""",「無法調派這麼多人手搜尋區區逃亡者。出動人數兩人就是極限了。」,「无法调派这幺多人手搜寻区区逃亡者。出动人数两人就是极限了。」,「탈주자 수색에 인력을 투입할 여유가 없습니다. 출동 인원은 2명이 한계입니다。」
World.DLC-8,「先にダイヤちゃんを躾けちゃおうか。」,,「我們先來訓練一下小黛雅吧。」,「我们先来训练一下小黛雅吧。」,「先にダイヤちゃんを躾けちゃおうか。」,"""Shall we start disciplining Daiya first?""",「我們先來訓練一下小黛雅吧。」,「我们先来训练一下小黛雅吧。」,「먼저 다이아쨩을 훈련시켜 볼까?」
World.DLC-8-2,このステージでは「猫宮 京」を出動させることができません。,,在這個關卡中無法派遣猫宮 京。,在这个关卡中无法派遣猫宫 京。,このステージでは「猫宮 京」を出動させることができません。,"""Nekomiya Kei"" cannot be deployed for this stage.",在這個關卡中無法派遣貓宮 京。,在这个关卡中无法派遣猫宫 京。,이 스테이지에서는 「네코미야 쿄」를 출전시킬 수 없습니다.
BattleLog,戦闘ログ,Battlelog,戦闘ログ,戦闘ログ,戦闘ログ,Battlelog,戦闘ログ,戦闘ログ,전투 로그
BattleLog.Attack,{0}　の攻撃！,{0}'s attack!,{0}　的攻擊！,{0}　的攻击！,{0}　の攻撃！,{0}'s attack!,{0}　的攻擊！,{0}　的攻击！,{0}의 공격!
BattleLog.Damage,{0}　に　{1}　のダメージを与えた！,Deals {1} damage to {0}!,向　{0}　造成　{1}　點傷害！,向　{0}　造成　{1}　点伤害！,{0}　に　{1}　のダメージを与えた！,Deals {1} damage to {0}!,向　{0}　造成　{1}　點傷害！,向　{0}　造成　{1}　点伤害！,{0}에게 {1}의 데미지를 주었다!
BattleLog.HealHP,{0}　の HPが {1} 回復した！,{0}'s HP is healed by {1}!,{0}　回復了 {1} 點 HP！,{0}　回复了 {1} 点 HP！,{0}　の HPが {1} 回復した！,{0}'s HP is healed by {1}!,{0}　回復了 {1} 點 HP！,{0}　回复了 {1} 点 HP！,{0}의 HP가 {1} 회복되었다!
BattleLog.HealSP,{0}　の SPが {1} 回復した！,{0}'s SP is healed by {1}!,{0}　回復了 {1} 點 SP！,{0}　回复了 {1} 点 SP！,{0}　の SPが {1} 回復した！,{0}'s SP is healed by {1}!,{0}　回復了 {1} 點 SP！,{0}　回复了 {1} 点 SP！,{0}의 SP가 {1} 회복되었다!
BattleLog.MissAttack,{0}　に避けられた！,{0} evades the attack!,被　{0}　閃躲掉了！,被　{0}　闪躲掉了！,{0}　に避けられた！,{0} evades the attack!,被　{0}　閃躲掉了！,被　{0}　闪躲掉了！,{0}에게 회피당했다!
BattleLog.ItemSelf,{0}　が {1} を使った。,{0} uses {1}.,{0}　使用了 {1} 。,{0}　使用了 {1} 。,{0}　が {1} を使った。,{0} uses {1}.,{0}　使用了 {1} 。,{0}　使用了 {1} 。,"{0}, {1} 사용했다."
BattleLog.ItemSelfToSelf,{0}　が自分に {1} を使った。,{0} uses {1}.,{0}　對自己使用了 {1} 。,{0}　对自己使用了 {1} 。,{0}　が自分に {1} を使った。,{0} uses {1}.,{0}　對自己使用了 {1} 。,{0}　对自己使用了 {1} 。,"{0}, 자신에게 {1} 사용했다."
BattleLog.ItemOther,{0}　が {1} に {2} を使った。,{0} uses {1} to {2}.,{0}　向 {1} 使用了 {2} 。,{0}　向 {1} 使用了 {2} 。,{0}　が {1} に {2} を使った。,{0} uses {1} to {2}.,{0}　向 {1} 使用了 {2} 。,{0}　向 {1} 使用了 {2} 。,"{0}, {1}에게 {2} 사용했다."
BattleLog.Idle,{0}　が待機する。,{0} idles.,{0}　選擇待機。,{0}　选择待机。,{0}　が待機する。,{0} idles.,{0}　選擇待機。,{0}　选择待机。,"{0}, 대기한다."
BattleLog.IdleSP,{0}　が休憩をとった。SP　{1}　回復した。,{0} rested abit. SP is healed by {1}.,{0}　休息了一下。回復　{1}　點SP。,{0}　休息了一下。回复　{1}　点SP。,{0}　が休憩をとった。SP　{1}　回復した。,{0} rested abit. SP is healed by {1}.,{0}　休息了一下。回復　{1}　點SP。,{0}　休息了一下。回复　{1}　点SP。,"{0}, 휴식을 취했다. SP {1} 회복했다."
BattleLog.TankAttack,{0}　のビーム攻撃！,{0}'s beam attack!,{0}　的能量射線攻擊！,{0}　的能量射线攻击！,{0}　のビーム攻撃！,{0}'s beam attack!,{0}　的能量射線攻擊！,{0}　的能量射线攻击！,{0}의 빔 공격!
BattleLog.StunStart,{0}　が行動不能となった！,{0} became incapable of action!,{0}　陷入行動不能狀態！,{0}　陷入行动不能状态！,{0}　が行動不能となった！,{0} became incapable of action!,{0}　陷入行動不能狀態！,{0}　陷入行动不能状态！,"{0}, 행동 불능이 되었다!"
BattleLog.StunUpdate,{0}　はまだ動けない。,{0} is still stuck.,{0}　還暫時動不了。,{0}　还暂时动不了。,{0}　はまだ動けない。,{0} is still stuck.,{0}　還暫時動不了。,{0}　还暂时动不了。,"{0}, 아직 움직일 수 없다."
BattleLog.HurtStart,{0}　が怪我をした！,{0} was injured!,{0}　受傷了！,{0}　受伤了！,{0}　が怪我をした！,{0} was injured!,{0}　受傷了！,{0}　受伤了！,"{0}, 부상을 입었다!"
BattleLog.HurtUpdate,{0}　の怪我が痛む！　{1}　のダメージを受けた。,{0} injuries hurt!　{1} injuries hurt!,{0}　的傷口還在痛！受到　{1}　點傷害。,{0}　的伤口还在痛！受到　{1}　点伤害。,{0}　の怪我が痛む！　{1}　のダメージを受けた。,{0} injuries hurt!　{1} injuries hurt!,{0}　的傷口還在痛！受到　{1}　點傷害。,{0}　的伤口还在痛！受到　{1}　点伤害。,{0}의 부상이 아프다! {1}의 데미지를 받았다.
BattleLog.HurtEnd,{0}　の怪我が治った。,{0} injuries were healed.,{0}　的傷口治愈了。,{0}　的伤口治愈了。,{0}　の怪我が治った。,{0} injuries were healed.,{0}　的傷口治癒了。,{0}　的伤口治愈了。,{0}의 부상이 나았다.
BattleLog.HealStart,{0}　は継続的にHPを回復される。,{0} is continuously restored HP.,{0}　將持續回復HP。,{0}　将持续回复HP。,{0}　は継続的にHPを回復される。,{0} is continuously restored HP.,{0}　將持續回復HP。,{0}　将持续回复HP。,"{0}, 지속적으로 HP를 회복한다."
BattleLog.HealUpdate,{0}　の HP {1} 回復した。,{0} HP {1} recovered.,{0}　回復了 {1} 點HP。,{0}　回复了 {1} 点HP。,{0}　の HP {1} 回復した。,{0} HP {1} recovered.,{0}　回復了 {1} 點HP。,{0}　回复了 {1} 点HP。,{0}의 HP {1} 회복했다.
BattleLog.ShieldUpStart,{0}　の防御が固くなった。,{0} defenses have hardened.,{0}　的防御力提升了。,{0}　的防御力提升了。,{0}　の防御が固くなった。,{0} defenses have hardened.,{0}　的防禦力提升了。,{0}　的防御力提升了。,{0}의 방어가 단단해졌다.
BattleLog.ShieldDownStart,{0}　の防御が弱くなった。,{0} defense weakened.,{0}　的防御變弱了。,{0}　的防御变弱了。,{0}　の防御が弱くなった。,{0} defense weakened.,{0}　的防禦變弱了。,{0}　的防御变弱了。,{0}의 방어가 약해졌다.
BattleLog.AttackUpStart,{0}　の攻撃力が {1} 上がった！,{0}'s attack power was increased by {1}!,{0}　的攻撃力提升了 {1} 點！,{0}　的攻撃力提升了 {1} 点！,{0}　の攻撃力が {1} 上がった！,{0}'s attack power was increased by {1}!,{0}　的攻擊力提升了 {1} 點！,{0}　的攻撃力提升了 {1} 点！,{0}의 공격력이 {1} 올랐다!
BattleLog.AttackDownStart,{0}　の攻撃力が {1} 下がった！,{0}'s attack power was reduced by {1}!,{0}　的攻擊力下降了 {1} 點！,{0}　的攻击力下降了 {1} 点！,{0}　の攻撃力が {1} 下がった！,{0}'s attack power was reduced by {1}!,{0}　的攻擊力下降了 {1} 點！,{0}　的攻击力下降了 {1} 点！,{0}의 공격력이 {1} 내려갔다!
BattleLog.SpeedUpStart,{0}　の動きが {1} 速くなった。,{0} moved {1} faster.,{0}　的速度加快了 {1} 點。,{0}　的速度加快了 {1} 点。,{0}　の動きが {1} 速くなった。,{0} moved {1} faster.,{0}　的速度加快了 {1} 點。,{0}　的速度加快了 {1} 点。,{0}의 움직임이 {1} 빨라졌다.
BattleLog.SpeedDownStart,{0}　の動きが {1} 鈍くなった。,{0} movement {1} slowed down.,{0}　的速度變慢了 {1} 點。,{0}　的速度变慢了 {1} 点。,{0}　の動きが {1} 鈍くなった。,{0} movement {1} slowed down.,{0}　的速度變慢了 {1} 點。,{0}　的速度变慢了 {1} 点。,{0}의 움직임이 {1} 둔해졌다.
BattleLog.Disarm,{0}　は攻撃できなくなった,{0} can no longer attack,{0}　變得不能攻擊了,{0}　变得不能攻击了,{0}　は攻撃できなくなった,{0} can no longer attack,{0}　變得不能攻擊了,{0}　变得不能攻击了,"{0}, 공격할 수 없게 되었다"
BattleLog.Horny,{0}　が急に発情し始めた...,{0} suddenly went into heat...,{0} 突然進入發情了...,{0} 突然进入发情了...,{0}　が急に発情し始めた...,{0} suddenly went into heat...,{0} 突然進入發情了...,{0} 突然进入发情了...,{0}에게서 {1} 발사!
BattleLog.Stungun,{0}　から {1} を放つ！,{0} to {1}!,{0}　射出 {1}！,{0}　射出 {1}！,{0}　から {1} を放つ！,{0} to {1}!,{0}　射出 {1}！,{0}　射出 {1}！,{0}에서의 {1}!
BattleLog.AbilityExecute,{0}　からの {1}！,{1} from {0},{0}　的 {1}！,{0}　的 {1}！,{0}　からの {1}！,{1} from {0},{0}　的 {1}！,{0}　的 {1}！,"{0}, {1} 실행."
BattleLog.AbilityExecuteSelf,{0}　が{1}する。,{0} does {1}.,{0}　進行{1}。,{0}　进行{1}。,{0}　が{1}する。,{0} does {1}.,{0}　進行{1}。,{0}　进行{1}。,"{0}, 촉수를 {1}에게 뻗는다<cspace=-0.18em>ーー</cspace>!"
BattleLog.Tentacle,{0}　が触手を {1} に伸ばす<cspace=-0.18em>ーー</cspace>！,{0} extends its tentacles to {1} <cspace=-0.18em>ーー</cspace>!,{0}　將觸手伸向 {1} <cspace=-0.18em>ーー</cspace>！,{0}　将触手伸向 {1} <cspace=-0.18em>ーー</cspace>！,{0}　が触手を {1} に伸ばす<cspace=-0.18em>ーー</cspace>！,{0} extends its tentacles to {1} <cspace=-0.18em>ーー</cspace>!,{0}　將觸手伸向 {1} <cspace=-0.18em>ーー</cspace>！,{0}　将触手伸向 {1} <cspace=-0.18em>ーー</cspace>！,효과는 없었다.
BattleLog.NoEffect,効果はなかった。,There was no effect.,効果はなかった。,効果はなかった。,効果はなかった。,There was no effect.,沒有效果。,効果はなかった。,"SP {0}, {1}에게 나누어 주었다!"
BattleLog.GiveSP,SP {0} を {1} に分け与えた！,SP {0} was shared with {1}!,將SP {0} 點分給 {1} 了！,将SP {0} 点分给 {1} 了！,SP {0} を {1} に分け与えた！,SP {0} was shared with {1}!,將SP {0} 點分給 {1} 了！,将SP {0} 点分给 {1} 了！,{0}의 SP {1} 흡수했다!
BattleLog.SPDrain,{0}　のSP {1} 吸収した！ ,{0}’s SP {1} was absorbed!,吸收了　{0}　的SP {1} 點！ ,吸收了　{0}　的SP {1} 点！ ,{0}　のSP {1} 吸収した！ ,{0}’s SP {1} was absorbed!,吸收了　{0}　的SP {1} 點！,吸收了　{0}　的SP {1} 点！,{0}의 HP {1} 흡수했다!
BattleLog.HPDrain,{0}　のHP {1} 吸収した！,{0}'s HP {1} was absorbed!,吸收了　{0}　的HP {1} 點！ ,吸收了　{0}　的HP {1} 点！ ,{0}　のHP {1} 吸収した！,{0}'s HP {1} was absorbed!,吸收了　{0}　的HP {1} 點！,吸收了　{0}　的HP {1} 点！,"{0}, 재기 불능이 되었다."
BattleLog.Retire,{0}　が再起不能となった。,{0} is defeated.,{0}　倒下了。,{0}　倒下了。,{0}　が再起不能となった。,{0} is defeated.,{0}　倒下了。,{0}　倒下了。,"{0}, 재기 불능이 되었다."
BattleLog.Defeat,{0}　が再起不能となった。,{0} is defeated.,{0}　倒下了。,{0}　倒下了。,{0}　が再起不能となった。,{0} is defeated.,{0}　倒下了。,{0}　倒下了。,"{0}, 해킹을 시도한다! 성공 확률은 {1}"
BattleLog.Hacking,{0}　がハッキングを挑む！成功確率は {1},{0} challenges the hack! Chance of success {1},{0}　嘗試駭入該敵人！成功率為 {1},{0}　尝试骇入该敌人！成功率为 {1},{0}　がハッキングを挑む！成功確率は {1},{0} challenges the hack! Chance of success {1},{0}　嘗試駭入該敵人！成功率為 {1},{0}　尝试骇入该敌人！成功率为 {1},"성공했다! {0}, 꼭두각시가 되었다."
BattleLog.Hacking_Success,成功した！ {0}　が傀儡となった。,Success! {0} became a puppet.,成功！ {0}　成為了傀儡。,成功！ {0}　成为了傀儡。,成功した！ {0}　が傀儡となった。,Success! {0} became a puppet.,成功！ {0}　成為了傀儡。,成功！ {0}　成为了傀儡。,해킹이 실패했다.
BattleLog.Hacking_Fail,ハッキングが失敗した。,The hack failed.,失敗了。,失败了。,ハッキングが失敗した。,The hack failed.,失敗了。,失败了。,{0}의 시스템 고장이 고쳐졌다.
BattleLog.Hacking_End,{0}　のシステム故障が直った。,{0} system failure was fixed.,{0}　的系統故障被修好了。,{0}　的系统故障被修好了。,{0}　のシステム故障が直った。,{0} system failure was fixed.,{0}　的系統故障被修好了。,{0}　的系统故障被修好了。,"{0}! {1}, 지금부터 {2}회 연속 행동한다."
BattleLog.Overdrive,{0}！ {1} がこれから{2}回連続行動する。,{0} {1} will now act {2} times in succession.,{0}！ {1} 現在開始可以連續行動{2}回合。,{0}！ {1} 现在开始可以连续行动{2}回合。,{0}！ {1} がこれから{2}回連続行動する。,{0} {1} will now act {2} times in succession.,{0}！ {1} 現在開始可以連續行動{2}回合。,{0}！ {1} 现在开始可以连续行动{2}回合。,또 {0}의 턴!
BattleLog.ContinueTurn,また{0}のターン！,Another {0} turn!,還是{0}的回合！,还是{0}的回合！,また{0}のターン！,Another {0} turn!,還是{0}的回合！,还是{0}的回合！,아군 전원을 완전 회복했다!
BattleLog.TeamHeal,仲間全員を全回復した！,All of his friends were restored to full health!,隊友全員滿狀態回復了！,队友全员满状态回复了！,仲間全員を全回復した！,All of his friends were restored to full health!,隊友全員回復滿狀態了！,队友全员满状态回复了！,{0}의 {1}!
BattleLog.Usage,{0}　の　{1}！,{1} of {0},{0}　的　{1}！,{0}　的　{1}！,{0}　の　{1}！,{1} of {0},{0}　的　{1}！,{0}　的　{1}！,{0}의 방어력이 {1} 점 내려갔다.
BattleLog.ShieldDownValue,{0}　の防御力が {1} 点下げた。,{0}'s defense was lowered by {1} point.,{0}　的防御力下降了 {1} 點。,{0}　的防御力下降了 {1} 点。,{0}　の防御力が {1} 点下げた。,{0}'s defense was lowered by {1} point.,{0}　的防禦力下降了 {1} 點。,{0}　的防御力下降了 {1} 点。,다음 데미지를 완전 방어한다!
BattleLog.DivineShield,次のダメージを完全防御する！,Complete protection against the following damage!,下次受到的傷害將會完全防禦掉！,下次受到的伤害将会完全防御掉！,次のダメージを完全防御する！,Complete protection against the following damage!,下一次受到的傷害無效。,下次受到的伤害将会完全防御掉！,다음에 {0} 공격하는 자가 반발되어 잠시 행동 불능이 된다
BattleLog.StunShield,次に{0}を攻撃する者が反発されてしばらく行動不能となる,The next person to attack {0} will be repulsed and become incapable of action for a while.,下一個向{0}攻擊的對手將會陷入行動不能狀態。,下一个向{0}攻击的对手将会陷入行动不能状态。,次に{0}を攻撃する者が反発されてしばらく行動不能となる,The next person to attack {0} will be repulsed and become incapable of action for a while.,下一個向{0}攻擊的對手將會變成無法行動的狀態。,下一个向{0}攻击的对手将会陷入行动不能状态。,{0}의 반격! {1} 데미지를 되돌려주었다
BatteLog.Repel,{0}　の反撃！ {1} ダメージを跳ね返った,{0} counterattack! {1} bouncing back from the damage!,{0}　的反擊！ 造成了 {1} 點傷害。,{0}　的反击！ 造成了 {1} 点伤害。,{0}　の反撃！ {1} ダメージを跳ね返った,{0} counterattack! {1} bouncing back from the damage!,{0}　的反擊！ 造成了 {1} 點傷害。,{0}　的反击！ 造成了 {1} 点伤害。,"{0}, 자폭한다! {1}의 데미지를 주었다!"
BattleLog.Suicide,{0}　が自爆する！{1} のダメージを与えた！,{0} self-destructs! {1} damage!,{0}　進行自爆攻擊！造成了 {1} 點傷害！,{0}　进行自爆攻击！造成了 {1} 点伤害！,{0}　が自爆する！{1} のダメージを与えた！,{0} self-destructs! {1} damage!,{0}　進行自爆攻擊！造成了 {1} 點傷害！,{0}　进行自爆攻击！造成了 {1} 点伤害！,{0}의 공격력이 {1}점 증가. 방어력 {2}점 증가.
BattleLog.Reprogram,{0}　の攻撃力が{1}点増加。防御力{2}点増加。,{0} attack power increased by {1} points. Defense increased by {2} points.,{0}　的攻擊力增加了{1}點。防御力增加了{2}點。,{0}　的攻击力增加了{1}点。防御力增加了{2}点。,{0}　の攻撃力が{1}点増加。防御力{2}点増加。,{0} attack power increased by {1} points. Defense increased by {2} points.,{0}　的攻擊力增加了{1}點。防禦力增加了{2}點。,{0}　的攻击力增加了{1}点。防御力增加了{2}点。,"뇌신지상의 대가! {0}, {1} 데미지를 받았다."
BattleLog.PowerMode,雷神之相の代償！{0}が{1}ダメージを受けた。,The price of the thunder god no phase! {0} took {1} damage.,雷神之相的代價！{0}受到了{1}點傷害。,雷神之相的代价！{0}受到了{1}点伤害。,雷神之相の代償！{0}が{1}ダメージを受けた。,The price of the thunder god no phase! {0} took {1} damage.,雷神之相的代價！{0}受到了{1}點傷害。,雷神之相的代价！{0}受到了{1}点伤害。,공격을 차지한다 ーー {0} 데미지를 모았다 ({1}스택)
BattleLog.ChargeAttack,攻撃をチャージする ーー {0}ダメージをたくわえた ({1}スタック),Charge Attack - {0} Damage Stacks ({1} Stacks),進行攻擊蓄力 ーー 疊了{0}層攻擊力 ({1}スタック),进行攻击蓄力 ーー 叠了{0}层攻击力 ({1}スタック),攻撃をチャージする ーー {0}ダメージをたくわえた ({1}スタック),Charge Attack - {0} Damage Stacks ({1} Stacks),進行攻擊蓄力 ーー 疊了{0}層攻擊力 ({1}スタック),进行攻击蓄力 ーー 叠了{0}层攻击力 ({1}スタック),[{0}] {1}의 공격력이 {2} 올랐다!
BattleLog.NayutaEquip,[{0}] {1}　の攻撃力が {2} 上がった！,[{0}] {1}'s attack power was increased by {2}!,[{0}] {1}　的攻擊力上升了 {2} 點！,[{0}] {1}　的攻击力上升了 {2} 点！,[{0}] {1}　の攻撃力が {2} 上がった！,[{0}] {1}'s attack power was increased by {2}!,[{0}] {1}　的攻擊力上升了 {2} 點！,[{0}] {1}　的攻击力上升了 {2} 点！,"{0}, {1}에게 호출되었다."
BattleLog.KeiSpawn,{0} が {1} に呼び出された。,{0} is summoned by {1}.,{1}把{0}給召喚過來了。,{1}把{0}给召唤过来了。,{0} が {1} に呼び出された。,{0} is summoned by {1}.,{1}把{0}給召喚過來了。,{1}把{0}给召唤过来了。,"{0}, 다음 표적으로 지정되었다."
BattleLog.NayutaLockOn,{0} が次の標的とされている。,{0} is the next target.,{0} 被鎖定爲目標了。,{0} 被锁定为目标了。,{0} が次の標的とされている。,{0} is the next target.,{0} 被鎖定為目標了。,{0} 被锁定为目标了。,{0}이(가) 다음 표적으로 지목되었다.
BattleLog.DaiyaRevive,ダイヤモンドの聖核装備の特殊効果が発動した。　{0} はまだ戦える！,,黛雅的聖核裝備特殊效果發動了。{0} 還能繼續戰鬥！,黛雅的圣核装备特殊效果发动了。{0} 还能继续战斗！,ダイヤモンドの聖核装備の特殊効果が発動した。　{0} はまだ戦える！,,黛雅的聖核裝備特殊效果發動了。{0} 還能繼續戰鬥！,黛雅的圣核装备特殊效果发动了。{0} 还能继续战斗！,다이아몬드의 성핵 장비 특수 효과가 발동했다. {0}은(는) 아직 싸울 수 있다!
BattleLog.SitDown,{0}　お座り！　ちゃんとできてえらい！！,"{0}, sit! Good dog, well done!!",{0} 給我坐下！做得很好，真棒！！,{0} 给我坐下！做得很好，真棒！！,{0}　お座り！　ちゃんとできてえらい！！,"{0}, sit! Good dog, well done!!",{0} 給我坐下！做得很好，真棒！！,{0} 给我坐下！做得很好，真棒！！,"{0}, 앉아! 제대로 해서 참 잘했어!!"
Demo,体験版,Trial,体験版,体験版,体験版,Trial,體験版,体験版,체험판
Demo.Start,"本ソフトウェアは体験版になります。
ゲームの途中までしか遊べません。","This software is a trial version.
You can only play up to the middle of the game.","由於這是體驗版
一部分的系統功能被限制住了。
只能玩到遊戲的一部分。","由于这是体验版
一部分的系统功能被限制住了。
只能玩到游戏的一部分。","本ソフトウェアは体験版になります。
ゲームの途中までしか遊べません。","This software is a trial version.
You can only play up to the middle of the game.","由於目前是體驗版。
一部分的系統功能被限制住了。
只能玩到遊戲的一部分。","由于这是体验版
只能玩到游戏的一部分。","본 소프트웨어는 체험판입니다.
일부 기능이 제한되어 있으며, 캐릭터 보이스가 아직 전부 구현되지 않았습니다.
게임의 중간까지만 플레이할 수 있습니다.
정식 출시 버전에서는 사양 변경, 기능 추가・오류 수정의 버전 업이 있을 수 있습니다."
Demo.End,"体験版を遊んでいただき、ありがとうございます！
これからは、強くてプライドの高い変身ヒロイン達が敗北し、調教され、改造され堕ちていきます。
正式版にはヒロイン達フルボイスが実装される予定です。

体験版の気に入ったところ、そうでなかったところ、完全版を改良する提案などあれば、ぜひ教えてください！","Thank you for playing the trial version!
From now on, our strong and proud transformed heroines will be defeated, trained, remodeled and fallen.
Full character voices will be implemented in the official version.

Please let us know what you liked about the trial version, what you didn't, and any suggestions for improving the full version!","感謝您遊玩體驗版！
從這邊開始，強大而且高傲的變身女主們將會被逐一打敗，捕獲，調教和墮落成組織的忠僕。

如果對遊戲有任何建議，歡迎到Discord和作者溝通！","感谢您游玩体验版！
从这边开始，强大而且高傲的变身女主们将会被逐一打败，捕获，调教和堕落成组织的忠仆。

如果对游戏有任何建议，欢迎到Discord和作者沟通！","体験版を遊んでいただき、ありがとうございます！
これからは、強くてプライドの高い変身ヒロイン達が敗北し、調教され、改造され堕ちていきます。
正式版にはヒロイン達フルボイスが実装される予定です。

体験版の気に入ったところ、そうでなかったところ、完全版を改良する提案などあれば、ぜひ教えてください！","Thank you for playing the trial version!
From now on, our strong and proud transformed heroines will be defeated, trained, remodeled and fallen.
Full character voices will be implemented in the official version.

Please let us know what you liked about the trial version, what you didn't, and any suggestions for improving the full version!","感謝您遊玩體驗版！
從這邊開始，強大而且高傲的變身女主們將會被逐一被打敗，捕獲，調教和墮落成組織的忠僕。

如果對遊戲有任何建議，歡迎到Discord和作者溝通！","感谢您游玩体验版！
从这边开始，强大而且高傲的变身女主们将会被逐一打败，捕获，调教和堕落成组织的忠仆。

如果对游戏有任何建议，欢迎到Discord和作者沟通！","체험판을 플레이해 주셔서 감사합니다!
이제부터는, 강하고 프라이드 높은 변신 히로인들이 패배하고, 조교되고, 개조되어 타락해 갑니다.
정식판에는 부분적으로 캐릭터 보이스가 구현됩니다.

체험판에서 마음에 드셨던 점, 그렇지 않았던 점, 완전판을 개선하기 위한 제안 등이 있다면, 꼭 알려주세요!"
Demo.LockedFeature,"正式版のみ使えます
_(・ω・_)⌒)_ ","Function can only be used in the full version
_(・ω・_)⌒)_ ","正式版才可以用
_(・ω・_)⌒)_ ","正式版才可以用
_(・ω・_)⌒)_ ","正式版のみ使えます
_(・ω・_)⌒)_ ","Function can only be used in the full version
_(・ω・_)⌒)_ ","正式版才可以用
_(・ω・_)⌒)_ ","正式版才可以用
_(・ω・_)⌒)_ ","정식판에서만 사용할 수 있습니다
_(・ω・_)⌒)_ "
Demo.StartDemo,Start Demo,Start Demo,Start Demo,Start Demo,Start Demo,Start Demo,Start Demo,Start Demo,체험시작
DLC Stage Name,,,,,,,,,
DLCStage-1,プロローグ,Prologue,序章,序章,プロローグ,Prologue,序章,序章,프롤로그
DLCStage-2,最後の作戦,Last Battle,最後的作戰,最后的作战,最後の作戦,Last Battle,最後的作戰,最后的作战,최후의 작전
DLCStage-3,潜入成功,Sneaking In,潛入成功,潜入成功,潜入成功,Sneaking In,潛入成功,潜入成功,잠입 성공
DLCStage-4,旧識,Old Friend,舊識,旧识,旧識,Old Friend,舊識,旧识,옛 지인
DLCStage-5,ダイヤ,Diamond,黛雅,黛雅,ダイヤ,Diamond,黛雅,黛雅,다이아몬드
DLCStage-6,秘密兵器,Secret Weapon,秘密武器,秘密武器,秘密兵器,Secret Weapon,秘密武器,秘密武器,비밀 병기
DLCStage-7,京の計画,Kei's Plan,京的計畫,京的计划,京の計画,Kei's Plan,京的計畫,京的计划,쿄의 계획
DLCStage-8,反乱,Revolution,叛變,叛变,反乱,Revolution,叛變,叛变,반란
Credit Roll,,,,,,,,,
CreditRoll.VoiceActors,"<size=35>キャラクターボイス</size>
西瓜すいか <size=35>(笹谷明穂)</size>

砂糖しお <size=35>(水無瀬六花)</size>

梅原亜衣 <size=35>(清藤エレナ)</size>

海音ミヅチ <size=35>(猫宮 京)</size>

藤村莉央 <size=35>(八雲那由多)</size>

来夢ふらん <size=35>(西園寺ヒスイ)</size>

篠守ゆきこ <size=35>(アナスタシア・ペトロ・ダイヤモンド)</size>","<size=35>Characters' Voice</size>
<font=""JP/ipaexg SDF"">西瓜すいか</font> <size=35>(Sasaya Akiho)</size>

<font=""JP/ipaexg SDF"">砂糖しお</font> <size=35>(Minase Rikka)</size>

<font=""JP/ipaexg SDF"">梅原亜衣</font> <size=35>(Seidō Erena)</size>

<font=""JP/ipaexg SDF"">海音ミヅチ</font> <size=35>(Nekomiya Kei)</size>

<font=""JP/ipaexg SDF"">藤村莉央</font> <size=35>(Yakumo Nayuta)</size>

<font=""JP/ipaexg SDF"">来夢ふらん</font> <size=35>(Saionji Hisui)</size>

<font=""JP/ipaexg SDF"">篠守ゆきこ</font> <size=35>(Diamond)</size>","<size=35>角色配音</size>
<font=""JP/ipaexg SDF"">西瓜すいか</font> <size=35>(笹谷 明穗)</size>

<font=""JP/ipaexg SDF"">砂糖しお</font> <size=35>(水無瀬 六花)</size>

<font=""JP/ipaexg SDF"">梅原亜衣</font> <size=35>(清藤 艾蓮娜)</size>

<font=""JP/ipaexg SDF"">海音ミヅチ</font> <size=35>(猫宮 京)</size>

<font=""JP/ipaexg SDF"">藤村莉央</font> <size=35>(八雲 那由多)</size>

<font=""JP/ipaexg SDF"">来夢ふらん</font> <size=35>(西園寺 翡翠)</size>

<font=""JP/ipaexg SDF"">篠守ゆきこ</font> <size=35>(黛雅)</size>","<size=35>角色配音</size>
<font=""JP/ipaexg SDF"">西瓜すいか</font> <size=35>(笹谷 明穗)</size>

<font=""JP/ipaexg SDF"">砂糖しお</font> <size=35>(水无瀬 六花)</size>

<font=""JP/ipaexg SDF"">梅原亜衣</font> <size=35>(清藤 艾莲娜)</size>

<font=""JP/ipaexg SDF"">海音ミヅチ</font> <size=35>(猫宫 京)</size>

<font=""JP/ipaexg SDF"">藤村莉央</font> <size=35>(八云 那由多)</size>

<font=""JP/ipaexg SDF"">来夢ふらん</font> <size=35>(西园寺 翡翠)</size>

<font=""JP/ipaexg SDF"">篠守ゆきこ</font> <size=35>(黛雅)</size>","<size=35>キャラクターボイス</size>
西瓜すいか <size=35>(笹谷明穂)</size>

砂糖しお <size=35>(水無瀬六花)</size>

梅原亜衣 <size=35>(清藤エレナ)</size>

海音ミヅチ <size=35>(猫宮 京)</size>

藤村莉央 <size=35>(八雲那由多)</size>

来夢ふらん <size=35>(西園寺ヒスイ)</size>

手塚りょうこ <size=35>(アナスタシア・ペトロ・ダイヤモンド)</size>","<size=35>Characters' Voice</size>
<font=""JP/ipaexg SDF"">西瓜すいか</font> <size=35>(Sasaya Akiho)</size>

<font=""JP/ipaexg SDF"">砂糖しお</font> <size=35>(Minase Rikka)</size>

<font=""JP/ipaexg SDF"">梅原亜衣</font> <size=35>(Seidō Erena)</size>

<font=""JP/ipaexg SDF"">海音ミヅチ</font> <size=35>(Nekomiya Kei)</size>

<font=""JP/ipaexg SDF"">藤村莉央</font> <size=35>(Yakumo Nayuta)</size>

<font=""JP/ipaexg SDF"">来夢ふらん</font> <size=35>(Saionji Hisui)</size>

<font=""JP/ipaexg SDF"">手塚りょうこ</font> <size=35>(Diamond)</size>","<size=35>角色配音</size>
<font=""JP/ipaexg SDF"">西瓜すいか</font> <size=35>(笹谷 明穗)</size>

<font=""JP/ipaexg SDF"">砂糖しお</font> <size=35>(水無瀬 六花)</size>

<font=""JP/ipaexg SDF"">梅原亜衣</font> <size=35>(清藤 艾蓮娜)</size>

<font=""JP/ipaexg SDF"">海音ミヅチ</font> <size=35>(猫宮 京)</size>

<font=""JP/ipaexg SDF"">藤村莉央</font> <size=35>(八雲 那由多)</size>

<font=""JP/ipaexg SDF"">来夢ふらん</font> <size=35>(西園寺 翡翠)</size>

<font=""JP/ipaexg SDF"">手塚りょうこ</font> <size=35>(黛雅)</size>","<size=35>角色配音</size>
<font=""JP/ipaexg SDF"">西瓜すいか</font> <size=35>(笹谷 明穗)</size>

<font=""JP/ipaexg SDF"">砂糖しお</font> <size=35>(水无瀬 六花)</size>

<font=""JP/ipaexg SDF"">梅原亜衣</font> <size=35>(清藤 艾莲娜)</size>

<font=""JP/ipaexg SDF"">海音ミヅチ</font> <size=35>(猫宫 京)</size>

<font=""JP/ipaexg SDF"">藤村莉央</font> <size=35>(八云 那由多)</size>

<font=""JP/ipaexg SDF"">来夢ふらん</font> <size=35>(西园寺 翡翠)</size>

<font=""JP/ipaexg SDF"">手塚りょうこ</font> <size=35>(黛雅)</size>","<size=35>캐릭터 보이스</size>
<font=""JP/ipaexg SDF"">西瓜すいか</font> <size=35>(사사야 아키호)</size>

<font=""JP/ipaexg SDF"">砂糖しお</font> <size=35>(미나세 릿카)</size>

<font=""JP/ipaexg SDF"">梅原亜衣</font> <size=35>(세이토 엘레나)</size>

<font=""JP/ipaexg SDF"">海音ミヅチ</font> <size=35>(네코미야 케이)</size>

<font=""JP/ipaexg SDF"">藤村莉央</font> <size=35>(야쿠모 나유타)</size>

<font=""JP/ipaexg SDF"">来夢ふらん</font> <size=35>(사이온지 히스이)</size>

<font=""JP/ipaexg SDF"">手塚りょうこ</font> <size=35>(다이아몬드)</size>"
CreditRoll.FontHose,"<size=35>4x4極小かなフォント</size>
ホセ","<size=35>4x4極小かなフォント</size>
ホセ","<size=35>4x4極小かなフォント</size>
ホセ","<size=35>4x4極小かなフォント</size>
ホセ","<size=35>4x4極小かなフォント</size>
ホセ","<size=35>4x4極小かなフォント</size>
ホセ","<size=35>4x4極小かなフォント</size>
ホセ","<size=35>4x4極小かなフォント</size>
ホセ","<size=35>4x4極小かなフォント</size>
ホセ"
CreditRoll.FontRoundedM,"<size=35>自家製 Rounded M+</size>
自家製フォント工房","<size=35>自家製 Rounded M+</size>
自家製フォント工房","<size=35>自家製 Rounded M+</size>
自家製フォント工房","<size=35>自家製 Rounded M+</size>
自家製フォント工房","<size=35>自家製 Rounded M+</size>
自家製フォント工房","<size=35>自家製 Rounded M+</size>
自家製フォント工房","<size=35>自家製 Rounded M+</size>
自家製フォント工房","<size=35>自家製 Rounded M+</size>
自家製フォント工房","<size=35>自家製 Rounded M+</size>
自家製フォント工房"
CreditRoll.Audio,"<size=35>SE・BGM</size>
魔王魂
フシギ製作所
効果音ラボ
ユーフルカ
甘茶の音楽工房
OtoLogic","<size=35>SE・BGM</size>
魔王魂
フシギ製作所
効果音ラボ
ユーフルカ
甘茶の音楽工房
OtoLogic","<size=35>SE・BGM</size>
魔王魂
フシギ製作所
効果音ラボ
ユーフルカ
甘茶の音楽工房
OtoLogic","<size=35>SE・BGM</size>
魔王魂
フシギ製作所
効果音ラボ
ユーフルカ
甘茶の音楽工房
OtoLogic","<size=35>SE・BGM</size>
魔王魂
フシギ製作所
効果音ラボ
ユーフルカ
甘茶の音楽工房
OtoLogic","<size=35>SE・BGM</size>
魔王魂
フシギ製作所
効果音ラボ
ユーフルカ
甘茶の音楽工房
OtoLogic","<size=35>SE・BGM</size>
魔王魂
フシギ製作所
効果音ラボ
ユーフルカ
甘茶の音楽工房
OtoLogic","<size=35>SE・BGM</size>
魔王魂
フシギ製作所
効果音ラボ
ユーフルカ
甘茶の音楽工房
OtoLogic","<size=35>SE・BGM</size>
魔王魂
フシギ製作所
効果音ラボ
ユーフルカ
甘茶の音楽工房
OtoLogic"
CreditRoll.Publisher,"<size=35>パブリッシャー</size>
Mango Party","<size=35>Publisher</size>
Mango Party","<size=35>發行商</size>
Mango Party","<size=35>发行商</size>
Mango Party","<size=35>パブリッシャー</size>
Mango Party","<size=35>Publisher</size>
Mango Party","<size=35>發行商</size>
Mango Party","<size=35>发行商</size>
Mango Party","<size=35>퍼블리셔</size>
Mango Party"
CreditRoll.Anomano,"<size=45>イラスト、シナリオ</size>
あのまの","<size=45>Illustration, Script</size>
anomano","<size=45>CG, 劇情</size>
anomano","<size=45>CG, 剧情</size>
anomano","<size=45>イラスト、シナリオ</size>
あのまの","<size=45>Illustration, Script</size>
anomano","<size=45>CG, 劇情</size>
anomano","<size=45>CG, 剧情</size>
anomano","<size=45>CG, 시나리오</size>
anomano"
CreditRoll.Paku,"<size=45>プログラム</size>
Paku","<size=45>Programming</size>
Paku","<size=45>程序</size>
Paku","<size=45>程序</size>
Paku","<size=45>プログラム</size>
Paku","<size=45>Programming</size>
Paku","<size=45>程序</size>
Paku","<size=45>程序</size>
Paku","<size=45>프로그래밍</size>
Paku"